SAid,SSid,LEid,SArecordType,SAsequenceNumber,SAparentSequenceNumber,SAstratification,SAstratumName,SAspeciesCode,SAspeciesCodeFAO,SAstateOfProcessing,SApresentation,SAspecimensState,SAcatchCategory,SAlandingCategory,SAcommSizeCatScale,SAcommSizeCat,SAsex,SAexclusiveEconomicZoneIndicator,SAarea,SArectangle,SAgsaSubarea,SAjurisdictionArea,SAnationalFishingActivity,SAmetier5,SAmetier6,SAgear,SAmeshSize,SAselectionDevice,SAselectionDeviceMeshSize,SAunitType,SAtotalWeightLive,SAsampleWeightLive,SAnumberTotal,SAnumberSampled,SAselectionProb,SAinclusionProb,SAselectionMethod,SAunitName,SAlowerHierarchy,SAsampler,SAsampled,SAreasonNotSampledFM,SAreasonNotSampledBV,SAtotalWeightMeasured,SAsampleWeightMeasured,SAconversionFactorMeasLive
669288,118257,,SA,1,,N,U,107254,NEP,FRE,WHL,DeadOrZeroProbSurvival,Lan,,,,U,,,,NotApplicable,,,,,,,,,Box,,,1.0,1.0,1.0000000000000000,1.0000000000000000,CENSUS,1,D,Observer,N,,,308,308,1.000
669289,118258,,SA,10,,N,U,107254,NEP,FRE,WHL,DeadOrZeroProbSurvival,Lan,,,,U,,,,NotApplicable,,,,,,,,,Box,,,1.0,1.0,1.0000000000000000,1.0000000000000000,CENSUS,10,D,Observer,N,,,256,256,1.000
669290,118259,,SA,11,,N,U,107254,NEP,FRE,WHL,DeadOrZeroProbSurvival,Lan,,,,U,,,,NotApplicable,,,,,,,,,Box,,,1.0,1.0,1.0000000000000000,1.0000000000000000,CENSUS,11,D,Observer,N,,,252,252,1.000
669291,118260,,SA,12,,N,U,107254,NEP,FRE,WHL,DeadOrZeroProbSurvival,Lan,,,,U,,,,NotApplicable,,,,,,,,,Box,,,1.0,1.0,1.0000000000000000,1.0000000000000000,CENSUS,12,D,Observer,N,,,188,188,1.000
669292,118261,,SA,13,,N,U,107254,NEP,FRE,WHL,DeadOrZeroProbSurvival,Lan,,,,U,,,,NotApplicable,,,,,,,,,Box,,,1.0,1.0,1.0000000000000000,1.0000000000000000,CENSUS,13,D,Observer,N,,,300,300,1.000
669293,118262,,SA,14,,N,U,107254,NEP,FRE,WHL,DeadOrZeroProbSurvival,Lan,,,,U,,,,NotApplicable,,,,,,,,,Box,,,1.0,1.0,1.0000000000000000,1.0000000000000000,CENSUS,14,D,Observer,N,,,288,288,1.000
669294,118263,,SA,15,,N,U,107254,NEP,FRE,WHL,DeadOrZeroProbSurvival,Lan,,,,U,,,,NotApplicable,,,,,,,,,Box,,,1.0,1.0,1.0000000000000000,1.0000000000000000,CENSUS,15,D,Observer,N,,,344,344,1.000
669295,118264,,SA,16,,N,U,107254,NEP,FRE,WHL,DeadOrZeroProbSurvival,Lan,,,,U,,,,NotApplicable,,,,,,,,,Box,,,1.0,1.0,1.0000000000000000,1.0000000000000000,CENSUS,16,D,Observer,N,,,364,364,1.000
669296,118265,,SA,17,,N,U,107254,NEP,FRE,WHL,DeadOrZeroProbSurvival,Lan,,,,U,,,,NotApplicable,,,,,,,,,Box,,,1.0,1.0,1.0000000000000000,1.0000000000000000,CENSUS,17,D,Observer,N,,,268,268,1.000
669297,118266,,SA,18,,N,U,107254,NEP,FRE,WHL,DeadOrZeroProbSurvival,Lan,,,,U,,,,NotApplicable,,,,,,,,,Box,,,1.0,1.0,1.0000000000000000,1.0000000000000000,CENSUS,18,D,Observer,N,,,192,192,1.000
669298,118267,,SA,19,,N,U,107254,NEP,FRE,WHL,DeadOrZeroProbSurvival,Lan,,,,U,,,,NotApplicable,,,,,,,,,Box,,,1.0,1.0,1.0000000000000000,1.0000000000000000,CENSUS,19,D,Observer,N,,,328,328,1.000
669299,118268,,SA,2,,N,U,107254,NEP,FRE,WHL,DeadOrZeroProbSurvival,Lan,,,,U,,,,NotApplicable,,,,,,,,,Box,,,1.0,1.0,1.0000000000000000,1.0000000000000000,CENSUS,2,D,Observer,N,,,260,260,1.000
669300,118269,,SA,20,,N,U,107254,NEP,FRE,WHL,DeadOrZeroProbSurvival,Lan,,,,U,,,,NotApplicable,,,,,,,,,Box,,,1.0,1.0,1.0000000000000000,1.0000000000000000,CENSUS,20,D,Observer,N,,,320,320,1.000
669301,118270,,SA,3,,N,U,107254,NEP,FRE,WHL,DeadOrZeroProbSurvival,Lan,,,,U,,,,NotApplicable,,,,,,,,,Box,,,1.0,1.0,1.0000000000000000,1.0000000000000000,CENSUS,3,D,Observer,N,,,344,344,1.000
669302,118271,,SA,4,,N,U,107254,NEP,FRE,WHL,DeadOrZeroProbSurvival,Lan,,,,U,,,,NotApplicable,,,,,,,,,Box,,,1.0,1.0,1.0000000000000000,1.0000000000000000,CENSUS,4,D,Observer,N,,,304,304,1.000
669303,118272,,SA,5,,N,U,107254,NEP,FRE,WHL,DeadOrZeroProbSurvival,Lan,,,,U,,,,NotApplicable,,,,,,,,,Box,,,1.0,1.0,1.0000000000000000,1.0000000000000000,CENSUS,5,D,Observer,N,,,236,236,1.000
669304,118273,,SA,6,,N,U,107254,NEP,FRE,WHL,DeadOrZeroProbSurvival,Lan,,,,U,,,,NotApplicable,,,,,,,,,Box,,,1.0,1.0,1.0000000000000000,1.0000000000000000,CENSUS,6,D,Observer,N,,,304,304,1.000
669305,118274,,SA,7,,N,U,107254,NEP,FRE,WHL,DeadOrZeroProbSurvival,Lan,,,,U,,,,NotApplicable,,,,,,,,,Box,,,1.0,1.0,1.0000000000000000,1.0000000000000000,CENSUS,7,D,Observer,N,,,328,328,1.000
669306,118275,,SA,8,,N,U,107254,NEP,FRE,WHL,DeadOrZeroProbSurvival,Lan,,,,U,,,,NotApplicable,,,,,,,,,Box,,,1.0,1.0,1.0000000000000000,1.0000000000000000,CENSUS,8,D,Observer,N,,,268,268,1.000
669307,118276,,SA,9,,N,U,107254,NEP,FRE,WHL,DeadOrZeroProbSurvival,Lan,,,,U,,,,NotApplicable,,,,,,,,,Box,,,1.0,1.0,1.0000000000000000,1.0000000000000000,CENSUS,9,D,Observer,N,,,200,200,1.000
