SSid,LEid,FOid,TEid,FTid,SLid,OSid,SSrecordType,SSsequenceNumber,SSstratification,SSstratumName,SSclustering,SSclusterName,SSobservationActivityType,SScatchFraction,SSobservationType,SSsampler,SSspeciesListName,SSuseForCalculateZero,SStimeTotal,SStimeSampled,SSnumberTotal,SSnumberSampled,SSselectionProb,SSinclusionProb,SSselectionMethod,SSunitName,SSselectionMethodCluster,SSnumberTotalClusters,SSnumberSampledClusters,SSselectionProbCluster,SSinclusionProbCluster,SSsampled,SSreasonNotSampled
118257,,77793,,,31833,,SS,1,N,U,N,U,Sort,Lan,Volume,Observer,Pckg_SDAResources_gpa_H1,N,,,1,1,1.0000000000000000,1.0000000000000000,CENSUS,1,,,,,,Y,
118258,,77794,,,31833,,SS,10,N,U,N,U,Sort,Lan,Volume,Observer,Pckg_SDAResources_gpa_H1,N,,,1,1,1.0000000000000000,1.0000000000000000,CENSUS,10,,,,,,Y,
118259,,77795,,,31833,,SS,11,N,U,N,U,Sort,Lan,Volume,Observer,Pckg_SDAResources_gpa_H1,N,,,1,1,1.0000000000000000,1.0000000000000000,CENSUS,11,,,,,,Y,
118260,,77796,,,31833,,SS,12,N,U,N,U,Sort,Lan,Volume,Observer,Pckg_SDAResources_gpa_H1,N,,,1,1,1.0000000000000000,1.0000000000000000,CENSUS,12,,,,,,Y,
118261,,77797,,,31833,,SS,13,N,U,N,U,Sort,Lan,Volume,Observer,Pckg_SDAResources_gpa_H1,N,,,1,1,1.0000000000000000,1.0000000000000000,CENSUS,13,,,,,,Y,
118262,,77798,,,31833,,SS,14,N,U,N,U,Sort,Lan,Volume,Observer,Pckg_SDAResources_gpa_H1,N,,,1,1,1.0000000000000000,1.0000000000000000,CENSUS,14,,,,,,Y,
118263,,77799,,,31833,,SS,15,N,U,N,U,Sort,Lan,Volume,Observer,Pckg_SDAResources_gpa_H1,N,,,1,1,1.0000000000000000,1.0000000000000000,CENSUS,15,,,,,,Y,
118264,,77800,,,31833,,SS,16,N,U,N,U,Sort,Lan,Volume,Observer,Pckg_SDAResources_gpa_H1,N,,,1,1,1.0000000000000000,1.0000000000000000,CENSUS,16,,,,,,Y,
118265,,77801,,,31833,,SS,17,N,U,N,U,Sort,Lan,Volume,Observer,Pckg_SDAResources_gpa_H1,N,,,1,1,1.0000000000000000,1.0000000000000000,CENSUS,17,,,,,,Y,
118266,,77802,,,31833,,SS,18,N,U,N,U,Sort,Lan,Volume,Observer,Pckg_SDAResources_gpa_H1,N,,,1,1,1.0000000000000000,1.0000000000000000,CENSUS,18,,,,,,Y,
118267,,77803,,,31833,,SS,19,N,U,N,U,Sort,Lan,Volume,Observer,Pckg_SDAResources_gpa_H1,N,,,1,1,1.0000000000000000,1.0000000000000000,CENSUS,19,,,,,,Y,
118268,,77804,,,31833,,SS,2,N,U,N,U,Sort,Lan,Volume,Observer,Pckg_SDAResources_gpa_H1,N,,,1,1,1.0000000000000000,1.0000000000000000,CENSUS,2,,,,,,Y,
118269,,77805,,,31833,,SS,20,N,U,N,U,Sort,Lan,Volume,Observer,Pckg_SDAResources_gpa_H1,N,,,1,1,1.0000000000000000,1.0000000000000000,CENSUS,20,,,,,,Y,
118270,,77806,,,31833,,SS,3,N,U,N,U,Sort,Lan,Volume,Observer,Pckg_SDAResources_gpa_H1,N,,,1,1,1.0000000000000000,1.0000000000000000,CENSUS,3,,,,,,Y,
118271,,77807,,,31833,,SS,4,N,U,N,U,Sort,Lan,Volume,Observer,Pckg_SDAResources_gpa_H1,N,,,1,1,1.0000000000000000,1.0000000000000000,CENSUS,4,,,,,,Y,
118272,,77808,,,31833,,SS,5,N,U,N,U,Sort,Lan,Volume,Observer,Pckg_SDAResources_gpa_H1,N,,,1,1,1.0000000000000000,1.0000000000000000,CENSUS,5,,,,,,Y,
118273,,77809,,,31833,,SS,6,N,U,N,U,Sort,Lan,Volume,Observer,Pckg_SDAResources_gpa_H1,N,,,1,1,1.0000000000000000,1.0000000000000000,CENSUS,6,,,,,,Y,
118274,,77810,,,31833,,SS,7,N,U,N,U,Sort,Lan,Volume,Observer,Pckg_SDAResources_gpa_H1,N,,,1,1,1.0000000000000000,1.0000000000000000,CENSUS,7,,,,,,Y,
118275,,77811,,,31833,,SS,8,N,U,N,U,Sort,Lan,Volume,Observer,Pckg_SDAResources_gpa_H1,N,,,1,1,1.0000000000000000,1.0000000000000000,CENSUS,8,,,,,,Y,
118276,,77812,,,31833,,SS,9,N,U,N,U,Sort,Lan,Volume,Observer,Pckg_SDAResources_gpa_H1,N,,,1,1,1.0000000000000000,1.0000000000000000,CENSUS,9,,,,,,Y,
