FTid,OSid,VSid,VDid,SDid,FOid,TEid,FTrecordType,FTencryptedVesselCode,FTsequenceNumber,FTstratification,FTstratumName,FTclustering,FTclusterName,FTsampler,FTsamplingType,FTnumberOfHaulsOrSets,FTdepartureLocation,FTdepartureDate,FTdepartureTime,FTarrivalLocation,FTarrivalDate,FTarrivalTime,FTnumberTotal,FTnumberSampled,FTselectionProb,FTinclusionProb,FTselectionMethod,FTunitName,FTselectionMethodCluster,FTnumberTotalClusters,FTnumberSampledClusters,FTselectionProbCluster,FTinclusionProbCluster,FTsampled,FTreasonNotSampled
73996,,67172,414227,,,,FT,26820,1,N,U,N,U,Observer,AtSea,1,ZWHWN,1968-01-01,,ZWHWN,1968-01-01,,1,1,1.0000000000000000,1.0000000000000000,CENSUS,1,,,,,,Y,
73997,,67173,414236,,,,FT,32376,10,N,U,N,U,Observer,AtSea,1,ZWHWN,1968-01-10,,ZWHWN,1968-01-10,,1,1,1.0000000000000000,1.0000000000000000,CENSUS,10,,,,,,Y,
73998,,67174,414237,,,,FT,31356,11,N,U,N,U,Observer,AtSea,1,ZWHWN,1968-01-11,,ZWHWN,1968-01-11,,1,1,1.0000000000000000,1.0000000000000000,CENSUS,11,,,,,,Y,
73999,,67175,414238,,,,FT,17418,12,N,U,N,U,Observer,AtSea,1,ZWHWN,1968-01-12,,ZWHWN,1968-01-12,,1,1,1.0000000000000000,1.0000000000000000,CENSUS,12,,,,,,Y,
74000,,67176,414239,,,,FT,50358,13,N,U,N,U,Observer,AtSea,1,ZWHWN,1968-01-13,,ZWHWN,1968-01-13,,1,1,1.0000000000000000,1.0000000000000000,CENSUS,13,,,,,,Y,
74001,,67177,414240,,,,FT,51358,14,N,U,N,U,Observer,AtSea,1,ZWHWN,1968-01-14,,ZWHWN,1968-01-14,,1,1,1.0000000000000000,1.0000000000000000,CENSUS,14,,,,,,Y,
74002,,67178,414241,,,,FT,51168,15,N,U,N,U,Observer,AtSea,1,ZWHWN,1968-01-15,,ZWHWN,1968-01-15,,1,1,1.0000000000000000,1.0000000000000000,CENSUS,15,,,,,,Y,
74003,,67179,414242,,,,FT,52004,16,N,U,N,U,Observer,AtSea,1,ZWHWN,1968-01-16,,ZWHWN,1968-01-16,,1,1,1.0000000000000000,1.0000000000000000,CENSUS,16,,,,,,Y,
74004,,67180,414243,,,,FT,38728,17,N,U,N,U,Observer,AtSea,1,ZWHWN,1968-01-17,,ZWHWN,1968-01-17,,1,1,1.0000000000000000,1.0000000000000000,CENSUS,17,,,,,,Y,
74005,,67181,414244,,,,FT,34008,18,N,U,N,U,Observer,AtSea,1,ZWHWN,1968-01-18,,ZWHWN,1968-01-18,,1,1,1.0000000000000000,1.0000000000000000,CENSUS,18,,,,,,Y,
74006,,67182,414245,,,,FT,23088,19,N,U,N,U,Observer,AtSea,1,ZWHWN,1968-01-19,,ZWHWN,1968-01-19,,1,1,1.0000000000000000,1.0000000000000000,CENSUS,19,,,,,,Y,
74007,,67183,414228,,,,FT,43412,2,N,U,N,U,Observer,AtSea,1,ZWHWN,1968-01-02,,ZWHWN,1968-01-02,,1,1,1.0000000000000000,1.0000000000000000,CENSUS,2,,,,,,Y,
74008,,67184,414246,,,,FT,50348,20,N,U,N,U,Observer,AtSea,1,ZWHWN,1968-01-20,,ZWHWN,1968-01-20,,1,1,1.0000000000000000,1.0000000000000000,CENSUS,20,,,,,,Y,
74009,,67185,414229,,,,FT,42060,3,N,U,N,U,Observer,AtSea,1,ZWHWN,1968-01-03,,ZWHWN,1968-01-03,,1,1,1.0000000000000000,1.0000000000000000,CENSUS,3,,,,,,Y,
74010,,67186,414230,,,,FT,46770,4,N,U,N,U,Observer,AtSea,1,ZWHWN,1968-01-04,,ZWHWN,1968-01-04,,1,1,1.0000000000000000,1.0000000000000000,CENSUS,4,,,,,,Y,
74011,,67187,414231,,,,FT,50796,5,N,U,N,U,Observer,AtSea,1,ZWHWN,1968-01-05,,ZWHWN,1968-01-05,,1,1,1.0000000000000000,1.0000000000000000,CENSUS,5,,,,,,Y,
74012,,67188,414232,,,,FT,43048,6,N,U,N,U,Observer,AtSea,1,ZWHWN,1968-01-06,,ZWHWN,1968-01-06,,1,1,1.0000000000000000,1.0000000000000000,CENSUS,6,,,,,,Y,
74013,,67189,414233,,,,FT,50708,7,N,U,N,U,Observer,AtSea,1,ZWHWN,1968-01-07,,ZWHWN,1968-01-07,,1,1,1.0000000000000000,1.0000000000000000,CENSUS,7,,,,,,Y,
74014,,67190,414234,,,,FT,50654,8,N,U,N,U,Observer,AtSea,1,ZWHWN,1968-01-08,,ZWHWN,1968-01-08,,1,1,1.0000000000000000,1.0000000000000000,CENSUS,8,,,,,,Y,
74015,,67191,414235,,,,FT,51104,9,N,U,N,U,Observer,AtSea,1,ZWHWN,1968-01-09,,ZWHWN,1968-01-09,,1,1,1.0000000000000000,1.0000000000000000,CENSUS,9,,,,,,Y,
