FOid,FTid,SDid,FOrecordType,FOstratification,FOsequenceNumber,FOstratumName,FOclustering,FOclusterName,FOsampler,FOaggregationLevel,FOvalidity,FOcatchReg,FOstartDate,FOstartTime,FOendDate,FOendTime,FOduration,FOdurationSource,FOhandlingTime,FOstartLat,FOstartLon,FOstopLat,FOstopLon,FOexclusiveEconomicZoneIndicator,FOarea,FOrectangle,FOgsaSubarea,FOjurisdictionArea,FOfishingDepth,FOwaterDepth,FOnationalFishingActivity,FOmetier5,FOmetier6,FOgear,FOmeshSize,FOselectionDevice,FOselectionDeviceMeshSize,FOtargetSpecies,FOincidentalByCatchMitigationDeviceFirst,FOincidentalByCatchMitigationDeviceTargetFirst,FOincidentalByCatchMitigationDeviceSecond,FOincidentalByCatchMitigationDeviceTargetSecond,FOgearDimensions,FOobservationCode,FOnumberTotal,FOnumberSampled,FOselectionProb,FOinclusionProb,FOselectionMethod,FOunitName,FOselectionMethodCluster,FOnumberTotalClusters,FOnumberSampledClusters,FOselectionProbCluster,FOinclusionProbCluster,FOsampled,FOreasonNotSampled
77793,73996,,FO,N,1,U,N,U,Observer,H,V,Lan,1968-01-01,,1968-01-01,,60,Crew,,,,,,,27.3.a.21,,NotApplicable,,,,,,OTT_CRU_70-89_2_35,OTT,,,,,NotRecorded,NotApplicable,NotRecorded,NotApplicable,,So,1,1,1.0000000000000000,1.0000000000000000,CENSUS,1,,,,,,Y,
77794,73997,,FO,N,10,U,N,U,Observer,H,V,Lan,1968-01-10,,1968-01-10,,60,Crew,,,,,,,27.3.a.21,,NotApplicable,,,,,,OTT_CRU_70-89_2_35,OTT,,,,,NotRecorded,NotApplicable,NotRecorded,NotApplicable,,So,1,1,1.0000000000000000,1.0000000000000000,CENSUS,10,,,,,,Y,
77795,73998,,FO,N,11,U,N,U,Observer,H,V,Lan,1968-01-11,,1968-01-11,,60,Crew,,,,,,,27.3.a.21,,NotApplicable,,,,,,OTT_CRU_70-89_2_35,OTT,,,,,NotRecorded,NotApplicable,NotRecorded,NotApplicable,,So,1,1,1.0000000000000000,1.0000000000000000,CENSUS,11,,,,,,Y,
77796,73999,,FO,N,12,U,N,U,Observer,H,V,Lan,1968-01-12,,1968-01-12,,60,Crew,,,,,,,27.3.a.21,,NotApplicable,,,,,,OTT_CRU_70-89_2_35,OTT,,,,,NotRecorded,NotApplicable,NotRecorded,NotApplicable,,So,1,1,1.0000000000000000,1.0000000000000000,CENSUS,12,,,,,,Y,
77797,74000,,FO,N,13,U,N,U,Observer,H,V,Lan,1968-01-13,,1968-01-13,,60,Crew,,,,,,,27.3.a.21,,NotApplicable,,,,,,OTT_CRU_70-89_2_35,OTT,,,,,NotRecorded,NotApplicable,NotRecorded,NotApplicable,,So,1,1,1.0000000000000000,1.0000000000000000,CENSUS,13,,,,,,Y,
77798,74001,,FO,N,14,U,N,U,Observer,H,V,Lan,1968-01-14,,1968-01-14,,60,Crew,,,,,,,27.3.a.21,,NotApplicable,,,,,,OTT_CRU_70-89_2_35,OTT,,,,,NotRecorded,NotApplicable,NotRecorded,NotApplicable,,So,1,1,1.0000000000000000,1.0000000000000000,CENSUS,14,,,,,,Y,
77799,74002,,FO,N,15,U,N,U,Observer,H,V,Lan,1968-01-15,,1968-01-15,,60,Crew,,,,,,,27.3.a.21,,NotApplicable,,,,,,OTT_CRU_70-89_2_35,OTT,,,,,NotRecorded,NotApplicable,NotRecorded,NotApplicable,,So,1,1,1.0000000000000000,1.0000000000000000,CENSUS,15,,,,,,Y,
77800,74003,,FO,N,16,U,N,U,Observer,H,V,Lan,1968-01-16,,1968-01-16,,60,Crew,,,,,,,27.3.a.21,,NotApplicable,,,,,,OTT_CRU_70-89_2_35,OTT,,,,,NotRecorded,NotApplicable,NotRecorded,NotApplicable,,So,1,1,1.0000000000000000,1.0000000000000000,CENSUS,16,,,,,,Y,
77801,74004,,FO,N,17,U,N,U,Observer,H,V,Lan,1968-01-17,,1968-01-17,,60,Crew,,,,,,,27.3.a.21,,NotApplicable,,,,,,OTT_CRU_70-89_2_35,OTT,,,,,NotRecorded,NotApplicable,NotRecorded,NotApplicable,,So,1,1,1.0000000000000000,1.0000000000000000,CENSUS,17,,,,,,Y,
77802,74005,,FO,N,18,U,N,U,Observer,H,V,Lan,1968-01-18,,1968-01-18,,60,Crew,,,,,,,27.3.a.21,,NotApplicable,,,,,,OTT_CRU_70-89_2_35,OTT,,,,,NotRecorded,NotApplicable,NotRecorded,NotApplicable,,So,1,1,1.0000000000000000,1.0000000000000000,CENSUS,18,,,,,,Y,
77803,74006,,FO,N,19,U,N,U,Observer,H,V,Lan,1968-01-19,,1968-01-19,,60,Crew,,,,,,,27.3.a.21,,NotApplicable,,,,,,OTT_CRU_70-89_2_35,OTT,,,,,NotRecorded,NotApplicable,NotRecorded,NotApplicable,,So,1,1,1.0000000000000000,1.0000000000000000,CENSUS,19,,,,,,Y,
77804,74007,,FO,N,2,U,N,U,Observer,H,V,Lan,1968-01-02,,1968-01-02,,60,Crew,,,,,,,27.3.a.21,,NotApplicable,,,,,,OTT_CRU_70-89_2_35,OTT,,,,,NotRecorded,NotApplicable,NotRecorded,NotApplicable,,So,1,1,1.0000000000000000,1.0000000000000000,CENSUS,2,,,,,,Y,
77805,74008,,FO,N,20,U,N,U,Observer,H,V,Lan,1968-01-20,,1968-01-20,,60,Crew,,,,,,,27.3.a.21,,NotApplicable,,,,,,OTT_CRU_70-89_2_35,OTT,,,,,NotRecorded,NotApplicable,NotRecorded,NotApplicable,,So,1,1,1.0000000000000000,1.0000000000000000,CENSUS,20,,,,,,Y,
77806,74009,,FO,N,3,U,N,U,Observer,H,V,Lan,1968-01-03,,1968-01-03,,60,Crew,,,,,,,27.3.a.21,,NotApplicable,,,,,,OTT_CRU_70-89_2_35,OTT,,,,,NotRecorded,NotApplicable,NotRecorded,NotApplicable,,So,1,1,1.0000000000000000,1.0000000000000000,CENSUS,3,,,,,,Y,
77807,74010,,FO,N,4,U,N,U,Observer,H,V,Lan,1968-01-04,,1968-01-04,,60,Crew,,,,,,,27.3.a.21,,NotApplicable,,,,,,OTT_CRU_70-89_2_35,OTT,,,,,NotRecorded,NotApplicable,NotRecorded,NotApplicable,,So,1,1,1.0000000000000000,1.0000000000000000,CENSUS,4,,,,,,Y,
77808,74011,,FO,N,5,U,N,U,Observer,H,V,Lan,1968-01-05,,1968-01-05,,60,Crew,,,,,,,27.3.a.21,,NotApplicable,,,,,,OTT_CRU_70-89_2_35,OTT,,,,,NotRecorded,NotApplicable,NotRecorded,NotApplicable,,So,1,1,1.0000000000000000,1.0000000000000000,CENSUS,5,,,,,,Y,
77809,74012,,FO,N,6,U,N,U,Observer,H,V,Lan,1968-01-06,,1968-01-06,,60,Crew,,,,,,,27.3.a.21,,NotApplicable,,,,,,OTT_CRU_70-89_2_35,OTT,,,,,NotRecorded,NotApplicable,NotRecorded,NotApplicable,,So,1,1,1.0000000000000000,1.0000000000000000,CENSUS,6,,,,,,Y,
77810,74013,,FO,N,7,U,N,U,Observer,H,V,Lan,1968-01-07,,1968-01-07,,60,Crew,,,,,,,27.3.a.21,,NotApplicable,,,,,,OTT_CRU_70-89_2_35,OTT,,,,,NotRecorded,NotApplicable,NotRecorded,NotApplicable,,So,1,1,1.0000000000000000,1.0000000000000000,CENSUS,7,,,,,,Y,
77811,74014,,FO,N,8,U,N,U,Observer,H,V,Lan,1968-01-08,,1968-01-08,,60,Crew,,,,,,,27.3.a.21,,NotApplicable,,,,,,OTT_CRU_70-89_2_35,OTT,,,,,NotRecorded,NotApplicable,NotRecorded,NotApplicable,,So,1,1,1.0000000000000000,1.0000000000000000,CENSUS,8,,,,,,Y,
77812,74015,,FO,N,9,U,N,U,Observer,H,V,Lan,1968-01-09,,1968-01-09,,60,Crew,,,,,,,27.3.a.21,,NotApplicable,,,,,,OTT_CRU_70-89_2_35,OTT,,,,,NotRecorded,NotApplicable,NotRecorded,NotApplicable,,So,1,1,1.0000000000000000,1.0000000000000000,CENSUS,9,,,,,,Y,
