SLid,SLrecordType,SLcountry,SLinstitute,SLspeciesListName,SLyear,SLcatchFraction,SLcommercialTaxon,SLspeciesCode
31266,SL,ZW,1340,testString19,1968,Lan,137183,159035
31268,SL,ZW,1574,testString19,1968,Dis,321911,156451
31829,SL,ZW,4484,WGRDBES-EST_TEST_Pckg_Survey_data_apistrat_H1,1968,Lan,107254,107254
31830,SL,ZW,4484,WGRDBES-EST_TEST_Pckg_SDAResources_agstrat_H1,1968,Lan,107254,107254
31831,SL,ZW,4484,Pckg_SDAResources_agstrat_H1,1968,Lan,107254,107254
31832,SL,ZW,4484,Pckg_SDAResources_agsrs_H1,1968,Lan,107254,107254
31833,SL,ZW,4484,Pckg_SDAResources_gpa_H1,1968,Lan,107254,107254
