SAid,SSid,LEid,SArecordType,SAsequenceNumber,SAparentSequenceNumber,SAstratification,SAstratumName,SAspeciesCode,SAspeciesCodeFAO,SAstateOfProcessing,SApresentation,SAspecimensState,SAcatchCategory,SAlandingCategory,SAcommSizeCatScale,SAcommSizeCat,SAsex,SAexclusiveEconomicZoneIndicator,SAarea,SArectangle,SAgsaSubarea,SAjurisdictionArea,SAnationalFishingActivity,SAmetier5,SAmetier6,SAgear,SAmeshSize,SAselectionDevice,SAselectionDeviceMeshSize,SAunitType,SAtotalWeightLive,SAsampleWeightLive,SAnumberTotal,SAnumberSampled,SAselectionProb,SAinclusionProb,SAselectionMethod,SAunitName,SAlowerHierarchy,SAsampler,SAsampled,SAreasonNotSampledFM,SAreasonNotSampledBV,SAtotalWeightMeasured,SAsampleWeightMeasured,SAconversionFactorMeasLive
668088,117057,,SA,1,,N,U,107254,NEP,FRE,WHL,DeadOrZeroProbSurvival,Lan,,,,U,,,,NotApplicable,,,,,,,,,Box,,,1.0,1.0,1.0000000000000000,1.0000000000000000,CENSUS,1,D,Observer,N,,,297326,297326,1.000
668089,117058,,SA,10,,N,U,107254,NEP,FRE,WHL,DeadOrZeroProbSurvival,Lan,,,,U,,,,NotApplicable,,,,,,,,,Box,,,1.0,1.0,1.0000000000000000,1.0000000000000000,CENSUS,10,D,Observer,N,,,535359,535359,1.000
668090,117059,,SA,100,,N,U,107254,NEP,FRE,WHL,DeadOrZeroProbSurvival,Lan,,,,U,,,,NotApplicable,,,,,,,,,Box,,,1.0,1.0,1.0000000000000000,1.0000000000000000,CENSUS,100,D,Observer,N,,,182572,182572,1.000
668091,117060,,SA,101,,N,U,107254,NEP,FRE,WHL,DeadOrZeroProbSurvival,Lan,,,,U,,,,NotApplicable,,,,,,,,,Box,,,1.0,1.0,1.0000000000000000,1.0000000000000000,CENSUS,101,D,Observer,N,,,592207,592207,1.000
668092,117061,,SA,102,,N,U,107254,NEP,FRE,WHL,DeadOrZeroProbSurvival,Lan,,,,U,,,,NotApplicable,,,,,,,,,Box,,,1.0,1.0,1.0000000000000000,1.0000000000000000,CENSUS,102,D,Observer,N,,,296164,296164,1.000
668093,117062,,SA,103,,N,U,107254,NEP,FRE,WHL,DeadOrZeroProbSurvival,Lan,,,,U,,,,NotApplicable,,,,,,,,,Box,,,1.0,1.0,1.0000000000000000,1.0000000000000000,CENSUS,103,D,Observer,N,,,296016,296016,1.000
668094,117063,,SA,104,,N,U,107254,NEP,FRE,WHL,DeadOrZeroProbSurvival,Lan,,,,U,,,,NotApplicable,,,,,,,,,Box,,,1.0,1.0,1.0000000000000000,1.0000000000000000,CENSUS,104,D,Observer,N,,,176643,176643,1.000
668095,117064,,SA,105,,N,U,107254,NEP,FRE,WHL,DeadOrZeroProbSurvival,Lan,,,,U,,,,NotApplicable,,,,,,,,,Box,,,1.0,1.0,1.0000000000000000,1.0000000000000000,CENSUS,105,D,Observer,N,,,112334,112334,1.000
668096,117065,,SA,106,,N,U,107254,NEP,FRE,WHL,DeadOrZeroProbSurvival,Lan,,,,U,,,,NotApplicable,,,,,,,,,Box,,,1.0,1.0,1.0000000000000000,1.0000000000000000,CENSUS,106,D,Observer,N,,,41347,41347,1.000
668097,117066,,SA,107,,N,U,107254,NEP,FRE,WHL,DeadOrZeroProbSurvival,Lan,,,,U,,,,NotApplicable,,,,,,,,,Box,,,1.0,1.0,1.0000000000000000,1.0000000000000000,CENSUS,107,D,Observer,N,,,65987,65987,1.000
668098,117067,,SA,108,,N,U,107254,NEP,FRE,WHL,DeadOrZeroProbSurvival,Lan,,,,U,,,,NotApplicable,,,,,,,,,Box,,,1.0,1.0,1.0000000000000000,1.0000000000000000,CENSUS,108,D,Observer,N,,,53893,53893,1.000
668099,117068,,SA,109,,N,U,107254,NEP,FRE,WHL,DeadOrZeroProbSurvival,Lan,,,,U,,,,NotApplicable,,,,,,,,,Box,,,1.0,1.0,1.0000000000000000,1.0000000000000000,CENSUS,109,D,Observer,N,,,88982,88982,1.000
668100,117069,,SA,11,,N,U,107254,NEP,FRE,WHL,DeadOrZeroProbSurvival,Lan,,,,U,,,,NotApplicable,,,,,,,,,Box,,,1.0,1.0,1.0000000000000000,1.0000000000000000,CENSUS,11,D,Observer,N,,,402310,402310,1.000
668101,117070,,SA,110,,N,U,107254,NEP,FRE,WHL,DeadOrZeroProbSurvival,Lan,,,,U,,,,NotApplicable,,,,,,,,,Box,,,1.0,1.0,1.0000000000000000,1.0000000000000000,CENSUS,110,D,Observer,N,,,17710,17710,1.000
668102,117071,,SA,111,,N,U,107254,NEP,FRE,WHL,DeadOrZeroProbSurvival,Lan,,,,U,,,,NotApplicable,,,,,,,,,Box,,,1.0,1.0,1.0000000000000000,1.0000000000000000,CENSUS,111,D,Observer,N,,,72247,72247,1.000
668103,117072,,SA,112,,N,U,107254,NEP,FRE,WHL,DeadOrZeroProbSurvival,Lan,,,,U,,,,NotApplicable,,,,,,,,,Box,,,1.0,1.0,1.0000000000000000,1.0000000000000000,CENSUS,112,D,Observer,N,,,20777,20777,1.000
668104,117073,,SA,113,,N,U,107254,NEP,FRE,WHL,DeadOrZeroProbSurvival,Lan,,,,U,,,,NotApplicable,,,,,,,,,Box,,,1.0,1.0,1.0000000000000000,1.0000000000000000,CENSUS,113,D,Observer,N,,,158392,158392,1.000
668105,117074,,SA,114,,N,U,107254,NEP,FRE,WHL,DeadOrZeroProbSurvival,Lan,,,,U,,,,NotApplicable,,,,,,,,,Box,,,1.0,1.0,1.0000000000000000,1.0000000000000000,CENSUS,114,D,Observer,N,,,396721,396721,1.000
668106,117075,,SA,115,,N,U,107254,NEP,FRE,WHL,DeadOrZeroProbSurvival,Lan,,,,U,,,,NotApplicable,,,,,,,,,Box,,,1.0,1.0,1.0000000000000000,1.0000000000000000,CENSUS,115,D,Observer,N,,,23915,23915,1.000
668107,117076,,SA,116,,N,U,107254,NEP,FRE,WHL,DeadOrZeroProbSurvival,Lan,,,,U,,,,NotApplicable,,,,,,,,,Box,,,1.0,1.0,1.0000000000000000,1.0000000000000000,CENSUS,116,D,Observer,N,,,141919,141919,1.000
668108,117077,,SA,117,,N,U,107254,NEP,FRE,WHL,DeadOrZeroProbSurvival,Lan,,,,U,,,,NotApplicable,,,,,,,,,Box,,,1.0,1.0,1.0000000000000000,1.0000000000000000,CENSUS,117,D,Observer,N,,,102024,102024,1.000
668109,117078,,SA,118,,N,U,107254,NEP,FRE,WHL,DeadOrZeroProbSurvival,Lan,,,,U,,,,NotApplicable,,,,,,,,,Box,,,1.0,1.0,1.0000000000000000,1.0000000000000000,CENSUS,118,D,Observer,N,,,192116,192116,1.000
668110,117079,,SA,119,,N,U,107254,NEP,FRE,WHL,DeadOrZeroProbSurvival,Lan,,,,U,,,,NotApplicable,,,,,,,,,Box,,,1.0,1.0,1.0000000000000000,1.0000000000000000,CENSUS,119,D,Observer,N,,,0,0,1.000
668111,117080,,SA,12,,N,U,107254,NEP,FRE,WHL,DeadOrZeroProbSurvival,Lan,,,,U,,,,NotApplicable,,,,,,,,,Box,,,1.0,1.0,1.0000000000000000,1.0000000000000000,CENSUS,12,D,Observer,N,,,238906,238906,1.000
668112,117081,,SA,120,,N,U,107254,NEP,FRE,WHL,DeadOrZeroProbSurvival,Lan,,,,U,,,,NotApplicable,,,,,,,,,Box,,,1.0,1.0,1.0000000000000000,1.0000000000000000,CENSUS,120,D,Observer,N,,,69643,69643,1.000
668113,117082,,SA,121,,N,U,107254,NEP,FRE,WHL,DeadOrZeroProbSurvival,Lan,,,,U,,,,NotApplicable,,,,,,,,,Box,,,1.0,1.0,1.0000000000000000,1.0000000000000000,CENSUS,121,D,Observer,N,,,63159,63159,1.000
668114,117083,,SA,122,,N,U,107254,NEP,FRE,WHL,DeadOrZeroProbSurvival,Lan,,,,U,,,,NotApplicable,,,,,,,,,Box,,,1.0,1.0,1.0000000000000000,1.0000000000000000,CENSUS,122,D,Observer,N,,,30613,30613,1.000
668115,117084,,SA,123,,N,U,107254,NEP,FRE,WHL,DeadOrZeroProbSurvival,Lan,,,,U,,,,NotApplicable,,,,,,,,,Box,,,1.0,1.0,1.0000000000000000,1.0000000000000000,CENSUS,123,D,Observer,N,,,138822,138822,1.000
668116,117085,,SA,124,,N,U,107254,NEP,FRE,WHL,DeadOrZeroProbSurvival,Lan,,,,U,,,,NotApplicable,,,,,,,,,Box,,,1.0,1.0,1.0000000000000000,1.0000000000000000,CENSUS,124,D,Observer,N,,,82982,82982,1.000
668117,117086,,SA,125,,N,U,107254,NEP,FRE,WHL,DeadOrZeroProbSurvival,Lan,,,,U,,,,NotApplicable,,,,,,,,,Box,,,1.0,1.0,1.0000000000000000,1.0000000000000000,CENSUS,125,D,Observer,N,,,432379,432379,1.000
668118,117087,,SA,126,,N,U,107254,NEP,FRE,WHL,DeadOrZeroProbSurvival,Lan,,,,U,,,,NotApplicable,,,,,,,,,Box,,,1.0,1.0,1.0000000000000000,1.0000000000000000,CENSUS,126,D,Observer,N,,,44599,44599,1.000
668119,117088,,SA,127,,N,U,107254,NEP,FRE,WHL,DeadOrZeroProbSurvival,Lan,,,,U,,,,NotApplicable,,,,,,,,,Box,,,1.0,1.0,1.0000000000000000,1.0000000000000000,CENSUS,127,D,Observer,N,,,346653,346653,1.000
668120,117089,,SA,128,,N,U,107254,NEP,FRE,WHL,DeadOrZeroProbSurvival,Lan,,,,U,,,,NotApplicable,,,,,,,,,Box,,,1.0,1.0,1.0000000000000000,1.0000000000000000,CENSUS,128,D,Observer,N,,,545666,545666,1.000
668121,117090,,SA,129,,N,U,107254,NEP,FRE,WHL,DeadOrZeroProbSurvival,Lan,,,,U,,,,NotApplicable,,,,,,,,,Box,,,1.0,1.0,1.0000000000000000,1.0000000000000000,CENSUS,129,D,Observer,N,,,250958,250958,1.000
668122,117091,,SA,13,,N,U,107254,NEP,FRE,WHL,DeadOrZeroProbSurvival,Lan,,,,U,,,,NotApplicable,,,,,,,,,Box,,,1.0,1.0,1.0000000000000000,1.0000000000000000,CENSUS,13,D,Observer,N,,,272049,272049,1.000
668123,117092,,SA,130,,N,U,107254,NEP,FRE,WHL,DeadOrZeroProbSurvival,Lan,,,,U,,,,NotApplicable,,,,,,,,,Box,,,1.0,1.0,1.0000000000000000,1.0000000000000000,CENSUS,130,D,Observer,N,,,173892,173892,1.000
668124,117093,,SA,131,,N,U,107254,NEP,FRE,WHL,DeadOrZeroProbSurvival,Lan,,,,U,,,,NotApplicable,,,,,,,,,Box,,,1.0,1.0,1.0000000000000000,1.0000000000000000,CENSUS,131,D,Observer,N,,,131353,131353,1.000
668125,117094,,SA,132,,N,U,107254,NEP,FRE,WHL,DeadOrZeroProbSurvival,Lan,,,,U,,,,NotApplicable,,,,,,,,,Box,,,1.0,1.0,1.0000000000000000,1.0000000000000000,CENSUS,132,D,Observer,N,,,24239,24239,1.000
668126,117095,,SA,133,,N,U,107254,NEP,FRE,WHL,DeadOrZeroProbSurvival,Lan,,,,U,,,,NotApplicable,,,,,,,,,Box,,,1.0,1.0,1.0000000000000000,1.0000000000000000,CENSUS,133,D,Observer,N,,,21975,21975,1.000
668127,117096,,SA,134,,N,U,107254,NEP,FRE,WHL,DeadOrZeroProbSurvival,Lan,,,,U,,,,NotApplicable,,,,,,,,,Box,,,1.0,1.0,1.0000000000000000,1.0000000000000000,CENSUS,134,D,Observer,N,,,138573,138573,1.000
668128,117097,,SA,135,,N,U,107254,NEP,FRE,WHL,DeadOrZeroProbSurvival,Lan,,,,U,,,,NotApplicable,,,,,,,,,Box,,,1.0,1.0,1.0000000000000000,1.0000000000000000,CENSUS,135,D,Observer,N,,,8518,8518,1.000
668129,117098,,SA,136,,N,U,107254,NEP,FRE,WHL,DeadOrZeroProbSurvival,Lan,,,,U,,,,NotApplicable,,,,,,,,,Box,,,1.0,1.0,1.0000000000000000,1.0000000000000000,CENSUS,136,D,Observer,N,,,179736,179736,1.000
668130,117099,,SA,137,,N,U,107254,NEP,FRE,WHL,DeadOrZeroProbSurvival,Lan,,,,U,,,,NotApplicable,,,,,,,,,Box,,,1.0,1.0,1.0000000000000000,1.0000000000000000,CENSUS,137,D,Observer,N,,,32093,32093,1.000
668131,117100,,SA,138,,N,U,107254,NEP,FRE,WHL,DeadOrZeroProbSurvival,Lan,,,,U,,,,NotApplicable,,,,,,,,,Box,,,1.0,1.0,1.0000000000000000,1.0000000000000000,CENSUS,138,D,Observer,N,,,151743,151743,1.000
668132,117101,,SA,139,,N,U,107254,NEP,FRE,WHL,DeadOrZeroProbSurvival,Lan,,,,U,,,,NotApplicable,,,,,,,,,Box,,,1.0,1.0,1.0000000000000000,1.0000000000000000,CENSUS,139,D,Observer,N,,,186297,186297,1.000
668133,117102,,SA,14,,N,U,107254,NEP,FRE,WHL,DeadOrZeroProbSurvival,Lan,,,,U,,,,NotApplicable,,,,,,,,,Box,,,1.0,1.0,1.0000000000000000,1.0000000000000000,CENSUS,14,D,Observer,N,,,302849,302849,1.000
668134,117103,,SA,140,,N,U,107254,NEP,FRE,WHL,DeadOrZeroProbSurvival,Lan,,,,U,,,,NotApplicable,,,,,,,,,Box,,,1.0,1.0,1.0000000000000000,1.0000000000000000,CENSUS,140,D,Observer,N,,,560355,560355,1.000
668135,117104,,SA,141,,N,U,107254,NEP,FRE,WHL,DeadOrZeroProbSurvival,Lan,,,,U,,,,NotApplicable,,,,,,,,,Box,,,1.0,1.0,1.0000000000000000,1.0000000000000000,CENSUS,141,D,Observer,N,,,835337,835337,1.000
668136,117105,,SA,142,,N,U,107254,NEP,FRE,WHL,DeadOrZeroProbSurvival,Lan,,,,U,,,,NotApplicable,,,,,,,,,Box,,,1.0,1.0,1.0000000000000000,1.0000000000000000,CENSUS,142,D,Observer,N,,,82470,82470,1.000
668137,117106,,SA,143,,N,U,107254,NEP,FRE,WHL,DeadOrZeroProbSurvival,Lan,,,,U,,,,NotApplicable,,,,,,,,,Box,,,1.0,1.0,1.0000000000000000,1.0000000000000000,CENSUS,143,D,Observer,N,,,80272,80272,1.000
668138,117107,,SA,144,,N,U,107254,NEP,FRE,WHL,DeadOrZeroProbSurvival,Lan,,,,U,,,,NotApplicable,,,,,,,,,Box,,,1.0,1.0,1.0000000000000000,1.0000000000000000,CENSUS,144,D,Observer,N,,,57789,57789,1.000
668139,117108,,SA,145,,N,U,107254,NEP,FRE,WHL,DeadOrZeroProbSurvival,Lan,,,,U,,,,NotApplicable,,,,,,,,,Box,,,1.0,1.0,1.0000000000000000,1.0000000000000000,CENSUS,145,D,Observer,N,,,350402,350402,1.000
668140,117109,,SA,146,,N,U,107254,NEP,FRE,WHL,DeadOrZeroProbSurvival,Lan,,,,U,,,,NotApplicable,,,,,,,,,Box,,,1.0,1.0,1.0000000000000000,1.0000000000000000,CENSUS,146,D,Observer,N,,,167379,167379,1.000
668141,117110,,SA,147,,N,U,107254,NEP,FRE,WHL,DeadOrZeroProbSurvival,Lan,,,,U,,,,NotApplicable,,,,,,,,,Box,,,1.0,1.0,1.0000000000000000,1.0000000000000000,CENSUS,147,D,Observer,N,,,372901,372901,1.000
668142,117111,,SA,148,,N,U,107254,NEP,FRE,WHL,DeadOrZeroProbSurvival,Lan,,,,U,,,,NotApplicable,,,,,,,,,Box,,,1.0,1.0,1.0000000000000000,1.0000000000000000,CENSUS,148,D,Observer,N,,,168593,168593,1.000
668143,117112,,SA,149,,N,U,107254,NEP,FRE,WHL,DeadOrZeroProbSurvival,Lan,,,,U,,,,NotApplicable,,,,,,,,,Box,,,1.0,1.0,1.0000000000000000,1.0000000000000000,CENSUS,149,D,Observer,N,,,53902,53902,1.000
668144,117113,,SA,15,,N,U,107254,NEP,FRE,WHL,DeadOrZeroProbSurvival,Lan,,,,U,,,,NotApplicable,,,,,,,,,Box,,,1.0,1.0,1.0000000000000000,1.0000000000000000,CENSUS,15,D,Observer,N,,,265245,265245,1.000
668145,117114,,SA,150,,N,U,107254,NEP,FRE,WHL,DeadOrZeroProbSurvival,Lan,,,,U,,,,NotApplicable,,,,,,,,,Box,,,1.0,1.0,1.0000000000000000,1.0000000000000000,CENSUS,150,D,Observer,N,,,265443,265443,1.000
668146,117115,,SA,151,,N,U,107254,NEP,FRE,WHL,DeadOrZeroProbSurvival,Lan,,,,U,,,,NotApplicable,,,,,,,,,Box,,,1.0,1.0,1.0000000000000000,1.0000000000000000,CENSUS,151,D,Observer,N,,,4519,4519,1.000
668147,117116,,SA,152,,N,U,107254,NEP,FRE,WHL,DeadOrZeroProbSurvival,Lan,,,,U,,,,NotApplicable,,,,,,,,,Box,,,1.0,1.0,1.0000000000000000,1.0000000000000000,CENSUS,152,D,Observer,N,,,199714,199714,1.000
668148,117117,,SA,153,,N,U,107254,NEP,FRE,WHL,DeadOrZeroProbSurvival,Lan,,,,U,,,,NotApplicable,,,,,,,,,Box,,,1.0,1.0,1.0000000000000000,1.0000000000000000,CENSUS,153,D,Observer,N,,,15583,15583,1.000
668149,117118,,SA,154,,N,U,107254,NEP,FRE,WHL,DeadOrZeroProbSurvival,Lan,,,,U,,,,NotApplicable,,,,,,,,,Box,,,1.0,1.0,1.0000000000000000,1.0000000000000000,CENSUS,154,D,Observer,N,,,268058,268058,1.000
668150,117119,,SA,155,,N,U,107254,NEP,FRE,WHL,DeadOrZeroProbSurvival,Lan,,,,U,,,,NotApplicable,,,,,,,,,Box,,,1.0,1.0,1.0000000000000000,1.0000000000000000,CENSUS,155,D,Observer,N,,,55097,55097,1.000
668151,117120,,SA,156,,N,U,107254,NEP,FRE,WHL,DeadOrZeroProbSurvival,Lan,,,,U,,,,NotApplicable,,,,,,,,,Box,,,1.0,1.0,1.0000000000000000,1.0000000000000000,CENSUS,156,D,Observer,N,,,68736,68736,1.000
668152,117121,,SA,157,,N,U,107254,NEP,FRE,WHL,DeadOrZeroProbSurvival,Lan,,,,U,,,,NotApplicable,,,,,,,,,Box,,,1.0,1.0,1.0000000000000000,1.0000000000000000,CENSUS,157,D,Observer,N,,,74268,74268,1.000
668153,117122,,SA,158,,N,U,107254,NEP,FRE,WHL,DeadOrZeroProbSurvival,Lan,,,,U,,,,NotApplicable,,,,,,,,,Box,,,1.0,1.0,1.0000000000000000,1.0000000000000000,CENSUS,158,D,Observer,N,,,55310,55310,1.000
668154,117123,,SA,159,,N,U,107254,NEP,FRE,WHL,DeadOrZeroProbSurvival,Lan,,,,U,,,,NotApplicable,,,,,,,,,Box,,,1.0,1.0,1.0000000000000000,1.0000000000000000,CENSUS,159,D,Observer,N,,,662121,662121,1.000
668155,117124,,SA,16,,N,U,107254,NEP,FRE,WHL,DeadOrZeroProbSurvival,Lan,,,,U,,,,NotApplicable,,,,,,,,,Box,,,1.0,1.0,1.0000000000000000,1.0000000000000000,CENSUS,16,D,Observer,N,,,78081,78081,1.000
668156,117125,,SA,160,,N,U,107254,NEP,FRE,WHL,DeadOrZeroProbSurvival,Lan,,,,U,,,,NotApplicable,,,,,,,,,Box,,,1.0,1.0,1.0000000000000000,1.0000000000000000,CENSUS,160,D,Observer,N,,,134555,134555,1.000
668157,117126,,SA,161,,N,U,107254,NEP,FRE,WHL,DeadOrZeroProbSurvival,Lan,,,,U,,,,NotApplicable,,,,,,,,,Box,,,1.0,1.0,1.0000000000000000,1.0000000000000000,CENSUS,161,D,Observer,N,,,196859,196859,1.000
668158,117127,,SA,162,,N,U,107254,NEP,FRE,WHL,DeadOrZeroProbSurvival,Lan,,,,U,,,,NotApplicable,,,,,,,,,Box,,,1.0,1.0,1.0000000000000000,1.0000000000000000,CENSUS,162,D,Observer,N,,,801159,801159,1.000
668159,117128,,SA,163,,N,U,107254,NEP,FRE,WHL,DeadOrZeroProbSurvival,Lan,,,,U,,,,NotApplicable,,,,,,,,,Box,,,1.0,1.0,1.0000000000000000,1.0000000000000000,CENSUS,163,D,Observer,N,,,266067,266067,1.000
668160,117129,,SA,164,,N,U,107254,NEP,FRE,WHL,DeadOrZeroProbSurvival,Lan,,,,U,,,,NotApplicable,,,,,,,,,Box,,,1.0,1.0,1.0000000000000000,1.0000000000000000,CENSUS,164,D,Observer,N,,,134474,134474,1.000
668161,117130,,SA,165,,N,U,107254,NEP,FRE,WHL,DeadOrZeroProbSurvival,Lan,,,,U,,,,NotApplicable,,,,,,,,,Box,,,1.0,1.0,1.0000000000000000,1.0000000000000000,CENSUS,165,D,Observer,N,,,112291,112291,1.000
668162,117131,,SA,166,,N,U,107254,NEP,FRE,WHL,DeadOrZeroProbSurvival,Lan,,,,U,,,,NotApplicable,,,,,,,,,Box,,,1.0,1.0,1.0000000000000000,1.0000000000000000,CENSUS,166,D,Observer,N,,,112831,112831,1.000
668163,117132,,SA,167,,N,U,107254,NEP,FRE,WHL,DeadOrZeroProbSurvival,Lan,,,,U,,,,NotApplicable,,,,,,,,,Box,,,1.0,1.0,1.0000000000000000,1.0000000000000000,CENSUS,167,D,Observer,N,,,64532,64532,1.000
668164,117133,,SA,168,,N,U,107254,NEP,FRE,WHL,DeadOrZeroProbSurvival,Lan,,,,U,,,,NotApplicable,,,,,,,,,Box,,,1.0,1.0,1.0000000000000000,1.0000000000000000,CENSUS,168,D,Observer,N,,,100,100,1.000
668165,117134,,SA,169,,N,U,107254,NEP,FRE,WHL,DeadOrZeroProbSurvival,Lan,,,,U,,,,NotApplicable,,,,,,,,,Box,,,1.0,1.0,1.0000000000000000,1.0000000000000000,CENSUS,169,D,Observer,N,,,463450,463450,1.000
668166,117135,,SA,17,,N,U,107254,NEP,FRE,WHL,DeadOrZeroProbSurvival,Lan,,,,U,,,,NotApplicable,,,,,,,,,Box,,,1.0,1.0,1.0000000000000000,1.0000000000000000,CENSUS,17,D,Observer,N,,,169622,169622,1.000
668167,117136,,SA,170,,N,U,107254,NEP,FRE,WHL,DeadOrZeroProbSurvival,Lan,,,,U,,,,NotApplicable,,,,,,,,,Box,,,1.0,1.0,1.0000000000000000,1.0000000000000000,CENSUS,170,D,Observer,N,,,493227,493227,1.000
668168,117137,,SA,171,,N,U,107254,NEP,FRE,WHL,DeadOrZeroProbSurvival,Lan,,,,U,,,,NotApplicable,,,,,,,,,Box,,,1.0,1.0,1.0000000000000000,1.0000000000000000,CENSUS,171,D,Observer,N,,,38313,38313,1.000
668169,117138,,SA,172,,N,U,107254,NEP,FRE,WHL,DeadOrZeroProbSurvival,Lan,,,,U,,,,NotApplicable,,,,,,,,,Box,,,1.0,1.0,1.0000000000000000,1.0000000000000000,CENSUS,172,D,Observer,N,,,59184,59184,1.000
668170,117139,,SA,173,,N,U,107254,NEP,FRE,WHL,DeadOrZeroProbSurvival,Lan,,,,U,,,,NotApplicable,,,,,,,,,Box,,,1.0,1.0,1.0000000000000000,1.0000000000000000,CENSUS,173,D,Observer,N,,,130167,130167,1.000
668171,117140,,SA,174,,N,U,107254,NEP,FRE,WHL,DeadOrZeroProbSurvival,Lan,,,,U,,,,NotApplicable,,,,,,,,,Box,,,1.0,1.0,1.0000000000000000,1.0000000000000000,CENSUS,174,D,Observer,N,,,31671,31671,1.000
668172,117141,,SA,175,,N,U,107254,NEP,FRE,WHL,DeadOrZeroProbSurvival,Lan,,,,U,,,,NotApplicable,,,,,,,,,Box,,,1.0,1.0,1.0000000000000000,1.0000000000000000,CENSUS,175,D,Observer,N,,,417187,417187,1.000
668173,117142,,SA,176,,N,U,107254,NEP,FRE,WHL,DeadOrZeroProbSurvival,Lan,,,,U,,,,NotApplicable,,,,,,,,,Box,,,1.0,1.0,1.0000000000000000,1.0000000000000000,CENSUS,176,D,Observer,N,,,443027,443027,1.000
668174,117143,,SA,177,,N,U,107254,NEP,FRE,WHL,DeadOrZeroProbSurvival,Lan,,,,U,,,,NotApplicable,,,,,,,,,Box,,,1.0,1.0,1.0000000000000000,1.0000000000000000,CENSUS,177,D,Observer,N,,,62766,62766,1.000
668175,117144,,SA,178,,N,U,107254,NEP,FRE,WHL,DeadOrZeroProbSurvival,Lan,,,,U,,,,NotApplicable,,,,,,,,,Box,,,1.0,1.0,1.0000000000000000,1.0000000000000000,CENSUS,178,D,Observer,N,,,13887,13887,1.000
668176,117145,,SA,179,,N,U,107254,NEP,FRE,WHL,DeadOrZeroProbSurvival,Lan,,,,U,,,,NotApplicable,,,,,,,,,Box,,,1.0,1.0,1.0000000000000000,1.0000000000000000,CENSUS,179,D,Observer,N,,,200455,200455,1.000
668177,117146,,SA,18,,N,U,107254,NEP,FRE,WHL,DeadOrZeroProbSurvival,Lan,,,,U,,,,NotApplicable,,,,,,,,,Box,,,1.0,1.0,1.0000000000000000,1.0000000000000000,CENSUS,18,D,Observer,N,,,85366,85366,1.000
668178,117147,,SA,180,,N,U,107254,NEP,FRE,WHL,DeadOrZeroProbSurvival,Lan,,,,U,,,,NotApplicable,,,,,,,,,Box,,,1.0,1.0,1.0000000000000000,1.0000000000000000,CENSUS,180,D,Observer,N,,,151242,151242,1.000
668179,117148,,SA,181,,N,U,107254,NEP,FRE,WHL,DeadOrZeroProbSurvival,Lan,,,,U,,,,NotApplicable,,,,,,,,,Box,,,1.0,1.0,1.0000000000000000,1.0000000000000000,CENSUS,181,D,Observer,N,,,106206,106206,1.000
668180,117149,,SA,182,,N,U,107254,NEP,FRE,WHL,DeadOrZeroProbSurvival,Lan,,,,U,,,,NotApplicable,,,,,,,,,Box,,,1.0,1.0,1.0000000000000000,1.0000000000000000,CENSUS,182,D,Observer,N,,,436040,436040,1.000
668181,117150,,SA,183,,N,U,107254,NEP,FRE,WHL,DeadOrZeroProbSurvival,Lan,,,,U,,,,NotApplicable,,,,,,,,,Box,,,1.0,1.0,1.0000000000000000,1.0000000000000000,CENSUS,183,D,Observer,N,,,45609,45609,1.000
668182,117151,,SA,184,,N,U,107254,NEP,FRE,WHL,DeadOrZeroProbSurvival,Lan,,,,U,,,,NotApplicable,,,,,,,,,Box,,,1.0,1.0,1.0000000000000000,1.0000000000000000,CENSUS,184,D,Observer,N,,,43314,43314,1.000
668183,117152,,SA,185,,N,U,107254,NEP,FRE,WHL,DeadOrZeroProbSurvival,Lan,,,,U,,,,NotApplicable,,,,,,,,,Box,,,1.0,1.0,1.0000000000000000,1.0000000000000000,CENSUS,185,D,Observer,N,,,1695484,1695484,1.000
668184,117153,,SA,186,,N,U,107254,NEP,FRE,WHL,DeadOrZeroProbSurvival,Lan,,,,U,,,,NotApplicable,,,,,,,,,Box,,,1.0,1.0,1.0000000000000000,1.0000000000000000,CENSUS,186,D,Observer,N,,,144904,144904,1.000
668185,117154,,SA,187,,N,U,107254,NEP,FRE,WHL,DeadOrZeroProbSurvival,Lan,,,,U,,,,NotApplicable,,,,,,,,,Box,,,1.0,1.0,1.0000000000000000,1.0000000000000000,CENSUS,187,D,Observer,N,,,72500,72500,1.000
668186,117155,,SA,188,,N,U,107254,NEP,FRE,WHL,DeadOrZeroProbSurvival,Lan,,,,U,,,,NotApplicable,,,,,,,,,Box,,,1.0,1.0,1.0000000000000000,1.0000000000000000,CENSUS,188,D,Observer,N,,,593819,593819,1.000
668187,117156,,SA,189,,N,U,107254,NEP,FRE,WHL,DeadOrZeroProbSurvival,Lan,,,,U,,,,NotApplicable,,,,,,,,,Box,,,1.0,1.0,1.0000000000000000,1.0000000000000000,CENSUS,189,D,Observer,N,,,137337,137337,1.000
668188,117157,,SA,19,,N,U,107254,NEP,FRE,WHL,DeadOrZeroProbSurvival,Lan,,,,U,,,,NotApplicable,,,,,,,,,Box,,,1.0,1.0,1.0000000000000000,1.0000000000000000,CENSUS,19,D,Observer,N,,,620144,620144,1.000
668189,117158,,SA,190,,N,U,107254,NEP,FRE,WHL,DeadOrZeroProbSurvival,Lan,,,,U,,,,NotApplicable,,,,,,,,,Box,,,1.0,1.0,1.0000000000000000,1.0000000000000000,CENSUS,190,D,Observer,N,,,36074,36074,1.000
668190,117159,,SA,191,,N,U,107254,NEP,FRE,WHL,DeadOrZeroProbSurvival,Lan,,,,U,,,,NotApplicable,,,,,,,,,Box,,,1.0,1.0,1.0000000000000000,1.0000000000000000,CENSUS,191,D,Observer,N,,,132388,132388,1.000
668191,117160,,SA,192,,N,U,107254,NEP,FRE,WHL,DeadOrZeroProbSurvival,Lan,,,,U,,,,NotApplicable,,,,,,,,,Box,,,1.0,1.0,1.0000000000000000,1.0000000000000000,CENSUS,192,D,Observer,N,,,509017,509017,1.000
668192,117161,,SA,193,,N,U,107254,NEP,FRE,WHL,DeadOrZeroProbSurvival,Lan,,,,U,,,,NotApplicable,,,,,,,,,Box,,,1.0,1.0,1.0000000000000000,1.0000000000000000,CENSUS,193,D,Observer,N,,,69961,69961,1.000
668193,117162,,SA,194,,N,U,107254,NEP,FRE,WHL,DeadOrZeroProbSurvival,Lan,,,,U,,,,NotApplicable,,,,,,,,,Box,,,1.0,1.0,1.0000000000000000,1.0000000000000000,CENSUS,194,D,Observer,N,,,493631,493631,1.000
668194,117163,,SA,195,,N,U,107254,NEP,FRE,WHL,DeadOrZeroProbSurvival,Lan,,,,U,,,,NotApplicable,,,,,,,,,Box,,,1.0,1.0,1.0000000000000000,1.0000000000000000,CENSUS,195,D,Observer,N,,,358446,358446,1.000
668195,117164,,SA,196,,N,U,107254,NEP,FRE,WHL,DeadOrZeroProbSurvival,Lan,,,,U,,,,NotApplicable,,,,,,,,,Box,,,1.0,1.0,1.0000000000000000,1.0000000000000000,CENSUS,196,D,Observer,N,,,20589,20589,1.000
668196,117165,,SA,197,,N,U,107254,NEP,FRE,WHL,DeadOrZeroProbSurvival,Lan,,,,U,,,,NotApplicable,,,,,,,,,Box,,,1.0,1.0,1.0000000000000000,1.0000000000000000,CENSUS,197,D,Observer,N,,,107700,107700,1.000
668197,117166,,SA,198,,N,U,107254,NEP,FRE,WHL,DeadOrZeroProbSurvival,Lan,,,,U,,,,NotApplicable,,,,,,,,,Box,,,1.0,1.0,1.0000000000000000,1.0000000000000000,CENSUS,198,D,Observer,N,,,247626,247626,1.000
668198,117167,,SA,199,,N,U,107254,NEP,FRE,WHL,DeadOrZeroProbSurvival,Lan,,,,U,,,,NotApplicable,,,,,,,,,Box,,,1.0,1.0,1.0000000000000000,1.0000000000000000,CENSUS,199,D,Observer,N,,,76673,76673,1.000
668199,117168,,SA,2,,N,U,107254,NEP,FRE,WHL,DeadOrZeroProbSurvival,Lan,,,,U,,,,NotApplicable,,,,,,,,,Box,,,1.0,1.0,1.0000000000000000,1.0000000000000000,CENSUS,2,D,Observer,N,,,124694,124694,1.000
668200,117169,,SA,20,,N,U,107254,NEP,FRE,WHL,DeadOrZeroProbSurvival,Lan,,,,U,,,,NotApplicable,,,,,,,,,Box,,,1.0,1.0,1.0000000000000000,1.0000000000000000,CENSUS,20,D,Observer,N,,,117701,117701,1.000
668201,117170,,SA,200,,N,U,107254,NEP,FRE,WHL,DeadOrZeroProbSurvival,Lan,,,,U,,,,NotApplicable,,,,,,,,,Box,,,1.0,1.0,1.0000000000000000,1.0000000000000000,CENSUS,200,D,Observer,N,,,179051,179051,1.000
668202,117171,,SA,201,,N,U,107254,NEP,FRE,WHL,DeadOrZeroProbSurvival,Lan,,,,U,,,,NotApplicable,,,,,,,,,Box,,,1.0,1.0,1.0000000000000000,1.0000000000000000,CENSUS,201,D,Observer,N,,,328367,328367,1.000
668203,117172,,SA,202,,N,U,107254,NEP,FRE,WHL,DeadOrZeroProbSurvival,Lan,,,,U,,,,NotApplicable,,,,,,,,,Box,,,1.0,1.0,1.0000000000000000,1.0000000000000000,CENSUS,202,D,Observer,N,,,252817,252817,1.000
668204,117173,,SA,203,,N,U,107254,NEP,FRE,WHL,DeadOrZeroProbSurvival,Lan,,,,U,,,,NotApplicable,,,,,,,,,Box,,,1.0,1.0,1.0000000000000000,1.0000000000000000,CENSUS,203,D,Observer,N,,,561521,561521,1.000
668205,117174,,SA,204,,N,U,107254,NEP,FRE,WHL,DeadOrZeroProbSurvival,Lan,,,,U,,,,NotApplicable,,,,,,,,,Box,,,1.0,1.0,1.0000000000000000,1.0000000000000000,CENSUS,204,D,Observer,N,,,67491,67491,1.000
668206,117175,,SA,205,,N,U,107254,NEP,FRE,WHL,DeadOrZeroProbSurvival,Lan,,,,U,,,,NotApplicable,,,,,,,,,Box,,,1.0,1.0,1.0000000000000000,1.0000000000000000,CENSUS,205,D,Observer,N,,,144828,144828,1.000
668207,117176,,SA,206,,N,U,107254,NEP,FRE,WHL,DeadOrZeroProbSurvival,Lan,,,,U,,,,NotApplicable,,,,,,,,,Box,,,1.0,1.0,1.0000000000000000,1.0000000000000000,CENSUS,206,D,Observer,N,,,262093,262093,1.000
668208,117177,,SA,207,,N,U,107254,NEP,FRE,WHL,DeadOrZeroProbSurvival,Lan,,,,U,,,,NotApplicable,,,,,,,,,Box,,,1.0,1.0,1.0000000000000000,1.0000000000000000,CENSUS,207,D,Observer,N,,,96910,96910,1.000
668209,117178,,SA,208,,N,U,107254,NEP,FRE,WHL,DeadOrZeroProbSurvival,Lan,,,,U,,,,NotApplicable,,,,,,,,,Box,,,1.0,1.0,1.0000000000000000,1.0000000000000000,CENSUS,208,D,Observer,N,,,70672,70672,1.000
668210,117179,,SA,209,,N,U,107254,NEP,FRE,WHL,DeadOrZeroProbSurvival,Lan,,,,U,,,,NotApplicable,,,,,,,,,Box,,,1.0,1.0,1.0000000000000000,1.0000000000000000,CENSUS,209,D,Observer,N,,,61145,61145,1.000
668211,117180,,SA,21,,N,U,107254,NEP,FRE,WHL,DeadOrZeroProbSurvival,Lan,,,,U,,,,NotApplicable,,,,,,,,,Box,,,1.0,1.0,1.0000000000000000,1.0000000000000000,CENSUS,21,D,Observer,N,,,184599,184599,1.000
668212,117181,,SA,210,,N,U,107254,NEP,FRE,WHL,DeadOrZeroProbSurvival,Lan,,,,U,,,,NotApplicable,,,,,,,,,Box,,,1.0,1.0,1.0000000000000000,1.0000000000000000,CENSUS,210,D,Observer,N,,,83218,83218,1.000
668213,117182,,SA,211,,N,U,107254,NEP,FRE,WHL,DeadOrZeroProbSurvival,Lan,,,,U,,,,NotApplicable,,,,,,,,,Box,,,1.0,1.0,1.0000000000000000,1.0000000000000000,CENSUS,211,D,Observer,N,,,62854,62854,1.000
668214,117183,,SA,212,,N,U,107254,NEP,FRE,WHL,DeadOrZeroProbSurvival,Lan,,,,U,,,,NotApplicable,,,,,,,,,Box,,,1.0,1.0,1.0000000000000000,1.0000000000000000,CENSUS,212,D,Observer,N,,,113383,113383,1.000
668215,117184,,SA,213,,N,U,107254,NEP,FRE,WHL,DeadOrZeroProbSurvival,Lan,,,,U,,,,NotApplicable,,,,,,,,,Box,,,1.0,1.0,1.0000000000000000,1.0000000000000000,CENSUS,213,D,Observer,N,,,774804,774804,1.000
668216,117185,,SA,214,,N,U,107254,NEP,FRE,WHL,DeadOrZeroProbSurvival,Lan,,,,U,,,,NotApplicable,,,,,,,,,Box,,,1.0,1.0,1.0000000000000000,1.0000000000000000,CENSUS,214,D,Observer,N,,,31161,31161,1.000
668217,117186,,SA,215,,N,U,107254,NEP,FRE,WHL,DeadOrZeroProbSurvival,Lan,,,,U,,,,NotApplicable,,,,,,,,,Box,,,1.0,1.0,1.0000000000000000,1.0000000000000000,CENSUS,215,D,Observer,N,,,47319,47319,1.000
668218,117187,,SA,216,,N,U,107254,NEP,FRE,WHL,DeadOrZeroProbSurvival,Lan,,,,U,,,,NotApplicable,,,,,,,,,Box,,,1.0,1.0,1.0000000000000000,1.0000000000000000,CENSUS,216,D,Observer,N,,,52770,52770,1.000
668219,117188,,SA,217,,N,U,107254,NEP,FRE,WHL,DeadOrZeroProbSurvival,Lan,,,,U,,,,NotApplicable,,,,,,,,,Box,,,1.0,1.0,1.0000000000000000,1.0000000000000000,CENSUS,217,D,Observer,N,,,577693,577693,1.000
668220,117189,,SA,218,,N,U,107254,NEP,FRE,WHL,DeadOrZeroProbSurvival,Lan,,,,U,,,,NotApplicable,,,,,,,,,Box,,,1.0,1.0,1.0000000000000000,1.0000000000000000,CENSUS,218,D,Observer,N,,,37130,37130,1.000
668221,117190,,SA,219,,N,U,107254,NEP,FRE,WHL,DeadOrZeroProbSurvival,Lan,,,,U,,,,NotApplicable,,,,,,,,,Box,,,1.0,1.0,1.0000000000000000,1.0000000000000000,CENSUS,219,D,Observer,N,,,80761,80761,1.000
668222,117191,,SA,22,,N,U,107254,NEP,FRE,WHL,DeadOrZeroProbSurvival,Lan,,,,U,,,,NotApplicable,,,,,,,,,Box,,,1.0,1.0,1.0000000000000000,1.0000000000000000,CENSUS,22,D,Observer,N,,,80958,80958,1.000
668223,117192,,SA,220,,N,U,107254,NEP,FRE,WHL,DeadOrZeroProbSurvival,Lan,,,,U,,,,NotApplicable,,,,,,,,,Box,,,1.0,1.0,1.0000000000000000,1.0000000000000000,CENSUS,220,D,Observer,N,,,105519,105519,1.000
668224,117193,,SA,221,,N,U,107254,NEP,FRE,WHL,DeadOrZeroProbSurvival,Lan,,,,U,,,,NotApplicable,,,,,,,,,Box,,,1.0,1.0,1.0000000000000000,1.0000000000000000,CENSUS,221,D,Observer,N,,,115019,115019,1.000
668225,117194,,SA,222,,N,U,107254,NEP,FRE,WHL,DeadOrZeroProbSurvival,Lan,,,,U,,,,NotApplicable,,,,,,,,,Box,,,1.0,1.0,1.0000000000000000,1.0000000000000000,CENSUS,222,D,Observer,N,,,109652,109652,1.000
668226,117195,,SA,223,,N,U,107254,NEP,FRE,WHL,DeadOrZeroProbSurvival,Lan,,,,U,,,,NotApplicable,,,,,,,,,Box,,,1.0,1.0,1.0000000000000000,1.0000000000000000,CENSUS,223,D,Observer,N,,,225852,225852,1.000
668227,117196,,SA,224,,N,U,107254,NEP,FRE,WHL,DeadOrZeroProbSurvival,Lan,,,,U,,,,NotApplicable,,,,,,,,,Box,,,1.0,1.0,1.0000000000000000,1.0000000000000000,CENSUS,224,D,Observer,N,,,362642,362642,1.000
668228,117197,,SA,225,,N,U,107254,NEP,FRE,WHL,DeadOrZeroProbSurvival,Lan,,,,U,,,,NotApplicable,,,,,,,,,Box,,,1.0,1.0,1.0000000000000000,1.0000000000000000,CENSUS,225,D,Observer,N,,,37434,37434,1.000
668229,117198,,SA,226,,N,U,107254,NEP,FRE,WHL,DeadOrZeroProbSurvival,Lan,,,,U,,,,NotApplicable,,,,,,,,,Box,,,1.0,1.0,1.0000000000000000,1.0000000000000000,CENSUS,226,D,Observer,N,,,148842,148842,1.000
668230,117199,,SA,227,,N,U,107254,NEP,FRE,WHL,DeadOrZeroProbSurvival,Lan,,,,U,,,,NotApplicable,,,,,,,,,Box,,,1.0,1.0,1.0000000000000000,1.0000000000000000,CENSUS,227,D,Observer,N,,,115487,115487,1.000
668231,117200,,SA,228,,N,U,107254,NEP,FRE,WHL,DeadOrZeroProbSurvival,Lan,,,,U,,,,NotApplicable,,,,,,,,,Box,,,1.0,1.0,1.0000000000000000,1.0000000000000000,CENSUS,228,D,Observer,N,,,180400,180400,1.000
668232,117201,,SA,229,,N,U,107254,NEP,FRE,WHL,DeadOrZeroProbSurvival,Lan,,,,U,,,,NotApplicable,,,,,,,,,Box,,,1.0,1.0,1.0000000000000000,1.0000000000000000,CENSUS,229,D,Observer,N,,,282659,282659,1.000
668233,117202,,SA,23,,N,U,107254,NEP,FRE,WHL,DeadOrZeroProbSurvival,Lan,,,,U,,,,NotApplicable,,,,,,,,,Box,,,1.0,1.0,1.0000000000000000,1.0000000000000000,CENSUS,23,D,Observer,N,,,335517,335517,1.000
668234,117203,,SA,230,,N,U,107254,NEP,FRE,WHL,DeadOrZeroProbSurvival,Lan,,,,U,,,,NotApplicable,,,,,,,,,Box,,,1.0,1.0,1.0000000000000000,1.0000000000000000,CENSUS,230,D,Observer,N,,,135850,135850,1.000
668235,117204,,SA,231,,N,U,107254,NEP,FRE,WHL,DeadOrZeroProbSurvival,Lan,,,,U,,,,NotApplicable,,,,,,,,,Box,,,1.0,1.0,1.0000000000000000,1.0000000000000000,CENSUS,231,D,Observer,N,,,98669,98669,1.000
668236,117205,,SA,232,,N,U,107254,NEP,FRE,WHL,DeadOrZeroProbSurvival,Lan,,,,U,,,,NotApplicable,,,,,,,,,Box,,,1.0,1.0,1.0000000000000000,1.0000000000000000,CENSUS,232,D,Observer,N,,,70165,70165,1.000
668237,117206,,SA,233,,N,U,107254,NEP,FRE,WHL,DeadOrZeroProbSurvival,Lan,,,,U,,,,NotApplicable,,,,,,,,,Box,,,1.0,1.0,1.0000000000000000,1.0000000000000000,CENSUS,233,D,Observer,N,,,42712,42712,1.000
668238,117207,,SA,234,,N,U,107254,NEP,FRE,WHL,DeadOrZeroProbSurvival,Lan,,,,U,,,,NotApplicable,,,,,,,,,Box,,,1.0,1.0,1.0000000000000000,1.0000000000000000,CENSUS,234,D,Observer,N,,,178861,178861,1.000
668239,117208,,SA,235,,N,U,107254,NEP,FRE,WHL,DeadOrZeroProbSurvival,Lan,,,,U,,,,NotApplicable,,,,,,,,,Box,,,1.0,1.0,1.0000000000000000,1.0000000000000000,CENSUS,235,D,Observer,N,,,141215,141215,1.000
668240,117209,,SA,236,,N,U,107254,NEP,FRE,WHL,DeadOrZeroProbSurvival,Lan,,,,U,,,,NotApplicable,,,,,,,,,Box,,,1.0,1.0,1.0000000000000000,1.0000000000000000,CENSUS,236,D,Observer,N,,,549167,549167,1.000
668241,117210,,SA,237,,N,U,107254,NEP,FRE,WHL,DeadOrZeroProbSurvival,Lan,,,,U,,,,NotApplicable,,,,,,,,,Box,,,1.0,1.0,1.0000000000000000,1.0000000000000000,CENSUS,237,D,Observer,N,,,38566,38566,1.000
668242,117211,,SA,238,,N,U,107254,NEP,FRE,WHL,DeadOrZeroProbSurvival,Lan,,,,U,,,,NotApplicable,,,,,,,,,Box,,,1.0,1.0,1.0000000000000000,1.0000000000000000,CENSUS,238,D,Observer,N,,,531206,531206,1.000
668243,117212,,SA,239,,N,U,107254,NEP,FRE,WHL,DeadOrZeroProbSurvival,Lan,,,,U,,,,NotApplicable,,,,,,,,,Box,,,1.0,1.0,1.0000000000000000,1.0000000000000000,CENSUS,239,D,Observer,N,,,85086,85086,1.000
668244,117213,,SA,24,,N,U,107254,NEP,FRE,WHL,DeadOrZeroProbSurvival,Lan,,,,U,,,,NotApplicable,,,,,,,,,Box,,,1.0,1.0,1.0000000000000000,1.0000000000000000,CENSUS,24,D,Observer,N,,,241148,241148,1.000
668245,117214,,SA,240,,N,U,107254,NEP,FRE,WHL,DeadOrZeroProbSurvival,Lan,,,,U,,,,NotApplicable,,,,,,,,,Box,,,1.0,1.0,1.0000000000000000,1.0000000000000000,CENSUS,240,D,Observer,N,,,8882,8882,1.000
668246,117215,,SA,241,,N,U,107254,NEP,FRE,WHL,DeadOrZeroProbSurvival,Lan,,,,U,,,,NotApplicable,,,,,,,,,Box,,,1.0,1.0,1.0000000000000000,1.0000000000000000,CENSUS,241,D,Observer,N,,,75409,75409,1.000
668247,117216,,SA,242,,N,U,107254,NEP,FRE,WHL,DeadOrZeroProbSurvival,Lan,,,,U,,,,NotApplicable,,,,,,,,,Box,,,1.0,1.0,1.0000000000000000,1.0000000000000000,CENSUS,242,D,Observer,N,,,8003,8003,1.000
668248,117217,,SA,243,,N,U,107254,NEP,FRE,WHL,DeadOrZeroProbSurvival,Lan,,,,U,,,,NotApplicable,,,,,,,,,Box,,,1.0,1.0,1.0000000000000000,1.0000000000000000,CENSUS,243,D,Observer,N,,,9910,9910,1.000
668249,117218,,SA,244,,N,U,107254,NEP,FRE,WHL,DeadOrZeroProbSurvival,Lan,,,,U,,,,NotApplicable,,,,,,,,,Box,,,1.0,1.0,1.0000000000000000,1.0000000000000000,CENSUS,244,D,Observer,N,,,80396,80396,1.000
668250,117219,,SA,245,,N,U,107254,NEP,FRE,WHL,DeadOrZeroProbSurvival,Lan,,,,U,,,,NotApplicable,,,,,,,,,Box,,,1.0,1.0,1.0000000000000000,1.0000000000000000,CENSUS,245,D,Observer,N,,,186829,186829,1.000
668251,117220,,SA,246,,N,U,107254,NEP,FRE,WHL,DeadOrZeroProbSurvival,Lan,,,,U,,,,NotApplicable,,,,,,,,,Box,,,1.0,1.0,1.0000000000000000,1.0000000000000000,CENSUS,246,D,Observer,N,,,43320,43320,1.000
668252,117221,,SA,247,,N,U,107254,NEP,FRE,WHL,DeadOrZeroProbSurvival,Lan,,,,U,,,,NotApplicable,,,,,,,,,Box,,,1.0,1.0,1.0000000000000000,1.0000000000000000,CENSUS,247,D,Observer,N,,,501692,501692,1.000
668253,117222,,SA,248,,N,U,107254,NEP,FRE,WHL,DeadOrZeroProbSurvival,Lan,,,,U,,,,NotApplicable,,,,,,,,,Box,,,1.0,1.0,1.0000000000000000,1.0000000000000000,CENSUS,248,D,Observer,N,,,219444,219444,1.000
668254,117223,,SA,249,,N,U,107254,NEP,FRE,WHL,DeadOrZeroProbSurvival,Lan,,,,U,,,,NotApplicable,,,,,,,,,Box,,,1.0,1.0,1.0000000000000000,1.0000000000000000,CENSUS,249,D,Observer,N,,,144529,144529,1.000
668255,117224,,SA,25,,N,U,107254,NEP,FRE,WHL,DeadOrZeroProbSurvival,Lan,,,,U,,,,NotApplicable,,,,,,,,,Box,,,1.0,1.0,1.0000000000000000,1.0000000000000000,CENSUS,25,D,Observer,N,,,403375,403375,1.000
668256,117225,,SA,250,,N,U,107254,NEP,FRE,WHL,DeadOrZeroProbSurvival,Lan,,,,U,,,,NotApplicable,,,,,,,,,Box,,,1.0,1.0,1.0000000000000000,1.0000000000000000,CENSUS,250,D,Observer,N,,,52469,52469,1.000
668257,117226,,SA,251,,N,U,107254,NEP,FRE,WHL,DeadOrZeroProbSurvival,Lan,,,,U,,,,NotApplicable,,,,,,,,,Box,,,1.0,1.0,1.0000000000000000,1.0000000000000000,CENSUS,251,D,Observer,N,,,487573,487573,1.000
668258,117227,,SA,252,,N,U,107254,NEP,FRE,WHL,DeadOrZeroProbSurvival,Lan,,,,U,,,,NotApplicable,,,,,,,,,Box,,,1.0,1.0,1.0000000000000000,1.0000000000000000,CENSUS,252,D,Observer,N,,,743638,743638,1.000
668259,117228,,SA,253,,N,U,107254,NEP,FRE,WHL,DeadOrZeroProbSurvival,Lan,,,,U,,,,NotApplicable,,,,,,,,,Box,,,1.0,1.0,1.0000000000000000,1.0000000000000000,CENSUS,253,D,Observer,N,,,356170,356170,1.000
668260,117229,,SA,254,,N,U,107254,NEP,FRE,WHL,DeadOrZeroProbSurvival,Lan,,,,U,,,,NotApplicable,,,,,,,,,Box,,,1.0,1.0,1.0000000000000000,1.0000000000000000,CENSUS,254,D,Observer,N,,,553226,553226,1.000
668261,117230,,SA,255,,N,U,107254,NEP,FRE,WHL,DeadOrZeroProbSurvival,Lan,,,,U,,,,NotApplicable,,,,,,,,,Box,,,1.0,1.0,1.0000000000000000,1.0000000000000000,CENSUS,255,D,Observer,N,,,246184,246184,1.000
668262,117231,,SA,256,,N,U,107254,NEP,FRE,WHL,DeadOrZeroProbSurvival,Lan,,,,U,,,,NotApplicable,,,,,,,,,Box,,,1.0,1.0,1.0000000000000000,1.0000000000000000,CENSUS,256,D,Observer,N,,,295601,295601,1.000
668263,117232,,SA,257,,N,U,107254,NEP,FRE,WHL,DeadOrZeroProbSurvival,Lan,,,,U,,,,NotApplicable,,,,,,,,,Box,,,1.0,1.0,1.0000000000000000,1.0000000000000000,CENSUS,257,D,Observer,N,,,57253,57253,1.000
668264,117233,,SA,258,,N,U,107254,NEP,FRE,WHL,DeadOrZeroProbSurvival,Lan,,,,U,,,,NotApplicable,,,,,,,,,Box,,,1.0,1.0,1.0000000000000000,1.0000000000000000,CENSUS,258,D,Observer,N,,,100468,100468,1.000
668265,117234,,SA,259,,N,U,107254,NEP,FRE,WHL,DeadOrZeroProbSurvival,Lan,,,,U,,,,NotApplicable,,,,,,,,,Box,,,1.0,1.0,1.0000000000000000,1.0000000000000000,CENSUS,259,D,Observer,N,,,193859,193859,1.000
668266,117235,,SA,26,,N,U,107254,NEP,FRE,WHL,DeadOrZeroProbSurvival,Lan,,,,U,,,,NotApplicable,,,,,,,,,Box,,,1.0,1.0,1.0000000000000000,1.0000000000000000,CENSUS,26,D,Observer,N,,,303715,303715,1.000
668267,117236,,SA,260,,N,U,107254,NEP,FRE,WHL,DeadOrZeroProbSurvival,Lan,,,,U,,,,NotApplicable,,,,,,,,,Box,,,1.0,1.0,1.0000000000000000,1.0000000000000000,CENSUS,260,D,Observer,N,,,140701,140701,1.000
668268,117237,,SA,261,,N,U,107254,NEP,FRE,WHL,DeadOrZeroProbSurvival,Lan,,,,U,,,,NotApplicable,,,,,,,,,Box,,,1.0,1.0,1.0000000000000000,1.0000000000000000,CENSUS,261,D,Observer,N,,,1466580,1466580,1.000
668269,117238,,SA,262,,N,U,107254,NEP,FRE,WHL,DeadOrZeroProbSurvival,Lan,,,,U,,,,NotApplicable,,,,,,,,,Box,,,1.0,1.0,1.0000000000000000,1.0000000000000000,CENSUS,262,D,Observer,N,,,1949420,1949420,1.000
668270,117239,,SA,263,,N,U,107254,NEP,FRE,WHL,DeadOrZeroProbSurvival,Lan,,,,U,,,,NotApplicable,,,,,,,,,Box,,,1.0,1.0,1.0000000000000000,1.0000000000000000,CENSUS,263,D,Observer,N,,,355786,355786,1.000
668271,117240,,SA,264,,N,U,107254,NEP,FRE,WHL,DeadOrZeroProbSurvival,Lan,,,,U,,,,NotApplicable,,,,,,,,,Box,,,1.0,1.0,1.0000000000000000,1.0000000000000000,CENSUS,264,D,Observer,N,,,484156,484156,1.000
668272,117241,,SA,265,,N,U,107254,NEP,FRE,WHL,DeadOrZeroProbSurvival,Lan,,,,U,,,,NotApplicable,,,,,,,,,Box,,,1.0,1.0,1.0000000000000000,1.0000000000000000,CENSUS,265,D,Observer,N,,,399011,399011,1.000
668273,117242,,SA,266,,N,U,107254,NEP,FRE,WHL,DeadOrZeroProbSurvival,Lan,,,,U,,,,NotApplicable,,,,,,,,,Box,,,1.0,1.0,1.0000000000000000,1.0000000000000000,CENSUS,266,D,Observer,N,,,1334041,1334041,1.000
668274,117243,,SA,267,,N,U,107254,NEP,FRE,WHL,DeadOrZeroProbSurvival,Lan,,,,U,,,,NotApplicable,,,,,,,,,Box,,,1.0,1.0,1.0000000000000000,1.0000000000000000,CENSUS,267,D,Observer,N,,,487534,487534,1.000
668275,117244,,SA,268,,N,U,107254,NEP,FRE,WHL,DeadOrZeroProbSurvival,Lan,,,,U,,,,NotApplicable,,,,,,,,,Box,,,1.0,1.0,1.0000000000000000,1.0000000000000000,CENSUS,268,D,Observer,N,,,1644001,1644001,1.000
668276,117245,,SA,269,,N,U,107254,NEP,FRE,WHL,DeadOrZeroProbSurvival,Lan,,,,U,,,,NotApplicable,,,,,,,,,Box,,,1.0,1.0,1.0000000000000000,1.0000000000000000,CENSUS,269,D,Observer,N,,,675569,675569,1.000
668277,117246,,SA,27,,N,U,107254,NEP,FRE,WHL,DeadOrZeroProbSurvival,Lan,,,,U,,,,NotApplicable,,,,,,,,,Box,,,1.0,1.0,1.0000000000000000,1.0000000000000000,CENSUS,27,D,Observer,N,,,236950,236950,1.000
668278,117247,,SA,270,,N,U,107254,NEP,FRE,WHL,DeadOrZeroProbSurvival,Lan,,,,U,,,,NotApplicable,,,,,,,,,Box,,,1.0,1.0,1.0000000000000000,1.0000000000000000,CENSUS,270,D,Observer,N,,,71839,71839,1.000
668279,117248,,SA,271,,N,U,107254,NEP,FRE,WHL,DeadOrZeroProbSurvival,Lan,,,,U,,,,NotApplicable,,,,,,,,,Box,,,1.0,1.0,1.0000000000000000,1.0000000000000000,CENSUS,271,D,Observer,N,,,1138681,1138681,1.000
668280,117249,,SA,272,,N,U,107254,NEP,FRE,WHL,DeadOrZeroProbSurvival,Lan,,,,U,,,,NotApplicable,,,,,,,,,Box,,,1.0,1.0,1.0000000000000000,1.0000000000000000,CENSUS,272,D,Observer,N,,,111510,111510,1.000
668281,117250,,SA,273,,N,U,107254,NEP,FRE,WHL,DeadOrZeroProbSurvival,Lan,,,,U,,,,NotApplicable,,,,,,,,,Box,,,1.0,1.0,1.0000000000000000,1.0000000000000000,CENSUS,273,D,Observer,N,,,689639,689639,1.000
668282,117251,,SA,274,,N,U,107254,NEP,FRE,WHL,DeadOrZeroProbSurvival,Lan,,,,U,,,,NotApplicable,,,,,,,,,Box,,,1.0,1.0,1.0000000000000000,1.0000000000000000,CENSUS,274,D,Observer,N,,,926607,926607,1.000
668283,117252,,SA,275,,N,U,107254,NEP,FRE,WHL,DeadOrZeroProbSurvival,Lan,,,,U,,,,NotApplicable,,,,,,,,,Box,,,1.0,1.0,1.0000000000000000,1.0000000000000000,CENSUS,275,D,Observer,N,,,1542262,1542262,1.000
668284,117253,,SA,276,,N,U,107254,NEP,FRE,WHL,DeadOrZeroProbSurvival,Lan,,,,U,,,,NotApplicable,,,,,,,,,Box,,,1.0,1.0,1.0000000000000000,1.0000000000000000,CENSUS,276,D,Observer,N,,,1063086,1063086,1.000
668285,117254,,SA,277,,N,U,107254,NEP,FRE,WHL,DeadOrZeroProbSurvival,Lan,,,,U,,,,NotApplicable,,,,,,,,,Box,,,1.0,1.0,1.0000000000000000,1.0000000000000000,CENSUS,277,D,Observer,N,,,137834,137834,1.000
668286,117255,,SA,278,,N,U,107254,NEP,FRE,WHL,DeadOrZeroProbSurvival,Lan,,,,U,,,,NotApplicable,,,,,,,,,Box,,,1.0,1.0,1.0000000000000000,1.0000000000000000,CENSUS,278,D,Observer,N,,,299142,299142,1.000
668287,117256,,SA,279,,N,U,107254,NEP,FRE,WHL,DeadOrZeroProbSurvival,Lan,,,,U,,,,NotApplicable,,,,,,,,,Box,,,1.0,1.0,1.0000000000000000,1.0000000000000000,CENSUS,279,D,Observer,N,,,450315,450315,1.000
668288,117257,,SA,28,,N,U,107254,NEP,FRE,WHL,DeadOrZeroProbSurvival,Lan,,,,U,,,,NotApplicable,,,,,,,,,Box,,,1.0,1.0,1.0000000000000000,1.0000000000000000,CENSUS,28,D,Observer,N,,,229818,229818,1.000
668289,117258,,SA,280,,N,U,107254,NEP,FRE,WHL,DeadOrZeroProbSurvival,Lan,,,,U,,,,NotApplicable,,,,,,,,,Box,,,1.0,1.0,1.0000000000000000,1.0000000000000000,CENSUS,280,D,Observer,N,,,167880,167880,1.000
668290,117259,,SA,281,,N,U,107254,NEP,FRE,WHL,DeadOrZeroProbSurvival,Lan,,,,U,,,,NotApplicable,,,,,,,,,Box,,,1.0,1.0,1.0000000000000000,1.0000000000000000,CENSUS,281,D,Observer,N,,,269435,269435,1.000
668291,117260,,SA,282,,N,U,107254,NEP,FRE,WHL,DeadOrZeroProbSurvival,Lan,,,,U,,,,NotApplicable,,,,,,,,,Box,,,1.0,1.0,1.0000000000000000,1.0000000000000000,CENSUS,282,D,Observer,N,,,2286947,2286947,1.000
668292,117261,,SA,283,,N,U,107254,NEP,FRE,WHL,DeadOrZeroProbSurvival,Lan,,,,U,,,,NotApplicable,,,,,,,,,Box,,,1.0,1.0,1.0000000000000000,1.0000000000000000,CENSUS,283,D,Observer,N,,,1271160,1271160,1.000
668293,117262,,SA,284,,N,U,107254,NEP,FRE,WHL,DeadOrZeroProbSurvival,Lan,,,,U,,,,NotApplicable,,,,,,,,,Box,,,1.0,1.0,1.0000000000000000,1.0000000000000000,CENSUS,284,D,Observer,N,,,213004,213004,1.000
668294,117263,,SA,285,,N,U,107254,NEP,FRE,WHL,DeadOrZeroProbSurvival,Lan,,,,U,,,,NotApplicable,,,,,,,,,Box,,,1.0,1.0,1.0000000000000000,1.0000000000000000,CENSUS,285,D,Observer,N,,,134788,134788,1.000
668295,117264,,SA,286,,N,U,107254,NEP,FRE,WHL,DeadOrZeroProbSurvival,Lan,,,,U,,,,NotApplicable,,,,,,,,,Box,,,1.0,1.0,1.0000000000000000,1.0000000000000000,CENSUS,286,D,Observer,N,,,1414415,1414415,1.000
668296,117265,,SA,287,,N,U,107254,NEP,FRE,WHL,DeadOrZeroProbSurvival,Lan,,,,U,,,,NotApplicable,,,,,,,,,Box,,,1.0,1.0,1.0000000000000000,1.0000000000000000,CENSUS,287,D,Observer,N,,,598694,598694,1.000
668297,117266,,SA,288,,N,U,107254,NEP,FRE,WHL,DeadOrZeroProbSurvival,Lan,,,,U,,,,NotApplicable,,,,,,,,,Box,,,1.0,1.0,1.0000000000000000,1.0000000000000000,CENSUS,288,D,Observer,N,,,10302,10302,1.000
668298,117267,,SA,289,,N,U,107254,NEP,FRE,WHL,DeadOrZeroProbSurvival,Lan,,,,U,,,,NotApplicable,,,,,,,,,Box,,,1.0,1.0,1.0000000000000000,1.0000000000000000,CENSUS,289,D,Observer,N,,,9021,9021,1.000
668299,117268,,SA,29,,N,U,107254,NEP,FRE,WHL,DeadOrZeroProbSurvival,Lan,,,,U,,,,NotApplicable,,,,,,,,,Box,,,1.0,1.0,1.0000000000000000,1.0000000000000000,CENSUS,29,D,Observer,N,,,223638,223638,1.000
668300,117269,,SA,290,,N,U,107254,NEP,FRE,WHL,DeadOrZeroProbSurvival,Lan,,,,U,,,,NotApplicable,,,,,,,,,Box,,,1.0,1.0,1.0000000000000000,1.0000000000000000,CENSUS,290,D,Observer,N,,,597766,597766,1.000
668301,117270,,SA,291,,N,U,107254,NEP,FRE,WHL,DeadOrZeroProbSurvival,Lan,,,,U,,,,NotApplicable,,,,,,,,,Box,,,1.0,1.0,1.0000000000000000,1.0000000000000000,CENSUS,291,D,Observer,N,,,373582,373582,1.000
668302,117271,,SA,292,,N,U,107254,NEP,FRE,WHL,DeadOrZeroProbSurvival,Lan,,,,U,,,,NotApplicable,,,,,,,,,Box,,,1.0,1.0,1.0000000000000000,1.0000000000000000,CENSUS,292,D,Observer,N,,,546303,546303,1.000
668303,117272,,SA,293,,N,U,107254,NEP,FRE,WHL,DeadOrZeroProbSurvival,Lan,,,,U,,,,NotApplicable,,,,,,,,,Box,,,1.0,1.0,1.0000000000000000,1.0000000000000000,CENSUS,293,D,Observer,N,,,82967,82967,1.000
668304,117273,,SA,294,,N,U,107254,NEP,FRE,WHL,DeadOrZeroProbSurvival,Lan,,,,U,,,,NotApplicable,,,,,,,,,Box,,,1.0,1.0,1.0000000000000000,1.0000000000000000,CENSUS,294,D,Observer,N,,,12611,12611,1.000
668305,117274,,SA,295,,N,U,107254,NEP,FRE,WHL,DeadOrZeroProbSurvival,Lan,,,,U,,,,NotApplicable,,,,,,,,,Box,,,1.0,1.0,1.0000000000000000,1.0000000000000000,CENSUS,295,D,Observer,N,,,670149,670149,1.000
668306,117275,,SA,296,,N,U,107254,NEP,FRE,WHL,DeadOrZeroProbSurvival,Lan,,,,U,,,,NotApplicable,,,,,,,,,Box,,,1.0,1.0,1.0000000000000000,1.0000000000000000,CENSUS,296,D,Observer,N,,,2149450,2149450,1.000
668307,117276,,SA,297,,N,U,107254,NEP,FRE,WHL,DeadOrZeroProbSurvival,Lan,,,,U,,,,NotApplicable,,,,,,,,,Box,,,1.0,1.0,1.0000000000000000,1.0000000000000000,CENSUS,297,D,Observer,N,,,59890,59890,1.000
668308,117277,,SA,298,,N,U,107254,NEP,FRE,WHL,DeadOrZeroProbSurvival,Lan,,,,U,,,,NotApplicable,,,,,,,,,Box,,,1.0,1.0,1.0000000000000000,1.0000000000000000,CENSUS,298,D,Observer,N,,,5361,5361,1.000
668309,117278,,SA,299,,N,U,107254,NEP,FRE,WHL,DeadOrZeroProbSurvival,Lan,,,,U,,,,NotApplicable,,,,,,,,,Box,,,1.0,1.0,1.0000000000000000,1.0000000000000000,CENSUS,299,D,Observer,N,,,325338,325338,1.000
668310,117279,,SA,3,,N,U,107254,NEP,FRE,WHL,DeadOrZeroProbSurvival,Lan,,,,U,,,,NotApplicable,,,,,,,,,Box,,,1.0,1.0,1.0000000000000000,1.0000000000000000,CENSUS,3,D,Observer,N,,,246938,246938,1.000
668311,117280,,SA,30,,N,U,107254,NEP,FRE,WHL,DeadOrZeroProbSurvival,Lan,,,,U,,,,NotApplicable,,,,,,,,,Box,,,1.0,1.0,1.0000000000000000,1.0000000000000000,CENSUS,30,D,Observer,N,,,584231,584231,1.000
668312,117281,,SA,300,,N,U,107254,NEP,FRE,WHL,DeadOrZeroProbSurvival,Lan,,,,U,,,,NotApplicable,,,,,,,,,Box,,,1.0,1.0,1.0000000000000000,1.0000000000000000,CENSUS,300,D,Observer,N,,,587339,587339,1.000
668313,117282,,SA,31,,N,U,107254,NEP,FRE,WHL,DeadOrZeroProbSurvival,Lan,,,,U,,,,NotApplicable,,,,,,,,,Box,,,1.0,1.0,1.0000000000000000,1.0000000000000000,CENSUS,31,D,Observer,N,,,471658,471658,1.000
668314,117283,,SA,32,,N,U,107254,NEP,FRE,WHL,DeadOrZeroProbSurvival,Lan,,,,U,,,,NotApplicable,,,,,,,,,Box,,,1.0,1.0,1.0000000000000000,1.0000000000000000,CENSUS,32,D,Observer,N,,,321728,321728,1.000
668315,117284,,SA,33,,N,U,107254,NEP,FRE,WHL,DeadOrZeroProbSurvival,Lan,,,,U,,,,NotApplicable,,,,,,,,,Box,,,1.0,1.0,1.0000000000000000,1.0000000000000000,CENSUS,33,D,Observer,N,,,702549,702549,1.000
668316,117285,,SA,34,,N,U,107254,NEP,FRE,WHL,DeadOrZeroProbSurvival,Lan,,,,U,,,,NotApplicable,,,,,,,,,Box,,,1.0,1.0,1.0000000000000000,1.0000000000000000,CENSUS,34,D,Observer,N,,,438142,438142,1.000
668317,117286,,SA,35,,N,U,107254,NEP,FRE,WHL,DeadOrZeroProbSurvival,Lan,,,,U,,,,NotApplicable,,,,,,,,,Box,,,1.0,1.0,1.0000000000000000,1.0000000000000000,CENSUS,35,D,Observer,N,,,188843,188843,1.000
668318,117287,,SA,36,,N,U,107254,NEP,FRE,WHL,DeadOrZeroProbSurvival,Lan,,,,U,,,,NotApplicable,,,,,,,,,Box,,,1.0,1.0,1.0000000000000000,1.0000000000000000,CENSUS,36,D,Observer,N,,,336254,336254,1.000
668319,117288,,SA,37,,N,U,107254,NEP,FRE,WHL,DeadOrZeroProbSurvival,Lan,,,,U,,,,NotApplicable,,,,,,,,,Box,,,1.0,1.0,1.0000000000000000,1.0000000000000000,CENSUS,37,D,Observer,N,,,688468,688468,1.000
668320,117289,,SA,38,,N,U,107254,NEP,FRE,WHL,DeadOrZeroProbSurvival,Lan,,,,U,,,,NotApplicable,,,,,,,,,Box,,,1.0,1.0,1.0000000000000000,1.0000000000000000,CENSUS,38,D,Observer,N,,,164025,164025,1.000
668321,117290,,SA,39,,N,U,107254,NEP,FRE,WHL,DeadOrZeroProbSurvival,Lan,,,,U,,,,NotApplicable,,,,,,,,,Box,,,1.0,1.0,1.0000000000000000,1.0000000000000000,CENSUS,39,D,Observer,N,,,219042,219042,1.000
668322,117291,,SA,4,,N,U,107254,NEP,FRE,WHL,DeadOrZeroProbSurvival,Lan,,,,U,,,,NotApplicable,,,,,,,,,Box,,,1.0,1.0,1.0000000000000000,1.0000000000000000,CENSUS,4,D,Observer,N,,,206781,206781,1.000
668323,117292,,SA,40,,N,U,107254,NEP,FRE,WHL,DeadOrZeroProbSurvival,Lan,,,,U,,,,NotApplicable,,,,,,,,,Box,,,1.0,1.0,1.0000000000000000,1.0000000000000000,CENSUS,40,D,Observer,N,,,229120,229120,1.000
668324,117293,,SA,41,,N,U,107254,NEP,FRE,WHL,DeadOrZeroProbSurvival,Lan,,,,U,,,,NotApplicable,,,,,,,,,Box,,,1.0,1.0,1.0000000000000000,1.0000000000000000,CENSUS,41,D,Observer,N,,,312858,312858,1.000
668325,117294,,SA,42,,N,U,107254,NEP,FRE,WHL,DeadOrZeroProbSurvival,Lan,,,,U,,,,NotApplicable,,,,,,,,,Box,,,1.0,1.0,1.0000000000000000,1.0000000000000000,CENSUS,42,D,Observer,N,,,181020,181020,1.000
668326,117295,,SA,43,,N,U,107254,NEP,FRE,WHL,DeadOrZeroProbSurvival,Lan,,,,U,,,,NotApplicable,,,,,,,,,Box,,,1.0,1.0,1.0000000000000000,1.0000000000000000,CENSUS,43,D,Observer,N,,,392835,392835,1.000
668327,117296,,SA,44,,N,U,107254,NEP,FRE,WHL,DeadOrZeroProbSurvival,Lan,,,,U,,,,NotApplicable,,,,,,,,,Box,,,1.0,1.0,1.0000000000000000,1.0000000000000000,CENSUS,44,D,Observer,N,,,290454,290454,1.000
668328,117297,,SA,45,,N,U,107254,NEP,FRE,WHL,DeadOrZeroProbSurvival,Lan,,,,U,,,,NotApplicable,,,,,,,,,Box,,,1.0,1.0,1.0000000000000000,1.0000000000000000,CENSUS,45,D,Observer,N,,,510319,510319,1.000
668329,117298,,SA,46,,N,U,107254,NEP,FRE,WHL,DeadOrZeroProbSurvival,Lan,,,,U,,,,NotApplicable,,,,,,,,,Box,,,1.0,1.0,1.0000000000000000,1.0000000000000000,CENSUS,46,D,Observer,N,,,174314,174314,1.000
668330,117299,,SA,47,,N,U,107254,NEP,FRE,WHL,DeadOrZeroProbSurvival,Lan,,,,U,,,,NotApplicable,,,,,,,,,Box,,,1.0,1.0,1.0000000000000000,1.0000000000000000,CENSUS,47,D,Observer,N,,,195077,195077,1.000
668331,117300,,SA,48,,N,U,107254,NEP,FRE,WHL,DeadOrZeroProbSurvival,Lan,,,,U,,,,NotApplicable,,,,,,,,,Box,,,1.0,1.0,1.0000000000000000,1.0000000000000000,CENSUS,48,D,Observer,N,,,612112,612112,1.000
668332,117301,,SA,49,,N,U,107254,NEP,FRE,WHL,DeadOrZeroProbSurvival,Lan,,,,U,,,,NotApplicable,,,,,,,,,Box,,,1.0,1.0,1.0000000000000000,1.0000000000000000,CENSUS,49,D,Observer,N,,,528731,528731,1.000
668333,117302,,SA,5,,N,U,107254,NEP,FRE,WHL,DeadOrZeroProbSurvival,Lan,,,,U,,,,NotApplicable,,,,,,,,,Box,,,1.0,1.0,1.0000000000000000,1.0000000000000000,CENSUS,5,D,Observer,N,,,78772,78772,1.000
668334,117303,,SA,50,,N,U,107254,NEP,FRE,WHL,DeadOrZeroProbSurvival,Lan,,,,U,,,,NotApplicable,,,,,,,,,Box,,,1.0,1.0,1.0000000000000000,1.0000000000000000,CENSUS,50,D,Observer,N,,,98838,98838,1.000
668335,117304,,SA,51,,N,U,107254,NEP,FRE,WHL,DeadOrZeroProbSurvival,Lan,,,,U,,,,NotApplicable,,,,,,,,,Box,,,1.0,1.0,1.0000000000000000,1.0000000000000000,CENSUS,51,D,Observer,N,,,69354,69354,1.000
668336,117305,,SA,52,,N,U,107254,NEP,FRE,WHL,DeadOrZeroProbSurvival,Lan,,,,U,,,,NotApplicable,,,,,,,,,Box,,,1.0,1.0,1.0000000000000000,1.0000000000000000,CENSUS,52,D,Observer,N,,,280089,280089,1.000
668337,117306,,SA,53,,N,U,107254,NEP,FRE,WHL,DeadOrZeroProbSurvival,Lan,,,,U,,,,NotApplicable,,,,,,,,,Box,,,1.0,1.0,1.0000000000000000,1.0000000000000000,CENSUS,53,D,Observer,N,,,444407,444407,1.000
668338,117307,,SA,54,,N,U,107254,NEP,FRE,WHL,DeadOrZeroProbSurvival,Lan,,,,U,,,,NotApplicable,,,,,,,,,Box,,,1.0,1.0,1.0000000000000000,1.0000000000000000,CENSUS,54,D,Observer,N,,,224030,224030,1.000
668339,117308,,SA,55,,N,U,107254,NEP,FRE,WHL,DeadOrZeroProbSurvival,Lan,,,,U,,,,NotApplicable,,,,,,,,,Box,,,1.0,1.0,1.0000000000000000,1.0000000000000000,CENSUS,55,D,Observer,N,,,448834,448834,1.000
668340,117309,,SA,56,,N,U,107254,NEP,FRE,WHL,DeadOrZeroProbSurvival,Lan,,,,U,,,,NotApplicable,,,,,,,,,Box,,,1.0,1.0,1.0000000000000000,1.0000000000000000,CENSUS,56,D,Observer,N,,,16099,16099,1.000
668341,117310,,SA,57,,N,U,107254,NEP,FRE,WHL,DeadOrZeroProbSurvival,Lan,,,,U,,,,NotApplicable,,,,,,,,,Box,,,1.0,1.0,1.0000000000000000,1.0000000000000000,CENSUS,57,D,Observer,N,,,130051,130051,1.000
668342,117311,,SA,58,,N,U,107254,NEP,FRE,WHL,DeadOrZeroProbSurvival,Lan,,,,U,,,,NotApplicable,,,,,,,,,Box,,,1.0,1.0,1.0000000000000000,1.0000000000000000,CENSUS,58,D,Observer,N,,,302487,302487,1.000
668343,117312,,SA,59,,N,U,107254,NEP,FRE,WHL,DeadOrZeroProbSurvival,Lan,,,,U,,,,NotApplicable,,,,,,,,,Box,,,1.0,1.0,1.0000000000000000,1.0000000000000000,CENSUS,59,D,Observer,N,,,612694,612694,1.000
668344,117313,,SA,6,,N,U,107254,NEP,FRE,WHL,DeadOrZeroProbSurvival,Lan,,,,U,,,,NotApplicable,,,,,,,,,Box,,,1.0,1.0,1.0000000000000000,1.0000000000000000,CENSUS,6,D,Observer,N,,,210897,210897,1.000
668345,117314,,SA,60,,N,U,107254,NEP,FRE,WHL,DeadOrZeroProbSurvival,Lan,,,,U,,,,NotApplicable,,,,,,,,,Box,,,1.0,1.0,1.0000000000000000,1.0000000000000000,CENSUS,60,D,Observer,N,,,165371,165371,1.000
668346,117315,,SA,61,,N,U,107254,NEP,FRE,WHL,DeadOrZeroProbSurvival,Lan,,,,U,,,,NotApplicable,,,,,,,,,Box,,,1.0,1.0,1.0000000000000000,1.0000000000000000,CENSUS,61,D,Observer,N,,,259498,259498,1.000
668347,117316,,SA,62,,N,U,107254,NEP,FRE,WHL,DeadOrZeroProbSurvival,Lan,,,,U,,,,NotApplicable,,,,,,,,,Box,,,1.0,1.0,1.0000000000000000,1.0000000000000000,CENSUS,62,D,Observer,N,,,232591,232591,1.000
668348,117317,,SA,63,,N,U,107254,NEP,FRE,WHL,DeadOrZeroProbSurvival,Lan,,,,U,,,,NotApplicable,,,,,,,,,Box,,,1.0,1.0,1.0000000000000000,1.0000000000000000,CENSUS,63,D,Observer,N,,,425288,425288,1.000
668349,117318,,SA,64,,N,U,107254,NEP,FRE,WHL,DeadOrZeroProbSurvival,Lan,,,,U,,,,NotApplicable,,,,,,,,,Box,,,1.0,1.0,1.0000000000000000,1.0000000000000000,CENSUS,64,D,Observer,N,,,221357,221357,1.000
668350,117319,,SA,65,,N,U,107254,NEP,FRE,WHL,DeadOrZeroProbSurvival,Lan,,,,U,,,,NotApplicable,,,,,,,,,Box,,,1.0,1.0,1.0000000000000000,1.0000000000000000,CENSUS,65,D,Observer,N,,,241778,241778,1.000
668351,117320,,SA,66,,N,U,107254,NEP,FRE,WHL,DeadOrZeroProbSurvival,Lan,,,,U,,,,NotApplicable,,,,,,,,,Box,,,1.0,1.0,1.0000000000000000,1.0000000000000000,CENSUS,66,D,Observer,N,,,226336,226336,1.000
668352,117321,,SA,67,,N,U,107254,NEP,FRE,WHL,DeadOrZeroProbSurvival,Lan,,,,U,,,,NotApplicable,,,,,,,,,Box,,,1.0,1.0,1.0000000000000000,1.0000000000000000,CENSUS,67,D,Observer,N,,,191291,191291,1.000
668353,117322,,SA,68,,N,U,107254,NEP,FRE,WHL,DeadOrZeroProbSurvival,Lan,,,,U,,,,NotApplicable,,,,,,,,,Box,,,1.0,1.0,1.0000000000000000,1.0000000000000000,CENSUS,68,D,Observer,N,,,517623,517623,1.000
668354,117323,,SA,69,,N,U,107254,NEP,FRE,WHL,DeadOrZeroProbSurvival,Lan,,,,U,,,,NotApplicable,,,,,,,,,Box,,,1.0,1.0,1.0000000000000000,1.0000000000000000,CENSUS,69,D,Observer,N,,,316551,316551,1.000
668355,117324,,SA,7,,N,U,107254,NEP,FRE,WHL,DeadOrZeroProbSurvival,Lan,,,,U,,,,NotApplicable,,,,,,,,,Box,,,1.0,1.0,1.0000000000000000,1.0000000000000000,CENSUS,7,D,Observer,N,,,507101,507101,1.000
668356,117325,,SA,70,,N,U,107254,NEP,FRE,WHL,DeadOrZeroProbSurvival,Lan,,,,U,,,,NotApplicable,,,,,,,,,Box,,,1.0,1.0,1.0000000000000000,1.0000000000000000,CENSUS,70,D,Observer,N,,,137747,137747,1.000
668357,117326,,SA,71,,N,U,107254,NEP,FRE,WHL,DeadOrZeroProbSurvival,Lan,,,,U,,,,NotApplicable,,,,,,,,,Box,,,1.0,1.0,1.0000000000000000,1.0000000000000000,CENSUS,71,D,Observer,N,,,197530,197530,1.000
668358,117327,,SA,72,,N,U,107254,NEP,FRE,WHL,DeadOrZeroProbSurvival,Lan,,,,U,,,,NotApplicable,,,,,,,,,Box,,,1.0,1.0,1.0000000000000000,1.0000000000000000,CENSUS,72,D,Observer,N,,,402212,402212,1.000
668359,117328,,SA,73,,N,U,107254,NEP,FRE,WHL,DeadOrZeroProbSurvival,Lan,,,,U,,,,NotApplicable,,,,,,,,,Box,,,1.0,1.0,1.0000000000000000,1.0000000000000000,CENSUS,73,D,Observer,N,,,197736,197736,1.000
668360,117329,,SA,74,,N,U,107254,NEP,FRE,WHL,DeadOrZeroProbSurvival,Lan,,,,U,,,,NotApplicable,,,,,,,,,Box,,,1.0,1.0,1.0000000000000000,1.0000000000000000,CENSUS,74,D,Observer,N,,,298854,298854,1.000
668361,117330,,SA,75,,N,U,107254,NEP,FRE,WHL,DeadOrZeroProbSurvival,Lan,,,,U,,,,NotApplicable,,,,,,,,,Box,,,1.0,1.0,1.0000000000000000,1.0000000000000000,CENSUS,75,D,Observer,N,,,1006831,1006831,1.000
668362,117331,,SA,76,,N,U,107254,NEP,FRE,WHL,DeadOrZeroProbSurvival,Lan,,,,U,,,,NotApplicable,,,,,,,,,Box,,,1.0,1.0,1.0000000000000000,1.0000000000000000,CENSUS,76,D,Observer,N,,,189467,189467,1.000
668363,117332,,SA,77,,N,U,107254,NEP,FRE,WHL,DeadOrZeroProbSurvival,Lan,,,,U,,,,NotApplicable,,,,,,,,,Box,,,1.0,1.0,1.0000000000000000,1.0000000000000000,CENSUS,77,D,Observer,N,,,257761,257761,1.000
668364,117333,,SA,78,,N,U,107254,NEP,FRE,WHL,DeadOrZeroProbSurvival,Lan,,,,U,,,,NotApplicable,,,,,,,,,Box,,,1.0,1.0,1.0000000000000000,1.0000000000000000,CENSUS,78,D,Observer,N,,,304032,304032,1.000
668365,117334,,SA,79,,N,U,107254,NEP,FRE,WHL,DeadOrZeroProbSurvival,Lan,,,,U,,,,NotApplicable,,,,,,,,,Box,,,1.0,1.0,1.0000000000000000,1.0000000000000000,CENSUS,79,D,Observer,N,,,237239,237239,1.000
668366,117335,,SA,8,,N,U,107254,NEP,FRE,WHL,DeadOrZeroProbSurvival,Lan,,,,U,,,,NotApplicable,,,,,,,,,Box,,,1.0,1.0,1.0000000000000000,1.0000000000000000,CENSUS,8,D,Observer,N,,,332358,332358,1.000
668367,117336,,SA,80,,N,U,107254,NEP,FRE,WHL,DeadOrZeroProbSurvival,Lan,,,,U,,,,NotApplicable,,,,,,,,,Box,,,1.0,1.0,1.0000000000000000,1.0000000000000000,CENSUS,80,D,Observer,N,,,244927,244927,1.000
668368,117337,,SA,81,,N,U,107254,NEP,FRE,WHL,DeadOrZeroProbSurvival,Lan,,,,U,,,,NotApplicable,,,,,,,,,Box,,,1.0,1.0,1.0000000000000000,1.0000000000000000,CENSUS,81,D,Observer,N,,,392935,392935,1.000
668369,117338,,SA,82,,N,U,107254,NEP,FRE,WHL,DeadOrZeroProbSurvival,Lan,,,,U,,,,NotApplicable,,,,,,,,,Box,,,1.0,1.0,1.0000000000000000,1.0000000000000000,CENSUS,82,D,Observer,N,,,249731,249731,1.000
668370,117339,,SA,83,,N,U,107254,NEP,FRE,WHL,DeadOrZeroProbSurvival,Lan,,,,U,,,,NotApplicable,,,,,,,,,Box,,,1.0,1.0,1.0000000000000000,1.0000000000000000,CENSUS,83,D,Observer,N,,,192311,192311,1.000
668371,117340,,SA,84,,N,U,107254,NEP,FRE,WHL,DeadOrZeroProbSurvival,Lan,,,,U,,,,NotApplicable,,,,,,,,,Box,,,1.0,1.0,1.0000000000000000,1.0000000000000000,CENSUS,84,D,Observer,N,,,343115,343115,1.000
668372,117341,,SA,85,,N,U,107254,NEP,FRE,WHL,DeadOrZeroProbSurvival,Lan,,,,U,,,,NotApplicable,,,,,,,,,Box,,,1.0,1.0,1.0000000000000000,1.0000000000000000,CENSUS,85,D,Observer,N,,,226042,226042,1.000
668373,117342,,SA,86,,N,U,107254,NEP,FRE,WHL,DeadOrZeroProbSurvival,Lan,,,,U,,,,NotApplicable,,,,,,,,,Box,,,1.0,1.0,1.0000000000000000,1.0000000000000000,CENSUS,86,D,Observer,N,,,349252,349252,1.000
668374,117343,,SA,87,,N,U,107254,NEP,FRE,WHL,DeadOrZeroProbSurvival,Lan,,,,U,,,,NotApplicable,,,,,,,,,Box,,,1.0,1.0,1.0000000000000000,1.0000000000000000,CENSUS,87,D,Observer,N,,,347598,347598,1.000
668375,117344,,SA,88,,N,U,107254,NEP,FRE,WHL,DeadOrZeroProbSurvival,Lan,,,,U,,,,NotApplicable,,,,,,,,,Box,,,1.0,1.0,1.0000000000000000,1.0000000000000000,CENSUS,88,D,Observer,N,,,312079,312079,1.000
668376,117345,,SA,89,,N,U,107254,NEP,FRE,WHL,DeadOrZeroProbSurvival,Lan,,,,U,,,,NotApplicable,,,,,,,,,Box,,,1.0,1.0,1.0000000000000000,1.0000000000000000,CENSUS,89,D,Observer,N,,,193556,193556,1.000
668377,117346,,SA,9,,N,U,107254,NEP,FRE,WHL,DeadOrZeroProbSurvival,Lan,,,,U,,,,NotApplicable,,,,,,,,,Box,,,1.0,1.0,1.0000000000000000,1.0000000000000000,CENSUS,9,D,Observer,N,,,402202,402202,1.000
668378,117347,,SA,90,,N,U,107254,NEP,FRE,WHL,DeadOrZeroProbSurvival,Lan,,,,U,,,,NotApplicable,,,,,,,,,Box,,,1.0,1.0,1.0000000000000000,1.0000000000000000,CENSUS,90,D,Observer,N,,,203974,203974,1.000
668379,117348,,SA,91,,N,U,107254,NEP,FRE,WHL,DeadOrZeroProbSurvival,Lan,,,,U,,,,NotApplicable,,,,,,,,,Box,,,1.0,1.0,1.0000000000000000,1.0000000000000000,CENSUS,91,D,Observer,N,,,86236,86236,1.000
668380,117349,,SA,92,,N,U,107254,NEP,FRE,WHL,DeadOrZeroProbSurvival,Lan,,,,U,,,,NotApplicable,,,,,,,,,Box,,,1.0,1.0,1.0000000000000000,1.0000000000000000,CENSUS,92,D,Observer,N,,,834293,834293,1.000
668381,117350,,SA,93,,N,U,107254,NEP,FRE,WHL,DeadOrZeroProbSurvival,Lan,,,,U,,,,NotApplicable,,,,,,,,,Box,,,1.0,1.0,1.0000000000000000,1.0000000000000000,CENSUS,93,D,Observer,N,,,443290,443290,1.000
668382,117351,,SA,94,,N,U,107254,NEP,FRE,WHL,DeadOrZeroProbSurvival,Lan,,,,U,,,,NotApplicable,,,,,,,,,Box,,,1.0,1.0,1.0000000000000000,1.0000000000000000,CENSUS,94,D,Observer,N,,,131563,131563,1.000
668383,117352,,SA,95,,N,U,107254,NEP,FRE,WHL,DeadOrZeroProbSurvival,Lan,,,,U,,,,NotApplicable,,,,,,,,,Box,,,1.0,1.0,1.0000000000000000,1.0000000000000000,CENSUS,95,D,Observer,N,,,129416,129416,1.000
668384,117353,,SA,96,,N,U,107254,NEP,FRE,WHL,DeadOrZeroProbSurvival,Lan,,,,U,,,,NotApplicable,,,,,,,,,Box,,,1.0,1.0,1.0000000000000000,1.0000000000000000,CENSUS,96,D,Observer,N,,,134028,134028,1.000
668385,117354,,SA,97,,N,U,107254,NEP,FRE,WHL,DeadOrZeroProbSurvival,Lan,,,,U,,,,NotApplicable,,,,,,,,,Box,,,1.0,1.0,1.0000000000000000,1.0000000000000000,CENSUS,97,D,Observer,N,,,451362,451362,1.000
668386,117355,,SA,98,,N,U,107254,NEP,FRE,WHL,DeadOrZeroProbSurvival,Lan,,,,U,,,,NotApplicable,,,,,,,,,Box,,,1.0,1.0,1.0000000000000000,1.0000000000000000,CENSUS,98,D,Observer,N,,,41666,41666,1.000
668387,117356,,SA,99,,N,U,107254,NEP,FRE,WHL,DeadOrZeroProbSurvival,Lan,,,,U,,,,NotApplicable,,,,,,,,,Box,,,1.0,1.0,1.0000000000000000,1.0000000000000000,CENSUS,99,D,Observer,N,,,347420,347420,1.000
