SSid,LEid,FOid,TEid,FTid,SLid,OSid,SSrecordType,SSsequenceNumber,SSstratification,SSstratumName,SSclustering,SSclusterName,SSobservationActivityType,SScatchFraction,SSobservationType,SSsampler,SSspeciesListName,SSuseForCalculateZero,SStimeTotal,SStimeSampled,SSnumberTotal,SSnumberSampled,SSselectionProb,SSinclusionProb,SSselectionMethod,SSunitName,SSselectionMethodCluster,SSnumberTotalClusters,SSnumberSampledClusters,SSselectionProbCluster,SSinclusionProbCluster,SSsampled,SSreasonNotSampled
117057,,76593,,,31831,,SS,1,N,U,N,U,Sort,Lan,Volume,Observer,Pckg_SDAResources_agstrat_H1,N,,,1,1,1.0000000000000000,1.0000000000000000,CENSUS,1,,,,,,Y,
117058,,76594,,,31831,,SS,10,N,U,N,U,Sort,Lan,Volume,Observer,Pckg_SDAResources_agstrat_H1,N,,,1,1,1.0000000000000000,1.0000000000000000,CENSUS,10,,,,,,Y,
117059,,76595,,,31831,,SS,100,N,U,N,U,Sort,Lan,Volume,Observer,Pckg_SDAResources_agstrat_H1,N,,,1,1,1.0000000000000000,1.0000000000000000,CENSUS,100,,,,,,Y,
117060,,76596,,,31831,,SS,101,N,U,N,U,Sort,Lan,Volume,Observer,Pckg_SDAResources_agstrat_H1,N,,,1,1,1.0000000000000000,1.0000000000000000,CENSUS,101,,,,,,Y,
117061,,76597,,,31831,,SS,102,N,U,N,U,Sort,Lan,Volume,Observer,Pckg_SDAResources_agstrat_H1,N,,,1,1,1.0000000000000000,1.0000000000000000,CENSUS,102,,,,,,Y,
117062,,76598,,,31831,,SS,103,N,U,N,U,Sort,Lan,Volume,Observer,Pckg_SDAResources_agstrat_H1,N,,,1,1,1.0000000000000000,1.0000000000000000,CENSUS,103,,,,,,Y,
117063,,76599,,,31831,,SS,104,N,U,N,U,Sort,Lan,Volume,Observer,Pckg_SDAResources_agstrat_H1,N,,,1,1,1.0000000000000000,1.0000000000000000,CENSUS,104,,,,,,Y,
117064,,76600,,,31831,,SS,105,N,U,N,U,Sort,Lan,Volume,Observer,Pckg_SDAResources_agstrat_H1,N,,,1,1,1.0000000000000000,1.0000000000000000,CENSUS,105,,,,,,Y,
117065,,76601,,,31831,,SS,106,N,U,N,U,Sort,Lan,Volume,Observer,Pckg_SDAResources_agstrat_H1,N,,,1,1,1.0000000000000000,1.0000000000000000,CENSUS,106,,,,,,Y,
117066,,76602,,,31831,,SS,107,N,U,N,U,Sort,Lan,Volume,Observer,Pckg_SDAResources_agstrat_H1,N,,,1,1,1.0000000000000000,1.0000000000000000,CENSUS,107,,,,,,Y,
117067,,76603,,,31831,,SS,108,N,U,N,U,Sort,Lan,Volume,Observer,Pckg_SDAResources_agstrat_H1,N,,,1,1,1.0000000000000000,1.0000000000000000,CENSUS,108,,,,,,Y,
117068,,76604,,,31831,,SS,109,N,U,N,U,Sort,Lan,Volume,Observer,Pckg_SDAResources_agstrat_H1,N,,,1,1,1.0000000000000000,1.0000000000000000,CENSUS,109,,,,,,Y,
117069,,76605,,,31831,,SS,11,N,U,N,U,Sort,Lan,Volume,Observer,Pckg_SDAResources_agstrat_H1,N,,,1,1,1.0000000000000000,1.0000000000000000,CENSUS,11,,,,,,Y,
117070,,76606,,,31831,,SS,110,N,U,N,U,Sort,Lan,Volume,Observer,Pckg_SDAResources_agstrat_H1,N,,,1,1,1.0000000000000000,1.0000000000000000,CENSUS,110,,,,,,Y,
117071,,76607,,,31831,,SS,111,N,U,N,U,Sort,Lan,Volume,Observer,Pckg_SDAResources_agstrat_H1,N,,,1,1,1.0000000000000000,1.0000000000000000,CENSUS,111,,,,,,Y,
117072,,76608,,,31831,,SS,112,N,U,N,U,Sort,Lan,Volume,Observer,Pckg_SDAResources_agstrat_H1,N,,,1,1,1.0000000000000000,1.0000000000000000,CENSUS,112,,,,,,Y,
117073,,76609,,,31831,,SS,113,N,U,N,U,Sort,Lan,Volume,Observer,Pckg_SDAResources_agstrat_H1,N,,,1,1,1.0000000000000000,1.0000000000000000,CENSUS,113,,,,,,Y,
117074,,76610,,,31831,,SS,114,N,U,N,U,Sort,Lan,Volume,Observer,Pckg_SDAResources_agstrat_H1,N,,,1,1,1.0000000000000000,1.0000000000000000,CENSUS,114,,,,,,Y,
117075,,76611,,,31831,,SS,115,N,U,N,U,Sort,Lan,Volume,Observer,Pckg_SDAResources_agstrat_H1,N,,,1,1,1.0000000000000000,1.0000000000000000,CENSUS,115,,,,,,Y,
117076,,76612,,,31831,,SS,116,N,U,N,U,Sort,Lan,Volume,Observer,Pckg_SDAResources_agstrat_H1,N,,,1,1,1.0000000000000000,1.0000000000000000,CENSUS,116,,,,,,Y,
117077,,76613,,,31831,,SS,117,N,U,N,U,Sort,Lan,Volume,Observer,Pckg_SDAResources_agstrat_H1,N,,,1,1,1.0000000000000000,1.0000000000000000,CENSUS,117,,,,,,Y,
117078,,76614,,,31831,,SS,118,N,U,N,U,Sort,Lan,Volume,Observer,Pckg_SDAResources_agstrat_H1,N,,,1,1,1.0000000000000000,1.0000000000000000,CENSUS,118,,,,,,Y,
117079,,76615,,,31831,,SS,119,N,U,N,U,Sort,Lan,Volume,Observer,Pckg_SDAResources_agstrat_H1,N,,,1,1,1.0000000000000000,1.0000000000000000,CENSUS,119,,,,,,Y,
117080,,76616,,,31831,,SS,12,N,U,N,U,Sort,Lan,Volume,Observer,Pckg_SDAResources_agstrat_H1,N,,,1,1,1.0000000000000000,1.0000000000000000,CENSUS,12,,,,,,Y,
117081,,76617,,,31831,,SS,120,N,U,N,U,Sort,Lan,Volume,Observer,Pckg_SDAResources_agstrat_H1,N,,,1,1,1.0000000000000000,1.0000000000000000,CENSUS,120,,,,,,Y,
117082,,76618,,,31831,,SS,121,N,U,N,U,Sort,Lan,Volume,Observer,Pckg_SDAResources_agstrat_H1,N,,,1,1,1.0000000000000000,1.0000000000000000,CENSUS,121,,,,,,Y,
117083,,76619,,,31831,,SS,122,N,U,N,U,Sort,Lan,Volume,Observer,Pckg_SDAResources_agstrat_H1,N,,,1,1,1.0000000000000000,1.0000000000000000,CENSUS,122,,,,,,Y,
117084,,76620,,,31831,,SS,123,N,U,N,U,Sort,Lan,Volume,Observer,Pckg_SDAResources_agstrat_H1,N,,,1,1,1.0000000000000000,1.0000000000000000,CENSUS,123,,,,,,Y,
117085,,76621,,,31831,,SS,124,N,U,N,U,Sort,Lan,Volume,Observer,Pckg_SDAResources_agstrat_H1,N,,,1,1,1.0000000000000000,1.0000000000000000,CENSUS,124,,,,,,Y,
117086,,76622,,,31831,,SS,125,N,U,N,U,Sort,Lan,Volume,Observer,Pckg_SDAResources_agstrat_H1,N,,,1,1,1.0000000000000000,1.0000000000000000,CENSUS,125,,,,,,Y,
117087,,76623,,,31831,,SS,126,N,U,N,U,Sort,Lan,Volume,Observer,Pckg_SDAResources_agstrat_H1,N,,,1,1,1.0000000000000000,1.0000000000000000,CENSUS,126,,,,,,Y,
117088,,76624,,,31831,,SS,127,N,U,N,U,Sort,Lan,Volume,Observer,Pckg_SDAResources_agstrat_H1,N,,,1,1,1.0000000000000000,1.0000000000000000,CENSUS,127,,,,,,Y,
117089,,76625,,,31831,,SS,128,N,U,N,U,Sort,Lan,Volume,Observer,Pckg_SDAResources_agstrat_H1,N,,,1,1,1.0000000000000000,1.0000000000000000,CENSUS,128,,,,,,Y,
117090,,76626,,,31831,,SS,129,N,U,N,U,Sort,Lan,Volume,Observer,Pckg_SDAResources_agstrat_H1,N,,,1,1,1.0000000000000000,1.0000000000000000,CENSUS,129,,,,,,Y,
117091,,76627,,,31831,,SS,13,N,U,N,U,Sort,Lan,Volume,Observer,Pckg_SDAResources_agstrat_H1,N,,,1,1,1.0000000000000000,1.0000000000000000,CENSUS,13,,,,,,Y,
117092,,76628,,,31831,,SS,130,N,U,N,U,Sort,Lan,Volume,Observer,Pckg_SDAResources_agstrat_H1,N,,,1,1,1.0000000000000000,1.0000000000000000,CENSUS,130,,,,,,Y,
117093,,76629,,,31831,,SS,131,N,U,N,U,Sort,Lan,Volume,Observer,Pckg_SDAResources_agstrat_H1,N,,,1,1,1.0000000000000000,1.0000000000000000,CENSUS,131,,,,,,Y,
117094,,76630,,,31831,,SS,132,N,U,N,U,Sort,Lan,Volume,Observer,Pckg_SDAResources_agstrat_H1,N,,,1,1,1.0000000000000000,1.0000000000000000,CENSUS,132,,,,,,Y,
117095,,76631,,,31831,,SS,133,N,U,N,U,Sort,Lan,Volume,Observer,Pckg_SDAResources_agstrat_H1,N,,,1,1,1.0000000000000000,1.0000000000000000,CENSUS,133,,,,,,Y,
117096,,76632,,,31831,,SS,134,N,U,N,U,Sort,Lan,Volume,Observer,Pckg_SDAResources_agstrat_H1,N,,,1,1,1.0000000000000000,1.0000000000000000,CENSUS,134,,,,,,Y,
117097,,76633,,,31831,,SS,135,N,U,N,U,Sort,Lan,Volume,Observer,Pckg_SDAResources_agstrat_H1,N,,,1,1,1.0000000000000000,1.0000000000000000,CENSUS,135,,,,,,Y,
117098,,76634,,,31831,,SS,136,N,U,N,U,Sort,Lan,Volume,Observer,Pckg_SDAResources_agstrat_H1,N,,,1,1,1.0000000000000000,1.0000000000000000,CENSUS,136,,,,,,Y,
117099,,76635,,,31831,,SS,137,N,U,N,U,Sort,Lan,Volume,Observer,Pckg_SDAResources_agstrat_H1,N,,,1,1,1.0000000000000000,1.0000000000000000,CENSUS,137,,,,,,Y,
117100,,76636,,,31831,,SS,138,N,U,N,U,Sort,Lan,Volume,Observer,Pckg_SDAResources_agstrat_H1,N,,,1,1,1.0000000000000000,1.0000000000000000,CENSUS,138,,,,,,Y,
117101,,76637,,,31831,,SS,139,N,U,N,U,Sort,Lan,Volume,Observer,Pckg_SDAResources_agstrat_H1,N,,,1,1,1.0000000000000000,1.0000000000000000,CENSUS,139,,,,,,Y,
117102,,76638,,,31831,,SS,14,N,U,N,U,Sort,Lan,Volume,Observer,Pckg_SDAResources_agstrat_H1,N,,,1,1,1.0000000000000000,1.0000000000000000,CENSUS,14,,,,,,Y,
117103,,76639,,,31831,,SS,140,N,U,N,U,Sort,Lan,Volume,Observer,Pckg_SDAResources_agstrat_H1,N,,,1,1,1.0000000000000000,1.0000000000000000,CENSUS,140,,,,,,Y,
117104,,76640,,,31831,,SS,141,N,U,N,U,Sort,Lan,Volume,Observer,Pckg_SDAResources_agstrat_H1,N,,,1,1,1.0000000000000000,1.0000000000000000,CENSUS,141,,,,,,Y,
117105,,76641,,,31831,,SS,142,N,U,N,U,Sort,Lan,Volume,Observer,Pckg_SDAResources_agstrat_H1,N,,,1,1,1.0000000000000000,1.0000000000000000,CENSUS,142,,,,,,Y,
117106,,76642,,,31831,,SS,143,N,U,N,U,Sort,Lan,Volume,Observer,Pckg_SDAResources_agstrat_H1,N,,,1,1,1.0000000000000000,1.0000000000000000,CENSUS,143,,,,,,Y,
117107,,76643,,,31831,,SS,144,N,U,N,U,Sort,Lan,Volume,Observer,Pckg_SDAResources_agstrat_H1,N,,,1,1,1.0000000000000000,1.0000000000000000,CENSUS,144,,,,,,Y,
117108,,76644,,,31831,,SS,145,N,U,N,U,Sort,Lan,Volume,Observer,Pckg_SDAResources_agstrat_H1,N,,,1,1,1.0000000000000000,1.0000000000000000,CENSUS,145,,,,,,Y,
117109,,76645,,,31831,,SS,146,N,U,N,U,Sort,Lan,Volume,Observer,Pckg_SDAResources_agstrat_H1,N,,,1,1,1.0000000000000000,1.0000000000000000,CENSUS,146,,,,,,Y,
117110,,76646,,,31831,,SS,147,N,U,N,U,Sort,Lan,Volume,Observer,Pckg_SDAResources_agstrat_H1,N,,,1,1,1.0000000000000000,1.0000000000000000,CENSUS,147,,,,,,Y,
117111,,76647,,,31831,,SS,148,N,U,N,U,Sort,Lan,Volume,Observer,Pckg_SDAResources_agstrat_H1,N,,,1,1,1.0000000000000000,1.0000000000000000,CENSUS,148,,,,,,Y,
117112,,76648,,,31831,,SS,149,N,U,N,U,Sort,Lan,Volume,Observer,Pckg_SDAResources_agstrat_H1,N,,,1,1,1.0000000000000000,1.0000000000000000,CENSUS,149,,,,,,Y,
117113,,76649,,,31831,,SS,15,N,U,N,U,Sort,Lan,Volume,Observer,Pckg_SDAResources_agstrat_H1,N,,,1,1,1.0000000000000000,1.0000000000000000,CENSUS,15,,,,,,Y,
117114,,76650,,,31831,,SS,150,N,U,N,U,Sort,Lan,Volume,Observer,Pckg_SDAResources_agstrat_H1,N,,,1,1,1.0000000000000000,1.0000000000000000,CENSUS,150,,,,,,Y,
117115,,76651,,,31831,,SS,151,N,U,N,U,Sort,Lan,Volume,Observer,Pckg_SDAResources_agstrat_H1,N,,,1,1,1.0000000000000000,1.0000000000000000,CENSUS,151,,,,,,Y,
117116,,76652,,,31831,,SS,152,N,U,N,U,Sort,Lan,Volume,Observer,Pckg_SDAResources_agstrat_H1,N,,,1,1,1.0000000000000000,1.0000000000000000,CENSUS,152,,,,,,Y,
117117,,76653,,,31831,,SS,153,N,U,N,U,Sort,Lan,Volume,Observer,Pckg_SDAResources_agstrat_H1,N,,,1,1,1.0000000000000000,1.0000000000000000,CENSUS,153,,,,,,Y,
117118,,76654,,,31831,,SS,154,N,U,N,U,Sort,Lan,Volume,Observer,Pckg_SDAResources_agstrat_H1,N,,,1,1,1.0000000000000000,1.0000000000000000,CENSUS,154,,,,,,Y,
117119,,76655,,,31831,,SS,155,N,U,N,U,Sort,Lan,Volume,Observer,Pckg_SDAResources_agstrat_H1,N,,,1,1,1.0000000000000000,1.0000000000000000,CENSUS,155,,,,,,Y,
117120,,76656,,,31831,,SS,156,N,U,N,U,Sort,Lan,Volume,Observer,Pckg_SDAResources_agstrat_H1,N,,,1,1,1.0000000000000000,1.0000000000000000,CENSUS,156,,,,,,Y,
117121,,76657,,,31831,,SS,157,N,U,N,U,Sort,Lan,Volume,Observer,Pckg_SDAResources_agstrat_H1,N,,,1,1,1.0000000000000000,1.0000000000000000,CENSUS,157,,,,,,Y,
117122,,76658,,,31831,,SS,158,N,U,N,U,Sort,Lan,Volume,Observer,Pckg_SDAResources_agstrat_H1,N,,,1,1,1.0000000000000000,1.0000000000000000,CENSUS,158,,,,,,Y,
117123,,76659,,,31831,,SS,159,N,U,N,U,Sort,Lan,Volume,Observer,Pckg_SDAResources_agstrat_H1,N,,,1,1,1.0000000000000000,1.0000000000000000,CENSUS,159,,,,,,Y,
117124,,76660,,,31831,,SS,16,N,U,N,U,Sort,Lan,Volume,Observer,Pckg_SDAResources_agstrat_H1,N,,,1,1,1.0000000000000000,1.0000000000000000,CENSUS,16,,,,,,Y,
117125,,76661,,,31831,,SS,160,N,U,N,U,Sort,Lan,Volume,Observer,Pckg_SDAResources_agstrat_H1,N,,,1,1,1.0000000000000000,1.0000000000000000,CENSUS,160,,,,,,Y,
117126,,76662,,,31831,,SS,161,N,U,N,U,Sort,Lan,Volume,Observer,Pckg_SDAResources_agstrat_H1,N,,,1,1,1.0000000000000000,1.0000000000000000,CENSUS,161,,,,,,Y,
117127,,76663,,,31831,,SS,162,N,U,N,U,Sort,Lan,Volume,Observer,Pckg_SDAResources_agstrat_H1,N,,,1,1,1.0000000000000000,1.0000000000000000,CENSUS,162,,,,,,Y,
117128,,76664,,,31831,,SS,163,N,U,N,U,Sort,Lan,Volume,Observer,Pckg_SDAResources_agstrat_H1,N,,,1,1,1.0000000000000000,1.0000000000000000,CENSUS,163,,,,,,Y,
117129,,76665,,,31831,,SS,164,N,U,N,U,Sort,Lan,Volume,Observer,Pckg_SDAResources_agstrat_H1,N,,,1,1,1.0000000000000000,1.0000000000000000,CENSUS,164,,,,,,Y,
117130,,76666,,,31831,,SS,165,N,U,N,U,Sort,Lan,Volume,Observer,Pckg_SDAResources_agstrat_H1,N,,,1,1,1.0000000000000000,1.0000000000000000,CENSUS,165,,,,,,Y,
117131,,76667,,,31831,,SS,166,N,U,N,U,Sort,Lan,Volume,Observer,Pckg_SDAResources_agstrat_H1,N,,,1,1,1.0000000000000000,1.0000000000000000,CENSUS,166,,,,,,Y,
117132,,76668,,,31831,,SS,167,N,U,N,U,Sort,Lan,Volume,Observer,Pckg_SDAResources_agstrat_H1,N,,,1,1,1.0000000000000000,1.0000000000000000,CENSUS,167,,,,,,Y,
117133,,76669,,,31831,,SS,168,N,U,N,U,Sort,Lan,Volume,Observer,Pckg_SDAResources_agstrat_H1,N,,,1,1,1.0000000000000000,1.0000000000000000,CENSUS,168,,,,,,Y,
117134,,76670,,,31831,,SS,169,N,U,N,U,Sort,Lan,Volume,Observer,Pckg_SDAResources_agstrat_H1,N,,,1,1,1.0000000000000000,1.0000000000000000,CENSUS,169,,,,,,Y,
117135,,76671,,,31831,,SS,17,N,U,N,U,Sort,Lan,Volume,Observer,Pckg_SDAResources_agstrat_H1,N,,,1,1,1.0000000000000000,1.0000000000000000,CENSUS,17,,,,,,Y,
117136,,76672,,,31831,,SS,170,N,U,N,U,Sort,Lan,Volume,Observer,Pckg_SDAResources_agstrat_H1,N,,,1,1,1.0000000000000000,1.0000000000000000,CENSUS,170,,,,,,Y,
117137,,76673,,,31831,,SS,171,N,U,N,U,Sort,Lan,Volume,Observer,Pckg_SDAResources_agstrat_H1,N,,,1,1,1.0000000000000000,1.0000000000000000,CENSUS,171,,,,,,Y,
117138,,76674,,,31831,,SS,172,N,U,N,U,Sort,Lan,Volume,Observer,Pckg_SDAResources_agstrat_H1,N,,,1,1,1.0000000000000000,1.0000000000000000,CENSUS,172,,,,,,Y,
117139,,76675,,,31831,,SS,173,N,U,N,U,Sort,Lan,Volume,Observer,Pckg_SDAResources_agstrat_H1,N,,,1,1,1.0000000000000000,1.0000000000000000,CENSUS,173,,,,,,Y,
117140,,76676,,,31831,,SS,174,N,U,N,U,Sort,Lan,Volume,Observer,Pckg_SDAResources_agstrat_H1,N,,,1,1,1.0000000000000000,1.0000000000000000,CENSUS,174,,,,,,Y,
117141,,76677,,,31831,,SS,175,N,U,N,U,Sort,Lan,Volume,Observer,Pckg_SDAResources_agstrat_H1,N,,,1,1,1.0000000000000000,1.0000000000000000,CENSUS,175,,,,,,Y,
117142,,76678,,,31831,,SS,176,N,U,N,U,Sort,Lan,Volume,Observer,Pckg_SDAResources_agstrat_H1,N,,,1,1,1.0000000000000000,1.0000000000000000,CENSUS,176,,,,,,Y,
117143,,76679,,,31831,,SS,177,N,U,N,U,Sort,Lan,Volume,Observer,Pckg_SDAResources_agstrat_H1,N,,,1,1,1.0000000000000000,1.0000000000000000,CENSUS,177,,,,,,Y,
117144,,76680,,,31831,,SS,178,N,U,N,U,Sort,Lan,Volume,Observer,Pckg_SDAResources_agstrat_H1,N,,,1,1,1.0000000000000000,1.0000000000000000,CENSUS,178,,,,,,Y,
117145,,76681,,,31831,,SS,179,N,U,N,U,Sort,Lan,Volume,Observer,Pckg_SDAResources_agstrat_H1,N,,,1,1,1.0000000000000000,1.0000000000000000,CENSUS,179,,,,,,Y,
117146,,76682,,,31831,,SS,18,N,U,N,U,Sort,Lan,Volume,Observer,Pckg_SDAResources_agstrat_H1,N,,,1,1,1.0000000000000000,1.0000000000000000,CENSUS,18,,,,,,Y,
117147,,76683,,,31831,,SS,180,N,U,N,U,Sort,Lan,Volume,Observer,Pckg_SDAResources_agstrat_H1,N,,,1,1,1.0000000000000000,1.0000000000000000,CENSUS,180,,,,,,Y,
117148,,76684,,,31831,,SS,181,N,U,N,U,Sort,Lan,Volume,Observer,Pckg_SDAResources_agstrat_H1,N,,,1,1,1.0000000000000000,1.0000000000000000,CENSUS,181,,,,,,Y,
117149,,76685,,,31831,,SS,182,N,U,N,U,Sort,Lan,Volume,Observer,Pckg_SDAResources_agstrat_H1,N,,,1,1,1.0000000000000000,1.0000000000000000,CENSUS,182,,,,,,Y,
117150,,76686,,,31831,,SS,183,N,U,N,U,Sort,Lan,Volume,Observer,Pckg_SDAResources_agstrat_H1,N,,,1,1,1.0000000000000000,1.0000000000000000,CENSUS,183,,,,,,Y,
117151,,76687,,,31831,,SS,184,N,U,N,U,Sort,Lan,Volume,Observer,Pckg_SDAResources_agstrat_H1,N,,,1,1,1.0000000000000000,1.0000000000000000,CENSUS,184,,,,,,Y,
117152,,76688,,,31831,,SS,185,N,U,N,U,Sort,Lan,Volume,Observer,Pckg_SDAResources_agstrat_H1,N,,,1,1,1.0000000000000000,1.0000000000000000,CENSUS,185,,,,,,Y,
117153,,76689,,,31831,,SS,186,N,U,N,U,Sort,Lan,Volume,Observer,Pckg_SDAResources_agstrat_H1,N,,,1,1,1.0000000000000000,1.0000000000000000,CENSUS,186,,,,,,Y,
117154,,76690,,,31831,,SS,187,N,U,N,U,Sort,Lan,Volume,Observer,Pckg_SDAResources_agstrat_H1,N,,,1,1,1.0000000000000000,1.0000000000000000,CENSUS,187,,,,,,Y,
117155,,76691,,,31831,,SS,188,N,U,N,U,Sort,Lan,Volume,Observer,Pckg_SDAResources_agstrat_H1,N,,,1,1,1.0000000000000000,1.0000000000000000,CENSUS,188,,,,,,Y,
117156,,76692,,,31831,,SS,189,N,U,N,U,Sort,Lan,Volume,Observer,Pckg_SDAResources_agstrat_H1,N,,,1,1,1.0000000000000000,1.0000000000000000,CENSUS,189,,,,,,Y,
117157,,76693,,,31831,,SS,19,N,U,N,U,Sort,Lan,Volume,Observer,Pckg_SDAResources_agstrat_H1,N,,,1,1,1.0000000000000000,1.0000000000000000,CENSUS,19,,,,,,Y,
117158,,76694,,,31831,,SS,190,N,U,N,U,Sort,Lan,Volume,Observer,Pckg_SDAResources_agstrat_H1,N,,,1,1,1.0000000000000000,1.0000000000000000,CENSUS,190,,,,,,Y,
117159,,76695,,,31831,,SS,191,N,U,N,U,Sort,Lan,Volume,Observer,Pckg_SDAResources_agstrat_H1,N,,,1,1,1.0000000000000000,1.0000000000000000,CENSUS,191,,,,,,Y,
117160,,76696,,,31831,,SS,192,N,U,N,U,Sort,Lan,Volume,Observer,Pckg_SDAResources_agstrat_H1,N,,,1,1,1.0000000000000000,1.0000000000000000,CENSUS,192,,,,,,Y,
117161,,76697,,,31831,,SS,193,N,U,N,U,Sort,Lan,Volume,Observer,Pckg_SDAResources_agstrat_H1,N,,,1,1,1.0000000000000000,1.0000000000000000,CENSUS,193,,,,,,Y,
117162,,76698,,,31831,,SS,194,N,U,N,U,Sort,Lan,Volume,Observer,Pckg_SDAResources_agstrat_H1,N,,,1,1,1.0000000000000000,1.0000000000000000,CENSUS,194,,,,,,Y,
117163,,76699,,,31831,,SS,195,N,U,N,U,Sort,Lan,Volume,Observer,Pckg_SDAResources_agstrat_H1,N,,,1,1,1.0000000000000000,1.0000000000000000,CENSUS,195,,,,,,Y,
117164,,76700,,,31831,,SS,196,N,U,N,U,Sort,Lan,Volume,Observer,Pckg_SDAResources_agstrat_H1,N,,,1,1,1.0000000000000000,1.0000000000000000,CENSUS,196,,,,,,Y,
117165,,76701,,,31831,,SS,197,N,U,N,U,Sort,Lan,Volume,Observer,Pckg_SDAResources_agstrat_H1,N,,,1,1,1.0000000000000000,1.0000000000000000,CENSUS,197,,,,,,Y,
117166,,76702,,,31831,,SS,198,N,U,N,U,Sort,Lan,Volume,Observer,Pckg_SDAResources_agstrat_H1,N,,,1,1,1.0000000000000000,1.0000000000000000,CENSUS,198,,,,,,Y,
117167,,76703,,,31831,,SS,199,N,U,N,U,Sort,Lan,Volume,Observer,Pckg_SDAResources_agstrat_H1,N,,,1,1,1.0000000000000000,1.0000000000000000,CENSUS,199,,,,,,Y,
117168,,76704,,,31831,,SS,2,N,U,N,U,Sort,Lan,Volume,Observer,Pckg_SDAResources_agstrat_H1,N,,,1,1,1.0000000000000000,1.0000000000000000,CENSUS,2,,,,,,Y,
117169,,76705,,,31831,,SS,20,N,U,N,U,Sort,Lan,Volume,Observer,Pckg_SDAResources_agstrat_H1,N,,,1,1,1.0000000000000000,1.0000000000000000,CENSUS,20,,,,,,Y,
117170,,76706,,,31831,,SS,200,N,U,N,U,Sort,Lan,Volume,Observer,Pckg_SDAResources_agstrat_H1,N,,,1,1,1.0000000000000000,1.0000000000000000,CENSUS,200,,,,,,Y,
117171,,76707,,,31831,,SS,201,N,U,N,U,Sort,Lan,Volume,Observer,Pckg_SDAResources_agstrat_H1,N,,,1,1,1.0000000000000000,1.0000000000000000,CENSUS,201,,,,,,Y,
117172,,76708,,,31831,,SS,202,N,U,N,U,Sort,Lan,Volume,Observer,Pckg_SDAResources_agstrat_H1,N,,,1,1,1.0000000000000000,1.0000000000000000,CENSUS,202,,,,,,Y,
117173,,76709,,,31831,,SS,203,N,U,N,U,Sort,Lan,Volume,Observer,Pckg_SDAResources_agstrat_H1,N,,,1,1,1.0000000000000000,1.0000000000000000,CENSUS,203,,,,,,Y,
117174,,76710,,,31831,,SS,204,N,U,N,U,Sort,Lan,Volume,Observer,Pckg_SDAResources_agstrat_H1,N,,,1,1,1.0000000000000000,1.0000000000000000,CENSUS,204,,,,,,Y,
117175,,76711,,,31831,,SS,205,N,U,N,U,Sort,Lan,Volume,Observer,Pckg_SDAResources_agstrat_H1,N,,,1,1,1.0000000000000000,1.0000000000000000,CENSUS,205,,,,,,Y,
117176,,76712,,,31831,,SS,206,N,U,N,U,Sort,Lan,Volume,Observer,Pckg_SDAResources_agstrat_H1,N,,,1,1,1.0000000000000000,1.0000000000000000,CENSUS,206,,,,,,Y,
117177,,76713,,,31831,,SS,207,N,U,N,U,Sort,Lan,Volume,Observer,Pckg_SDAResources_agstrat_H1,N,,,1,1,1.0000000000000000,1.0000000000000000,CENSUS,207,,,,,,Y,
117178,,76714,,,31831,,SS,208,N,U,N,U,Sort,Lan,Volume,Observer,Pckg_SDAResources_agstrat_H1,N,,,1,1,1.0000000000000000,1.0000000000000000,CENSUS,208,,,,,,Y,
117179,,76715,,,31831,,SS,209,N,U,N,U,Sort,Lan,Volume,Observer,Pckg_SDAResources_agstrat_H1,N,,,1,1,1.0000000000000000,1.0000000000000000,CENSUS,209,,,,,,Y,
117180,,76716,,,31831,,SS,21,N,U,N,U,Sort,Lan,Volume,Observer,Pckg_SDAResources_agstrat_H1,N,,,1,1,1.0000000000000000,1.0000000000000000,CENSUS,21,,,,,,Y,
117181,,76717,,,31831,,SS,210,N,U,N,U,Sort,Lan,Volume,Observer,Pckg_SDAResources_agstrat_H1,N,,,1,1,1.0000000000000000,1.0000000000000000,CENSUS,210,,,,,,Y,
117182,,76718,,,31831,,SS,211,N,U,N,U,Sort,Lan,Volume,Observer,Pckg_SDAResources_agstrat_H1,N,,,1,1,1.0000000000000000,1.0000000000000000,CENSUS,211,,,,,,Y,
117183,,76719,,,31831,,SS,212,N,U,N,U,Sort,Lan,Volume,Observer,Pckg_SDAResources_agstrat_H1,N,,,1,1,1.0000000000000000,1.0000000000000000,CENSUS,212,,,,,,Y,
117184,,76720,,,31831,,SS,213,N,U,N,U,Sort,Lan,Volume,Observer,Pckg_SDAResources_agstrat_H1,N,,,1,1,1.0000000000000000,1.0000000000000000,CENSUS,213,,,,,,Y,
117185,,76721,,,31831,,SS,214,N,U,N,U,Sort,Lan,Volume,Observer,Pckg_SDAResources_agstrat_H1,N,,,1,1,1.0000000000000000,1.0000000000000000,CENSUS,214,,,,,,Y,
117186,,76722,,,31831,,SS,215,N,U,N,U,Sort,Lan,Volume,Observer,Pckg_SDAResources_agstrat_H1,N,,,1,1,1.0000000000000000,1.0000000000000000,CENSUS,215,,,,,,Y,
117187,,76723,,,31831,,SS,216,N,U,N,U,Sort,Lan,Volume,Observer,Pckg_SDAResources_agstrat_H1,N,,,1,1,1.0000000000000000,1.0000000000000000,CENSUS,216,,,,,,Y,
117188,,76724,,,31831,,SS,217,N,U,N,U,Sort,Lan,Volume,Observer,Pckg_SDAResources_agstrat_H1,N,,,1,1,1.0000000000000000,1.0000000000000000,CENSUS,217,,,,,,Y,
117189,,76725,,,31831,,SS,218,N,U,N,U,Sort,Lan,Volume,Observer,Pckg_SDAResources_agstrat_H1,N,,,1,1,1.0000000000000000,1.0000000000000000,CENSUS,218,,,,,,Y,
117190,,76726,,,31831,,SS,219,N,U,N,U,Sort,Lan,Volume,Observer,Pckg_SDAResources_agstrat_H1,N,,,1,1,1.0000000000000000,1.0000000000000000,CENSUS,219,,,,,,Y,
117191,,76727,,,31831,,SS,22,N,U,N,U,Sort,Lan,Volume,Observer,Pckg_SDAResources_agstrat_H1,N,,,1,1,1.0000000000000000,1.0000000000000000,CENSUS,22,,,,,,Y,
117192,,76728,,,31831,,SS,220,N,U,N,U,Sort,Lan,Volume,Observer,Pckg_SDAResources_agstrat_H1,N,,,1,1,1.0000000000000000,1.0000000000000000,CENSUS,220,,,,,,Y,
117193,,76729,,,31831,,SS,221,N,U,N,U,Sort,Lan,Volume,Observer,Pckg_SDAResources_agstrat_H1,N,,,1,1,1.0000000000000000,1.0000000000000000,CENSUS,221,,,,,,Y,
117194,,76730,,,31831,,SS,222,N,U,N,U,Sort,Lan,Volume,Observer,Pckg_SDAResources_agstrat_H1,N,,,1,1,1.0000000000000000,1.0000000000000000,CENSUS,222,,,,,,Y,
117195,,76731,,,31831,,SS,223,N,U,N,U,Sort,Lan,Volume,Observer,Pckg_SDAResources_agstrat_H1,N,,,1,1,1.0000000000000000,1.0000000000000000,CENSUS,223,,,,,,Y,
117196,,76732,,,31831,,SS,224,N,U,N,U,Sort,Lan,Volume,Observer,Pckg_SDAResources_agstrat_H1,N,,,1,1,1.0000000000000000,1.0000000000000000,CENSUS,224,,,,,,Y,
117197,,76733,,,31831,,SS,225,N,U,N,U,Sort,Lan,Volume,Observer,Pckg_SDAResources_agstrat_H1,N,,,1,1,1.0000000000000000,1.0000000000000000,CENSUS,225,,,,,,Y,
117198,,76734,,,31831,,SS,226,N,U,N,U,Sort,Lan,Volume,Observer,Pckg_SDAResources_agstrat_H1,N,,,1,1,1.0000000000000000,1.0000000000000000,CENSUS,226,,,,,,Y,
117199,,76735,,,31831,,SS,227,N,U,N,U,Sort,Lan,Volume,Observer,Pckg_SDAResources_agstrat_H1,N,,,1,1,1.0000000000000000,1.0000000000000000,CENSUS,227,,,,,,Y,
117200,,76736,,,31831,,SS,228,N,U,N,U,Sort,Lan,Volume,Observer,Pckg_SDAResources_agstrat_H1,N,,,1,1,1.0000000000000000,1.0000000000000000,CENSUS,228,,,,,,Y,
117201,,76737,,,31831,,SS,229,N,U,N,U,Sort,Lan,Volume,Observer,Pckg_SDAResources_agstrat_H1,N,,,1,1,1.0000000000000000,1.0000000000000000,CENSUS,229,,,,,,Y,
117202,,76738,,,31831,,SS,23,N,U,N,U,Sort,Lan,Volume,Observer,Pckg_SDAResources_agstrat_H1,N,,,1,1,1.0000000000000000,1.0000000000000000,CENSUS,23,,,,,,Y,
117203,,76739,,,31831,,SS,230,N,U,N,U,Sort,Lan,Volume,Observer,Pckg_SDAResources_agstrat_H1,N,,,1,1,1.0000000000000000,1.0000000000000000,CENSUS,230,,,,,,Y,
117204,,76740,,,31831,,SS,231,N,U,N,U,Sort,Lan,Volume,Observer,Pckg_SDAResources_agstrat_H1,N,,,1,1,1.0000000000000000,1.0000000000000000,CENSUS,231,,,,,,Y,
117205,,76741,,,31831,,SS,232,N,U,N,U,Sort,Lan,Volume,Observer,Pckg_SDAResources_agstrat_H1,N,,,1,1,1.0000000000000000,1.0000000000000000,CENSUS,232,,,,,,Y,
117206,,76742,,,31831,,SS,233,N,U,N,U,Sort,Lan,Volume,Observer,Pckg_SDAResources_agstrat_H1,N,,,1,1,1.0000000000000000,1.0000000000000000,CENSUS,233,,,,,,Y,
117207,,76743,,,31831,,SS,234,N,U,N,U,Sort,Lan,Volume,Observer,Pckg_SDAResources_agstrat_H1,N,,,1,1,1.0000000000000000,1.0000000000000000,CENSUS,234,,,,,,Y,
117208,,76744,,,31831,,SS,235,N,U,N,U,Sort,Lan,Volume,Observer,Pckg_SDAResources_agstrat_H1,N,,,1,1,1.0000000000000000,1.0000000000000000,CENSUS,235,,,,,,Y,
117209,,76745,,,31831,,SS,236,N,U,N,U,Sort,Lan,Volume,Observer,Pckg_SDAResources_agstrat_H1,N,,,1,1,1.0000000000000000,1.0000000000000000,CENSUS,236,,,,,,Y,
117210,,76746,,,31831,,SS,237,N,U,N,U,Sort,Lan,Volume,Observer,Pckg_SDAResources_agstrat_H1,N,,,1,1,1.0000000000000000,1.0000000000000000,CENSUS,237,,,,,,Y,
117211,,76747,,,31831,,SS,238,N,U,N,U,Sort,Lan,Volume,Observer,Pckg_SDAResources_agstrat_H1,N,,,1,1,1.0000000000000000,1.0000000000000000,CENSUS,238,,,,,,Y,
117212,,76748,,,31831,,SS,239,N,U,N,U,Sort,Lan,Volume,Observer,Pckg_SDAResources_agstrat_H1,N,,,1,1,1.0000000000000000,1.0000000000000000,CENSUS,239,,,,,,Y,
117213,,76749,,,31831,,SS,24,N,U,N,U,Sort,Lan,Volume,Observer,Pckg_SDAResources_agstrat_H1,N,,,1,1,1.0000000000000000,1.0000000000000000,CENSUS,24,,,,,,Y,
117214,,76750,,,31831,,SS,240,N,U,N,U,Sort,Lan,Volume,Observer,Pckg_SDAResources_agstrat_H1,N,,,1,1,1.0000000000000000,1.0000000000000000,CENSUS,240,,,,,,Y,
117215,,76751,,,31831,,SS,241,N,U,N,U,Sort,Lan,Volume,Observer,Pckg_SDAResources_agstrat_H1,N,,,1,1,1.0000000000000000,1.0000000000000000,CENSUS,241,,,,,,Y,
117216,,76752,,,31831,,SS,242,N,U,N,U,Sort,Lan,Volume,Observer,Pckg_SDAResources_agstrat_H1,N,,,1,1,1.0000000000000000,1.0000000000000000,CENSUS,242,,,,,,Y,
117217,,76753,,,31831,,SS,243,N,U,N,U,Sort,Lan,Volume,Observer,Pckg_SDAResources_agstrat_H1,N,,,1,1,1.0000000000000000,1.0000000000000000,CENSUS,243,,,,,,Y,
117218,,76754,,,31831,,SS,244,N,U,N,U,Sort,Lan,Volume,Observer,Pckg_SDAResources_agstrat_H1,N,,,1,1,1.0000000000000000,1.0000000000000000,CENSUS,244,,,,,,Y,
117219,,76755,,,31831,,SS,245,N,U,N,U,Sort,Lan,Volume,Observer,Pckg_SDAResources_agstrat_H1,N,,,1,1,1.0000000000000000,1.0000000000000000,CENSUS,245,,,,,,Y,
117220,,76756,,,31831,,SS,246,N,U,N,U,Sort,Lan,Volume,Observer,Pckg_SDAResources_agstrat_H1,N,,,1,1,1.0000000000000000,1.0000000000000000,CENSUS,246,,,,,,Y,
117221,,76757,,,31831,,SS,247,N,U,N,U,Sort,Lan,Volume,Observer,Pckg_SDAResources_agstrat_H1,N,,,1,1,1.0000000000000000,1.0000000000000000,CENSUS,247,,,,,,Y,
117222,,76758,,,31831,,SS,248,N,U,N,U,Sort,Lan,Volume,Observer,Pckg_SDAResources_agstrat_H1,N,,,1,1,1.0000000000000000,1.0000000000000000,CENSUS,248,,,,,,Y,
117223,,76759,,,31831,,SS,249,N,U,N,U,Sort,Lan,Volume,Observer,Pckg_SDAResources_agstrat_H1,N,,,1,1,1.0000000000000000,1.0000000000000000,CENSUS,249,,,,,,Y,
117224,,76760,,,31831,,SS,25,N,U,N,U,Sort,Lan,Volume,Observer,Pckg_SDAResources_agstrat_H1,N,,,1,1,1.0000000000000000,1.0000000000000000,CENSUS,25,,,,,,Y,
117225,,76761,,,31831,,SS,250,N,U,N,U,Sort,Lan,Volume,Observer,Pckg_SDAResources_agstrat_H1,N,,,1,1,1.0000000000000000,1.0000000000000000,CENSUS,250,,,,,,Y,
117226,,76762,,,31831,,SS,251,N,U,N,U,Sort,Lan,Volume,Observer,Pckg_SDAResources_agstrat_H1,N,,,1,1,1.0000000000000000,1.0000000000000000,CENSUS,251,,,,,,Y,
117227,,76763,,,31831,,SS,252,N,U,N,U,Sort,Lan,Volume,Observer,Pckg_SDAResources_agstrat_H1,N,,,1,1,1.0000000000000000,1.0000000000000000,CENSUS,252,,,,,,Y,
117228,,76764,,,31831,,SS,253,N,U,N,U,Sort,Lan,Volume,Observer,Pckg_SDAResources_agstrat_H1,N,,,1,1,1.0000000000000000,1.0000000000000000,CENSUS,253,,,,,,Y,
117229,,76765,,,31831,,SS,254,N,U,N,U,Sort,Lan,Volume,Observer,Pckg_SDAResources_agstrat_H1,N,,,1,1,1.0000000000000000,1.0000000000000000,CENSUS,254,,,,,,Y,
117230,,76766,,,31831,,SS,255,N,U,N,U,Sort,Lan,Volume,Observer,Pckg_SDAResources_agstrat_H1,N,,,1,1,1.0000000000000000,1.0000000000000000,CENSUS,255,,,,,,Y,
117231,,76767,,,31831,,SS,256,N,U,N,U,Sort,Lan,Volume,Observer,Pckg_SDAResources_agstrat_H1,N,,,1,1,1.0000000000000000,1.0000000000000000,CENSUS,256,,,,,,Y,
117232,,76768,,,31831,,SS,257,N,U,N,U,Sort,Lan,Volume,Observer,Pckg_SDAResources_agstrat_H1,N,,,1,1,1.0000000000000000,1.0000000000000000,CENSUS,257,,,,,,Y,
117233,,76769,,,31831,,SS,258,N,U,N,U,Sort,Lan,Volume,Observer,Pckg_SDAResources_agstrat_H1,N,,,1,1,1.0000000000000000,1.0000000000000000,CENSUS,258,,,,,,Y,
117234,,76770,,,31831,,SS,259,N,U,N,U,Sort,Lan,Volume,Observer,Pckg_SDAResources_agstrat_H1,N,,,1,1,1.0000000000000000,1.0000000000000000,CENSUS,259,,,,,,Y,
117235,,76771,,,31831,,SS,26,N,U,N,U,Sort,Lan,Volume,Observer,Pckg_SDAResources_agstrat_H1,N,,,1,1,1.0000000000000000,1.0000000000000000,CENSUS,26,,,,,,Y,
117236,,76772,,,31831,,SS,260,N,U,N,U,Sort,Lan,Volume,Observer,Pckg_SDAResources_agstrat_H1,N,,,1,1,1.0000000000000000,1.0000000000000000,CENSUS,260,,,,,,Y,
117237,,76773,,,31831,,SS,261,N,U,N,U,Sort,Lan,Volume,Observer,Pckg_SDAResources_agstrat_H1,N,,,1,1,1.0000000000000000,1.0000000000000000,CENSUS,261,,,,,,Y,
117238,,76774,,,31831,,SS,262,N,U,N,U,Sort,Lan,Volume,Observer,Pckg_SDAResources_agstrat_H1,N,,,1,1,1.0000000000000000,1.0000000000000000,CENSUS,262,,,,,,Y,
117239,,76775,,,31831,,SS,263,N,U,N,U,Sort,Lan,Volume,Observer,Pckg_SDAResources_agstrat_H1,N,,,1,1,1.0000000000000000,1.0000000000000000,CENSUS,263,,,,,,Y,
117240,,76776,,,31831,,SS,264,N,U,N,U,Sort,Lan,Volume,Observer,Pckg_SDAResources_agstrat_H1,N,,,1,1,1.0000000000000000,1.0000000000000000,CENSUS,264,,,,,,Y,
117241,,76777,,,31831,,SS,265,N,U,N,U,Sort,Lan,Volume,Observer,Pckg_SDAResources_agstrat_H1,N,,,1,1,1.0000000000000000,1.0000000000000000,CENSUS,265,,,,,,Y,
117242,,76778,,,31831,,SS,266,N,U,N,U,Sort,Lan,Volume,Observer,Pckg_SDAResources_agstrat_H1,N,,,1,1,1.0000000000000000,1.0000000000000000,CENSUS,266,,,,,,Y,
117243,,76779,,,31831,,SS,267,N,U,N,U,Sort,Lan,Volume,Observer,Pckg_SDAResources_agstrat_H1,N,,,1,1,1.0000000000000000,1.0000000000000000,CENSUS,267,,,,,,Y,
117244,,76780,,,31831,,SS,268,N,U,N,U,Sort,Lan,Volume,Observer,Pckg_SDAResources_agstrat_H1,N,,,1,1,1.0000000000000000,1.0000000000000000,CENSUS,268,,,,,,Y,
117245,,76781,,,31831,,SS,269,N,U,N,U,Sort,Lan,Volume,Observer,Pckg_SDAResources_agstrat_H1,N,,,1,1,1.0000000000000000,1.0000000000000000,CENSUS,269,,,,,,Y,
117246,,76782,,,31831,,SS,27,N,U,N,U,Sort,Lan,Volume,Observer,Pckg_SDAResources_agstrat_H1,N,,,1,1,1.0000000000000000,1.0000000000000000,CENSUS,27,,,,,,Y,
117247,,76783,,,31831,,SS,270,N,U,N,U,Sort,Lan,Volume,Observer,Pckg_SDAResources_agstrat_H1,N,,,1,1,1.0000000000000000,1.0000000000000000,CENSUS,270,,,,,,Y,
117248,,76784,,,31831,,SS,271,N,U,N,U,Sort,Lan,Volume,Observer,Pckg_SDAResources_agstrat_H1,N,,,1,1,1.0000000000000000,1.0000000000000000,CENSUS,271,,,,,,Y,
117249,,76785,,,31831,,SS,272,N,U,N,U,Sort,Lan,Volume,Observer,Pckg_SDAResources_agstrat_H1,N,,,1,1,1.0000000000000000,1.0000000000000000,CENSUS,272,,,,,,Y,
117250,,76786,,,31831,,SS,273,N,U,N,U,Sort,Lan,Volume,Observer,Pckg_SDAResources_agstrat_H1,N,,,1,1,1.0000000000000000,1.0000000000000000,CENSUS,273,,,,,,Y,
117251,,76787,,,31831,,SS,274,N,U,N,U,Sort,Lan,Volume,Observer,Pckg_SDAResources_agstrat_H1,N,,,1,1,1.0000000000000000,1.0000000000000000,CENSUS,274,,,,,,Y,
117252,,76788,,,31831,,SS,275,N,U,N,U,Sort,Lan,Volume,Observer,Pckg_SDAResources_agstrat_H1,N,,,1,1,1.0000000000000000,1.0000000000000000,CENSUS,275,,,,,,Y,
117253,,76789,,,31831,,SS,276,N,U,N,U,Sort,Lan,Volume,Observer,Pckg_SDAResources_agstrat_H1,N,,,1,1,1.0000000000000000,1.0000000000000000,CENSUS,276,,,,,,Y,
117254,,76790,,,31831,,SS,277,N,U,N,U,Sort,Lan,Volume,Observer,Pckg_SDAResources_agstrat_H1,N,,,1,1,1.0000000000000000,1.0000000000000000,CENSUS,277,,,,,,Y,
117255,,76791,,,31831,,SS,278,N,U,N,U,Sort,Lan,Volume,Observer,Pckg_SDAResources_agstrat_H1,N,,,1,1,1.0000000000000000,1.0000000000000000,CENSUS,278,,,,,,Y,
117256,,76792,,,31831,,SS,279,N,U,N,U,Sort,Lan,Volume,Observer,Pckg_SDAResources_agstrat_H1,N,,,1,1,1.0000000000000000,1.0000000000000000,CENSUS,279,,,,,,Y,
117257,,76793,,,31831,,SS,28,N,U,N,U,Sort,Lan,Volume,Observer,Pckg_SDAResources_agstrat_H1,N,,,1,1,1.0000000000000000,1.0000000000000000,CENSUS,28,,,,,,Y,
117258,,76794,,,31831,,SS,280,N,U,N,U,Sort,Lan,Volume,Observer,Pckg_SDAResources_agstrat_H1,N,,,1,1,1.0000000000000000,1.0000000000000000,CENSUS,280,,,,,,Y,
117259,,76795,,,31831,,SS,281,N,U,N,U,Sort,Lan,Volume,Observer,Pckg_SDAResources_agstrat_H1,N,,,1,1,1.0000000000000000,1.0000000000000000,CENSUS,281,,,,,,Y,
117260,,76796,,,31831,,SS,282,N,U,N,U,Sort,Lan,Volume,Observer,Pckg_SDAResources_agstrat_H1,N,,,1,1,1.0000000000000000,1.0000000000000000,CENSUS,282,,,,,,Y,
117261,,76797,,,31831,,SS,283,N,U,N,U,Sort,Lan,Volume,Observer,Pckg_SDAResources_agstrat_H1,N,,,1,1,1.0000000000000000,1.0000000000000000,CENSUS,283,,,,,,Y,
117262,,76798,,,31831,,SS,284,N,U,N,U,Sort,Lan,Volume,Observer,Pckg_SDAResources_agstrat_H1,N,,,1,1,1.0000000000000000,1.0000000000000000,CENSUS,284,,,,,,Y,
117263,,76799,,,31831,,SS,285,N,U,N,U,Sort,Lan,Volume,Observer,Pckg_SDAResources_agstrat_H1,N,,,1,1,1.0000000000000000,1.0000000000000000,CENSUS,285,,,,,,Y,
117264,,76800,,,31831,,SS,286,N,U,N,U,Sort,Lan,Volume,Observer,Pckg_SDAResources_agstrat_H1,N,,,1,1,1.0000000000000000,1.0000000000000000,CENSUS,286,,,,,,Y,
117265,,76801,,,31831,,SS,287,N,U,N,U,Sort,Lan,Volume,Observer,Pckg_SDAResources_agstrat_H1,N,,,1,1,1.0000000000000000,1.0000000000000000,CENSUS,287,,,,,,Y,
117266,,76802,,,31831,,SS,288,N,U,N,U,Sort,Lan,Volume,Observer,Pckg_SDAResources_agstrat_H1,N,,,1,1,1.0000000000000000,1.0000000000000000,CENSUS,288,,,,,,Y,
117267,,76803,,,31831,,SS,289,N,U,N,U,Sort,Lan,Volume,Observer,Pckg_SDAResources_agstrat_H1,N,,,1,1,1.0000000000000000,1.0000000000000000,CENSUS,289,,,,,,Y,
117268,,76804,,,31831,,SS,29,N,U,N,U,Sort,Lan,Volume,Observer,Pckg_SDAResources_agstrat_H1,N,,,1,1,1.0000000000000000,1.0000000000000000,CENSUS,29,,,,,,Y,
117269,,76805,,,31831,,SS,290,N,U,N,U,Sort,Lan,Volume,Observer,Pckg_SDAResources_agstrat_H1,N,,,1,1,1.0000000000000000,1.0000000000000000,CENSUS,290,,,,,,Y,
117270,,76806,,,31831,,SS,291,N,U,N,U,Sort,Lan,Volume,Observer,Pckg_SDAResources_agstrat_H1,N,,,1,1,1.0000000000000000,1.0000000000000000,CENSUS,291,,,,,,Y,
117271,,76807,,,31831,,SS,292,N,U,N,U,Sort,Lan,Volume,Observer,Pckg_SDAResources_agstrat_H1,N,,,1,1,1.0000000000000000,1.0000000000000000,CENSUS,292,,,,,,Y,
117272,,76808,,,31831,,SS,293,N,U,N,U,Sort,Lan,Volume,Observer,Pckg_SDAResources_agstrat_H1,N,,,1,1,1.0000000000000000,1.0000000000000000,CENSUS,293,,,,,,Y,
117273,,76809,,,31831,,SS,294,N,U,N,U,Sort,Lan,Volume,Observer,Pckg_SDAResources_agstrat_H1,N,,,1,1,1.0000000000000000,1.0000000000000000,CENSUS,294,,,,,,Y,
117274,,76810,,,31831,,SS,295,N,U,N,U,Sort,Lan,Volume,Observer,Pckg_SDAResources_agstrat_H1,N,,,1,1,1.0000000000000000,1.0000000000000000,CENSUS,295,,,,,,Y,
117275,,76811,,,31831,,SS,296,N,U,N,U,Sort,Lan,Volume,Observer,Pckg_SDAResources_agstrat_H1,N,,,1,1,1.0000000000000000,1.0000000000000000,CENSUS,296,,,,,,Y,
117276,,76812,,,31831,,SS,297,N,U,N,U,Sort,Lan,Volume,Observer,Pckg_SDAResources_agstrat_H1,N,,,1,1,1.0000000000000000,1.0000000000000000,CENSUS,297,,,,,,Y,
117277,,76813,,,31831,,SS,298,N,U,N,U,Sort,Lan,Volume,Observer,Pckg_SDAResources_agstrat_H1,N,,,1,1,1.0000000000000000,1.0000000000000000,CENSUS,298,,,,,,Y,
117278,,76814,,,31831,,SS,299,N,U,N,U,Sort,Lan,Volume,Observer,Pckg_SDAResources_agstrat_H1,N,,,1,1,1.0000000000000000,1.0000000000000000,CENSUS,299,,,,,,Y,
117279,,76815,,,31831,,SS,3,N,U,N,U,Sort,Lan,Volume,Observer,Pckg_SDAResources_agstrat_H1,N,,,1,1,1.0000000000000000,1.0000000000000000,CENSUS,3,,,,,,Y,
117280,,76816,,,31831,,SS,30,N,U,N,U,Sort,Lan,Volume,Observer,Pckg_SDAResources_agstrat_H1,N,,,1,1,1.0000000000000000,1.0000000000000000,CENSUS,30,,,,,,Y,
117281,,76817,,,31831,,SS,300,N,U,N,U,Sort,Lan,Volume,Observer,Pckg_SDAResources_agstrat_H1,N,,,1,1,1.0000000000000000,1.0000000000000000,CENSUS,300,,,,,,Y,
117282,,76818,,,31831,,SS,31,N,U,N,U,Sort,Lan,Volume,Observer,Pckg_SDAResources_agstrat_H1,N,,,1,1,1.0000000000000000,1.0000000000000000,CENSUS,31,,,,,,Y,
117283,,76819,,,31831,,SS,32,N,U,N,U,Sort,Lan,Volume,Observer,Pckg_SDAResources_agstrat_H1,N,,,1,1,1.0000000000000000,1.0000000000000000,CENSUS,32,,,,,,Y,
117284,,76820,,,31831,,SS,33,N,U,N,U,Sort,Lan,Volume,Observer,Pckg_SDAResources_agstrat_H1,N,,,1,1,1.0000000000000000,1.0000000000000000,CENSUS,33,,,,,,Y,
117285,,76821,,,31831,,SS,34,N,U,N,U,Sort,Lan,Volume,Observer,Pckg_SDAResources_agstrat_H1,N,,,1,1,1.0000000000000000,1.0000000000000000,CENSUS,34,,,,,,Y,
117286,,76822,,,31831,,SS,35,N,U,N,U,Sort,Lan,Volume,Observer,Pckg_SDAResources_agstrat_H1,N,,,1,1,1.0000000000000000,1.0000000000000000,CENSUS,35,,,,,,Y,
117287,,76823,,,31831,,SS,36,N,U,N,U,Sort,Lan,Volume,Observer,Pckg_SDAResources_agstrat_H1,N,,,1,1,1.0000000000000000,1.0000000000000000,CENSUS,36,,,,,,Y,
117288,,76824,,,31831,,SS,37,N,U,N,U,Sort,Lan,Volume,Observer,Pckg_SDAResources_agstrat_H1,N,,,1,1,1.0000000000000000,1.0000000000000000,CENSUS,37,,,,,,Y,
117289,,76825,,,31831,,SS,38,N,U,N,U,Sort,Lan,Volume,Observer,Pckg_SDAResources_agstrat_H1,N,,,1,1,1.0000000000000000,1.0000000000000000,CENSUS,38,,,,,,Y,
117290,,76826,,,31831,,SS,39,N,U,N,U,Sort,Lan,Volume,Observer,Pckg_SDAResources_agstrat_H1,N,,,1,1,1.0000000000000000,1.0000000000000000,CENSUS,39,,,,,,Y,
117291,,76827,,,31831,,SS,4,N,U,N,U,Sort,Lan,Volume,Observer,Pckg_SDAResources_agstrat_H1,N,,,1,1,1.0000000000000000,1.0000000000000000,CENSUS,4,,,,,,Y,
117292,,76828,,,31831,,SS,40,N,U,N,U,Sort,Lan,Volume,Observer,Pckg_SDAResources_agstrat_H1,N,,,1,1,1.0000000000000000,1.0000000000000000,CENSUS,40,,,,,,Y,
117293,,76829,,,31831,,SS,41,N,U,N,U,Sort,Lan,Volume,Observer,Pckg_SDAResources_agstrat_H1,N,,,1,1,1.0000000000000000,1.0000000000000000,CENSUS,41,,,,,,Y,
117294,,76830,,,31831,,SS,42,N,U,N,U,Sort,Lan,Volume,Observer,Pckg_SDAResources_agstrat_H1,N,,,1,1,1.0000000000000000,1.0000000000000000,CENSUS,42,,,,,,Y,
117295,,76831,,,31831,,SS,43,N,U,N,U,Sort,Lan,Volume,Observer,Pckg_SDAResources_agstrat_H1,N,,,1,1,1.0000000000000000,1.0000000000000000,CENSUS,43,,,,,,Y,
117296,,76832,,,31831,,SS,44,N,U,N,U,Sort,Lan,Volume,Observer,Pckg_SDAResources_agstrat_H1,N,,,1,1,1.0000000000000000,1.0000000000000000,CENSUS,44,,,,,,Y,
117297,,76833,,,31831,,SS,45,N,U,N,U,Sort,Lan,Volume,Observer,Pckg_SDAResources_agstrat_H1,N,,,1,1,1.0000000000000000,1.0000000000000000,CENSUS,45,,,,,,Y,
117298,,76834,,,31831,,SS,46,N,U,N,U,Sort,Lan,Volume,Observer,Pckg_SDAResources_agstrat_H1,N,,,1,1,1.0000000000000000,1.0000000000000000,CENSUS,46,,,,,,Y,
117299,,76835,,,31831,,SS,47,N,U,N,U,Sort,Lan,Volume,Observer,Pckg_SDAResources_agstrat_H1,N,,,1,1,1.0000000000000000,1.0000000000000000,CENSUS,47,,,,,,Y,
117300,,76836,,,31831,,SS,48,N,U,N,U,Sort,Lan,Volume,Observer,Pckg_SDAResources_agstrat_H1,N,,,1,1,1.0000000000000000,1.0000000000000000,CENSUS,48,,,,,,Y,
117301,,76837,,,31831,,SS,49,N,U,N,U,Sort,Lan,Volume,Observer,Pckg_SDAResources_agstrat_H1,N,,,1,1,1.0000000000000000,1.0000000000000000,CENSUS,49,,,,,,Y,
117302,,76838,,,31831,,SS,5,N,U,N,U,Sort,Lan,Volume,Observer,Pckg_SDAResources_agstrat_H1,N,,,1,1,1.0000000000000000,1.0000000000000000,CENSUS,5,,,,,,Y,
117303,,76839,,,31831,,SS,50,N,U,N,U,Sort,Lan,Volume,Observer,Pckg_SDAResources_agstrat_H1,N,,,1,1,1.0000000000000000,1.0000000000000000,CENSUS,50,,,,,,Y,
117304,,76840,,,31831,,SS,51,N,U,N,U,Sort,Lan,Volume,Observer,Pckg_SDAResources_agstrat_H1,N,,,1,1,1.0000000000000000,1.0000000000000000,CENSUS,51,,,,,,Y,
117305,,76841,,,31831,,SS,52,N,U,N,U,Sort,Lan,Volume,Observer,Pckg_SDAResources_agstrat_H1,N,,,1,1,1.0000000000000000,1.0000000000000000,CENSUS,52,,,,,,Y,
117306,,76842,,,31831,,SS,53,N,U,N,U,Sort,Lan,Volume,Observer,Pckg_SDAResources_agstrat_H1,N,,,1,1,1.0000000000000000,1.0000000000000000,CENSUS,53,,,,,,Y,
117307,,76843,,,31831,,SS,54,N,U,N,U,Sort,Lan,Volume,Observer,Pckg_SDAResources_agstrat_H1,N,,,1,1,1.0000000000000000,1.0000000000000000,CENSUS,54,,,,,,Y,
117308,,76844,,,31831,,SS,55,N,U,N,U,Sort,Lan,Volume,Observer,Pckg_SDAResources_agstrat_H1,N,,,1,1,1.0000000000000000,1.0000000000000000,CENSUS,55,,,,,,Y,
117309,,76845,,,31831,,SS,56,N,U,N,U,Sort,Lan,Volume,Observer,Pckg_SDAResources_agstrat_H1,N,,,1,1,1.0000000000000000,1.0000000000000000,CENSUS,56,,,,,,Y,
117310,,76846,,,31831,,SS,57,N,U,N,U,Sort,Lan,Volume,Observer,Pckg_SDAResources_agstrat_H1,N,,,1,1,1.0000000000000000,1.0000000000000000,CENSUS,57,,,,,,Y,
117311,,76847,,,31831,,SS,58,N,U,N,U,Sort,Lan,Volume,Observer,Pckg_SDAResources_agstrat_H1,N,,,1,1,1.0000000000000000,1.0000000000000000,CENSUS,58,,,,,,Y,
117312,,76848,,,31831,,SS,59,N,U,N,U,Sort,Lan,Volume,Observer,Pckg_SDAResources_agstrat_H1,N,,,1,1,1.0000000000000000,1.0000000000000000,CENSUS,59,,,,,,Y,
117313,,76849,,,31831,,SS,6,N,U,N,U,Sort,Lan,Volume,Observer,Pckg_SDAResources_agstrat_H1,N,,,1,1,1.0000000000000000,1.0000000000000000,CENSUS,6,,,,,,Y,
117314,,76850,,,31831,,SS,60,N,U,N,U,Sort,Lan,Volume,Observer,Pckg_SDAResources_agstrat_H1,N,,,1,1,1.0000000000000000,1.0000000000000000,CENSUS,60,,,,,,Y,
117315,,76851,,,31831,,SS,61,N,U,N,U,Sort,Lan,Volume,Observer,Pckg_SDAResources_agstrat_H1,N,,,1,1,1.0000000000000000,1.0000000000000000,CENSUS,61,,,,,,Y,
117316,,76852,,,31831,,SS,62,N,U,N,U,Sort,Lan,Volume,Observer,Pckg_SDAResources_agstrat_H1,N,,,1,1,1.0000000000000000,1.0000000000000000,CENSUS,62,,,,,,Y,
117317,,76853,,,31831,,SS,63,N,U,N,U,Sort,Lan,Volume,Observer,Pckg_SDAResources_agstrat_H1,N,,,1,1,1.0000000000000000,1.0000000000000000,CENSUS,63,,,,,,Y,
117318,,76854,,,31831,,SS,64,N,U,N,U,Sort,Lan,Volume,Observer,Pckg_SDAResources_agstrat_H1,N,,,1,1,1.0000000000000000,1.0000000000000000,CENSUS,64,,,,,,Y,
117319,,76855,,,31831,,SS,65,N,U,N,U,Sort,Lan,Volume,Observer,Pckg_SDAResources_agstrat_H1,N,,,1,1,1.0000000000000000,1.0000000000000000,CENSUS,65,,,,,,Y,
117320,,76856,,,31831,,SS,66,N,U,N,U,Sort,Lan,Volume,Observer,Pckg_SDAResources_agstrat_H1,N,,,1,1,1.0000000000000000,1.0000000000000000,CENSUS,66,,,,,,Y,
117321,,76857,,,31831,,SS,67,N,U,N,U,Sort,Lan,Volume,Observer,Pckg_SDAResources_agstrat_H1,N,,,1,1,1.0000000000000000,1.0000000000000000,CENSUS,67,,,,,,Y,
117322,,76858,,,31831,,SS,68,N,U,N,U,Sort,Lan,Volume,Observer,Pckg_SDAResources_agstrat_H1,N,,,1,1,1.0000000000000000,1.0000000000000000,CENSUS,68,,,,,,Y,
117323,,76859,,,31831,,SS,69,N,U,N,U,Sort,Lan,Volume,Observer,Pckg_SDAResources_agstrat_H1,N,,,1,1,1.0000000000000000,1.0000000000000000,CENSUS,69,,,,,,Y,
117324,,76860,,,31831,,SS,7,N,U,N,U,Sort,Lan,Volume,Observer,Pckg_SDAResources_agstrat_H1,N,,,1,1,1.0000000000000000,1.0000000000000000,CENSUS,7,,,,,,Y,
117325,,76861,,,31831,,SS,70,N,U,N,U,Sort,Lan,Volume,Observer,Pckg_SDAResources_agstrat_H1,N,,,1,1,1.0000000000000000,1.0000000000000000,CENSUS,70,,,,,,Y,
117326,,76862,,,31831,,SS,71,N,U,N,U,Sort,Lan,Volume,Observer,Pckg_SDAResources_agstrat_H1,N,,,1,1,1.0000000000000000,1.0000000000000000,CENSUS,71,,,,,,Y,
117327,,76863,,,31831,,SS,72,N,U,N,U,Sort,Lan,Volume,Observer,Pckg_SDAResources_agstrat_H1,N,,,1,1,1.0000000000000000,1.0000000000000000,CENSUS,72,,,,,,Y,
117328,,76864,,,31831,,SS,73,N,U,N,U,Sort,Lan,Volume,Observer,Pckg_SDAResources_agstrat_H1,N,,,1,1,1.0000000000000000,1.0000000000000000,CENSUS,73,,,,,,Y,
117329,,76865,,,31831,,SS,74,N,U,N,U,Sort,Lan,Volume,Observer,Pckg_SDAResources_agstrat_H1,N,,,1,1,1.0000000000000000,1.0000000000000000,CENSUS,74,,,,,,Y,
117330,,76866,,,31831,,SS,75,N,U,N,U,Sort,Lan,Volume,Observer,Pckg_SDAResources_agstrat_H1,N,,,1,1,1.0000000000000000,1.0000000000000000,CENSUS,75,,,,,,Y,
117331,,76867,,,31831,,SS,76,N,U,N,U,Sort,Lan,Volume,Observer,Pckg_SDAResources_agstrat_H1,N,,,1,1,1.0000000000000000,1.0000000000000000,CENSUS,76,,,,,,Y,
117332,,76868,,,31831,,SS,77,N,U,N,U,Sort,Lan,Volume,Observer,Pckg_SDAResources_agstrat_H1,N,,,1,1,1.0000000000000000,1.0000000000000000,CENSUS,77,,,,,,Y,
117333,,76869,,,31831,,SS,78,N,U,N,U,Sort,Lan,Volume,Observer,Pckg_SDAResources_agstrat_H1,N,,,1,1,1.0000000000000000,1.0000000000000000,CENSUS,78,,,,,,Y,
117334,,76870,,,31831,,SS,79,N,U,N,U,Sort,Lan,Volume,Observer,Pckg_SDAResources_agstrat_H1,N,,,1,1,1.0000000000000000,1.0000000000000000,CENSUS,79,,,,,,Y,
117335,,76871,,,31831,,SS,8,N,U,N,U,Sort,Lan,Volume,Observer,Pckg_SDAResources_agstrat_H1,N,,,1,1,1.0000000000000000,1.0000000000000000,CENSUS,8,,,,,,Y,
117336,,76872,,,31831,,SS,80,N,U,N,U,Sort,Lan,Volume,Observer,Pckg_SDAResources_agstrat_H1,N,,,1,1,1.0000000000000000,1.0000000000000000,CENSUS,80,,,,,,Y,
117337,,76873,,,31831,,SS,81,N,U,N,U,Sort,Lan,Volume,Observer,Pckg_SDAResources_agstrat_H1,N,,,1,1,1.0000000000000000,1.0000000000000000,CENSUS,81,,,,,,Y,
117338,,76874,,,31831,,SS,82,N,U,N,U,Sort,Lan,Volume,Observer,Pckg_SDAResources_agstrat_H1,N,,,1,1,1.0000000000000000,1.0000000000000000,CENSUS,82,,,,,,Y,
117339,,76875,,,31831,,SS,83,N,U,N,U,Sort,Lan,Volume,Observer,Pckg_SDAResources_agstrat_H1,N,,,1,1,1.0000000000000000,1.0000000000000000,CENSUS,83,,,,,,Y,
117340,,76876,,,31831,,SS,84,N,U,N,U,Sort,Lan,Volume,Observer,Pckg_SDAResources_agstrat_H1,N,,,1,1,1.0000000000000000,1.0000000000000000,CENSUS,84,,,,,,Y,
117341,,76877,,,31831,,SS,85,N,U,N,U,Sort,Lan,Volume,Observer,Pckg_SDAResources_agstrat_H1,N,,,1,1,1.0000000000000000,1.0000000000000000,CENSUS,85,,,,,,Y,
117342,,76878,,,31831,,SS,86,N,U,N,U,Sort,Lan,Volume,Observer,Pckg_SDAResources_agstrat_H1,N,,,1,1,1.0000000000000000,1.0000000000000000,CENSUS,86,,,,,,Y,
117343,,76879,,,31831,,SS,87,N,U,N,U,Sort,Lan,Volume,Observer,Pckg_SDAResources_agstrat_H1,N,,,1,1,1.0000000000000000,1.0000000000000000,CENSUS,87,,,,,,Y,
117344,,76880,,,31831,,SS,88,N,U,N,U,Sort,Lan,Volume,Observer,Pckg_SDAResources_agstrat_H1,N,,,1,1,1.0000000000000000,1.0000000000000000,CENSUS,88,,,,,,Y,
117345,,76881,,,31831,,SS,89,N,U,N,U,Sort,Lan,Volume,Observer,Pckg_SDAResources_agstrat_H1,N,,,1,1,1.0000000000000000,1.0000000000000000,CENSUS,89,,,,,,Y,
117346,,76882,,,31831,,SS,9,N,U,N,U,Sort,Lan,Volume,Observer,Pckg_SDAResources_agstrat_H1,N,,,1,1,1.0000000000000000,1.0000000000000000,CENSUS,9,,,,,,Y,
117347,,76883,,,31831,,SS,90,N,U,N,U,Sort,Lan,Volume,Observer,Pckg_SDAResources_agstrat_H1,N,,,1,1,1.0000000000000000,1.0000000000000000,CENSUS,90,,,,,,Y,
117348,,76884,,,31831,,SS,91,N,U,N,U,Sort,Lan,Volume,Observer,Pckg_SDAResources_agstrat_H1,N,,,1,1,1.0000000000000000,1.0000000000000000,CENSUS,91,,,,,,Y,
117349,,76885,,,31831,,SS,92,N,U,N,U,Sort,Lan,Volume,Observer,Pckg_SDAResources_agstrat_H1,N,,,1,1,1.0000000000000000,1.0000000000000000,CENSUS,92,,,,,,Y,
117350,,76886,,,31831,,SS,93,N,U,N,U,Sort,Lan,Volume,Observer,Pckg_SDAResources_agstrat_H1,N,,,1,1,1.0000000000000000,1.0000000000000000,CENSUS,93,,,,,,Y,
117351,,76887,,,31831,,SS,94,N,U,N,U,Sort,Lan,Volume,Observer,Pckg_SDAResources_agstrat_H1,N,,,1,1,1.0000000000000000,1.0000000000000000,CENSUS,94,,,,,,Y,
117352,,76888,,,31831,,SS,95,N,U,N,U,Sort,Lan,Volume,Observer,Pckg_SDAResources_agstrat_H1,N,,,1,1,1.0000000000000000,1.0000000000000000,CENSUS,95,,,,,,Y,
117353,,76889,,,31831,,SS,96,N,U,N,U,Sort,Lan,Volume,Observer,Pckg_SDAResources_agstrat_H1,N,,,1,1,1.0000000000000000,1.0000000000000000,CENSUS,96,,,,,,Y,
117354,,76890,,,31831,,SS,97,N,U,N,U,Sort,Lan,Volume,Observer,Pckg_SDAResources_agstrat_H1,N,,,1,1,1.0000000000000000,1.0000000000000000,CENSUS,97,,,,,,Y,
117355,,76891,,,31831,,SS,98,N,U,N,U,Sort,Lan,Volume,Observer,Pckg_SDAResources_agstrat_H1,N,,,1,1,1.0000000000000000,1.0000000000000000,CENSUS,98,,,,,,Y,
117356,,76892,,,31831,,SS,99,N,U,N,U,Sort,Lan,Volume,Observer,Pckg_SDAResources_agstrat_H1,N,,,1,1,1.0000000000000000,1.0000000000000000,CENSUS,99,,,,,,Y,
