VSid,SDid,VDid,TEid,VSrecordType,VSsequenceNumber,VSencryptedVesselCode,VSstratification,VSstratumName,VSclustering,VSclusterName,VSsampler,VSnumberTotal,VSnumberSampled,VSselectionProb,VSinclusionProb,VSselectionMethod,VSunitName,VSselectionMethodCluster,VSnumberTotalClusters,VSnumberSampledClusters,VSselectionProbCluster,VSinclusionProbCluster,VSsampled,VSreasonNotSampled
65972,4183,414227,,VS,1,26820,Y,NC,N,U,Observer,1054,103,,,SRSWOR,NC,,,,,,Y,
65973,4183,414236,,VS,10,32376,Y,NC,N,U,Observer,1054,103,,,SRSWOR,NC,,,,,,Y,
65974,4183,414326,,VS,100,29208,Y,NC,N,U,Observer,1054,103,,,SRSWOR,NC,,,,,,Y,
65975,4183,414327,,VS,101,38570,Y,NC,N,U,Observer,1054,103,,,SRSWOR,NC,,,,,,Y,
65976,4183,414328,,VS,102,51540,Y,NC,N,U,Observer,1054,103,,,SRSWOR,NC,,,,,,Y,
65977,4183,414329,,VS,103,42928,Y,NC,N,U,Observer,1054,103,,,SRSWOR,NC,,,,,,Y,
65978,4183,414330,,VS,104,31828,Y,NE,N,U,Observer,220,21,,,SRSWOR,NE,,,,,,Y,
65979,4183,414331,,VS,105,39066,Y,NE,N,U,Observer,220,21,,,SRSWOR,NE,,,,,,Y,
65980,4183,414332,,VS,106,41574,Y,NE,N,U,Observer,220,21,,,SRSWOR,NE,,,,,,Y,
65981,4183,414333,,VS,107,28864,Y,NE,N,U,Observer,220,21,,,SRSWOR,NE,,,,,,Y,
65982,4183,414334,,VS,108,29556,Y,NE,N,U,Observer,220,21,,,SRSWOR,NE,,,,,,Y,
65983,4183,414335,,VS,109,46450,Y,NE,N,U,Observer,220,21,,,SRSWOR,NE,,,,,,Y,
65984,4183,414237,,VS,11,31356,Y,NC,N,U,Observer,1054,103,,,SRSWOR,NC,,,,,,Y,
65985,4183,414336,,VS,110,44060,Y,NE,N,U,Observer,220,21,,,SRSWOR,NE,,,,,,Y,
65986,4183,414337,,VS,111,26654,Y,NE,N,U,Observer,220,21,,,SRSWOR,NE,,,,,,Y,
65987,4183,414338,,VS,112,45832,Y,NE,N,U,Observer,220,21,,,SRSWOR,NE,,,,,,Y,
65988,4183,414339,,VS,113,18810,Y,NE,N,U,Observer,220,21,,,SRSWOR,NE,,,,,,Y,
65989,4183,414340,,VS,114,29566,Y,NE,N,U,Observer,220,21,,,SRSWOR,NE,,,,,,Y,
65990,4183,414341,,VS,115,40948,Y,NE,N,U,Observer,220,21,,,SRSWOR,NE,,,,,,Y,
65991,4183,414342,,VS,116,42184,Y,NE,N,U,Observer,220,21,,,SRSWOR,NE,,,,,,Y,
65992,4183,414343,,VS,117,50134,Y,NE,N,U,Observer,220,21,,,SRSWOR,NE,,,,,,Y,
65993,4183,414344,,VS,118,51890,Y,NE,N,U,Observer,220,21,,,SRSWOR,NE,,,,,,Y,
65994,4183,414345,,VS,119,43208,Y,NE,N,U,Observer,220,21,,,SRSWOR,NE,,,,,,Y,
65995,4183,414238,,VS,12,17418,Y,NC,N,U,Observer,1054,103,,,SRSWOR,NC,,,,,,Y,
65996,4183,414346,,VS,120,47182,Y,NE,N,U,Observer,220,21,,,SRSWOR,NE,,,,,,Y,
65997,4183,414347,,VS,121,51476,Y,NE,N,U,Observer,220,21,,,SRSWOR,NE,,,,,,Y,
65998,4183,414348,,VS,122,51036,Y,NE,N,U,Observer,220,21,,,SRSWOR,NE,,,,,,Y,
65999,4183,414349,,VS,123,47290,Y,NE,N,U,Observer,220,21,,,SRSWOR,NE,,,,,,Y,
66000,4183,414350,,VS,124,43882,Y,NE,N,U,Observer,220,21,,,SRSWOR,NE,,,,,,Y,
66001,4183,414351,,VS,125,28846,Y,S,N,U,Observer,1382,135,,,SRSWOR,S,,,,,,Y,
66002,4183,414352,,VS,126,50164,Y,S,N,U,Observer,1382,135,,,SRSWOR,S,,,,,,Y,
66003,4183,414353,,VS,127,20166,Y,S,N,U,Observer,1382,135,,,SRSWOR,S,,,,,,Y,
66004,4183,414354,,VS,128,47484,Y,S,N,U,Observer,1382,135,,,SRSWOR,S,,,,,,Y,
66005,4183,414355,,VS,129,43946,Y,S,N,U,Observer,1382,135,,,SRSWOR,S,,,,,,Y,
66006,4183,414239,,VS,13,50358,Y,NC,N,U,Observer,1054,103,,,SRSWOR,NC,,,,,,Y,
66007,4183,414356,,VS,130,39562,Y,S,N,U,Observer,1382,135,,,SRSWOR,S,,,,,,Y,
66008,4183,414357,,VS,131,46988,Y,S,N,U,Observer,1382,135,,,SRSWOR,S,,,,,,Y,
66009,4183,414358,,VS,132,23406,Y,S,N,U,Observer,1382,135,,,SRSWOR,S,,,,,,Y,
66010,4183,414359,,VS,133,30682,Y,S,N,U,Observer,1382,135,,,SRSWOR,S,,,,,,Y,
66011,4183,414360,,VS,134,50668,Y,S,N,U,Observer,1382,135,,,SRSWOR,S,,,,,,Y,
66012,4183,414361,,VS,135,26254,Y,S,N,U,Observer,1382,135,,,SRSWOR,S,,,,,,Y,
66013,4183,414362,,VS,136,39802,Y,S,N,U,Observer,1382,135,,,SRSWOR,S,,,,,,Y,
66014,4183,414363,,VS,137,51768,Y,S,N,U,Observer,1382,135,,,SRSWOR,S,,,,,,Y,
66015,4183,414364,,VS,138,39828,Y,S,N,U,Observer,1382,135,,,SRSWOR,S,,,,,,Y,
66016,4183,414365,,VS,139,50812,Y,S,N,U,Observer,1382,135,,,SRSWOR,S,,,,,,Y,
66017,4183,414240,,VS,14,51358,Y,NC,N,U,Observer,1054,103,,,SRSWOR,NC,,,,,,Y,
66018,4183,414366,,VS,140,42704,Y,S,N,U,Observer,1382,135,,,SRSWOR,S,,,,,,Y,
66019,4183,414367,,VS,141,40820,Y,S,N,U,Observer,1382,135,,,SRSWOR,S,,,,,,Y,
66020,4183,414368,,VS,142,47446,Y,S,N,U,Observer,1382,135,,,SRSWOR,S,,,,,,Y,
66021,4183,414369,,VS,143,40476,Y,S,N,U,Observer,1382,135,,,SRSWOR,S,,,,,,Y,
66022,4183,414370,,VS,144,17258,Y,S,N,U,Observer,1382,135,,,SRSWOR,S,,,,,,Y,
66023,4183,414371,,VS,145,33832,Y,S,N,U,Observer,1382,135,,,SRSWOR,S,,,,,,Y,
66024,4183,414372,,VS,146,45572,Y,S,N,U,Observer,1382,135,,,SRSWOR,S,,,,,,Y,
66025,4183,414373,,VS,147,46852,Y,S,N,U,Observer,1382,135,,,SRSWOR,S,,,,,,Y,
66026,4183,414374,,VS,148,50776,Y,S,N,U,Observer,1382,135,,,SRSWOR,S,,,,,,Y,
66027,4183,414375,,VS,149,39486,Y,S,N,U,Observer,1382,135,,,SRSWOR,S,,,,,,Y,
66028,4183,414241,,VS,15,51168,Y,NC,N,U,Observer,1054,103,,,SRSWOR,NC,,,,,,Y,
66029,4183,414376,,VS,150,46204,Y,S,N,U,Observer,1382,135,,,SRSWOR,S,,,,,,Y,
66030,4183,414377,,VS,151,28752,Y,S,N,U,Observer,1382,135,,,SRSWOR,S,,,,,,Y,
66031,4183,414378,,VS,152,45524,Y,S,N,U,Observer,1382,135,,,SRSWOR,S,,,,,,Y,
66032,4183,414379,,VS,153,51486,Y,S,N,U,Observer,1382,135,,,SRSWOR,S,,,,,,Y,
66033,4183,414380,,VS,154,38764,Y,S,N,U,Observer,1382,135,,,SRSWOR,S,,,,,,Y,
66034,4183,414381,,VS,155,24374,Y,S,N,U,Observer,1382,135,,,SRSWOR,S,,,,,,Y,
66035,4183,414382,,VS,156,47848,Y,S,N,U,Observer,1382,135,,,SRSWOR,S,,,,,,Y,
66036,4183,414383,,VS,157,51174,Y,S,N,U,Observer,1382,135,,,SRSWOR,S,,,,,,Y,
66037,4183,414384,,VS,158,23000,Y,S,N,U,Observer,1382,135,,,SRSWOR,S,,,,,,Y,
66038,4183,414385,,VS,159,46252,Y,S,N,U,Observer,1382,135,,,SRSWOR,S,,,,,,Y,
66039,4183,414242,,VS,16,52004,Y,NC,N,U,Observer,1054,103,,,SRSWOR,NC,,,,,,Y,
66040,4183,414386,,VS,160,38374,Y,S,N,U,Observer,1382,135,,,SRSWOR,S,,,,,,Y,
66041,4183,414387,,VS,161,46288,Y,S,N,U,Observer,1382,135,,,SRSWOR,S,,,,,,Y,
66042,4183,414388,,VS,162,50502,Y,S,N,U,Observer,1382,135,,,SRSWOR,S,,,,,,Y,
66043,4183,414389,,VS,163,32408,Y,S,N,U,Observer,1382,135,,,SRSWOR,S,,,,,,Y,
66044,4183,414390,,VS,164,21974,Y,S,N,U,Observer,1382,135,,,SRSWOR,S,,,,,,Y,
66045,4183,414391,,VS,165,46440,Y,S,N,U,Observer,1382,135,,,SRSWOR,S,,,,,,Y,
66046,4183,414392,,VS,166,39878,Y,S,N,U,Observer,1382,135,,,SRSWOR,S,,,,,,Y,
66047,4183,414393,,VS,167,34250,Y,S,N,U,Observer,1382,135,,,SRSWOR,S,,,,,,Y,
66048,4183,414394,,VS,168,24244,Y,S,N,U,Observer,1382,135,,,SRSWOR,S,,,,,,Y,
66049,4183,414395,,VS,169,32766,Y,S,N,U,Observer,1382,135,,,SRSWOR,S,,,,,,Y,
66050,4183,414243,,VS,17,38728,Y,NC,N,U,Observer,1054,103,,,SRSWOR,NC,,,,,,Y,
66051,4183,414396,,VS,170,40382,Y,S,N,U,Observer,1382,135,,,SRSWOR,S,,,,,,Y,
66052,4183,414397,,VS,171,46960,Y,S,N,U,Observer,1382,135,,,SRSWOR,S,,,,,,Y,
66053,4183,414398,,VS,172,20156,Y,S,N,U,Observer,1382,135,,,SRSWOR,S,,,,,,Y,
66054,4183,414399,,VS,173,24346,Y,S,N,U,Observer,1382,135,,,SRSWOR,S,,,,,,Y,
66055,4183,414400,,VS,174,47938,Y,S,N,U,Observer,1382,135,,,SRSWOR,S,,,,,,Y,
66056,4183,414401,,VS,175,43126,Y,S,N,U,Observer,1382,135,,,SRSWOR,S,,,,,,Y,
66057,4183,414402,,VS,176,51988,Y,S,N,U,Observer,1382,135,,,SRSWOR,S,,,,,,Y,
66058,4183,414403,,VS,177,46504,Y,S,N,U,Observer,1382,135,,,SRSWOR,S,,,,,,Y,
66059,4183,414404,,VS,178,41312,Y,S,N,U,Observer,1382,135,,,SRSWOR,S,,,,,,Y,
66060,4183,414405,,VS,179,41652,Y,S,N,U,Observer,1382,135,,,SRSWOR,S,,,,,,Y,
66061,4183,414244,,VS,18,34008,Y,NC,N,U,Observer,1054,103,,,SRSWOR,NC,,,,,,Y,
66062,4183,414406,,VS,180,27156,Y,S,N,U,Observer,1382,135,,,SRSWOR,S,,,,,,Y,
66063,4183,414407,,VS,181,46942,Y,S,N,U,Observer,1382,135,,,SRSWOR,S,,,,,,Y,
66064,4183,414408,,VS,182,51510,Y,S,N,U,Observer,1382,135,,,SRSWOR,S,,,,,,Y,
66065,4183,414409,,VS,183,25556,Y,S,N,U,Observer,1382,135,,,SRSWOR,S,,,,,,Y,
66066,4183,414410,,VS,184,22838,Y,S,N,U,Observer,1382,135,,,SRSWOR,S,,,,,,Y,
66067,4183,414411,,VS,185,44776,Y,S,N,U,Observer,1382,135,,,SRSWOR,S,,,,,,Y,
66068,4183,414412,,VS,186,52134,Y,S,N,U,Observer,1382,135,,,SRSWOR,S,,,,,,Y,
66069,4183,414413,,VS,187,23462,Y,S,N,U,Observer,1382,135,,,SRSWOR,S,,,,,,Y,
66070,4183,414414,,VS,188,51148,Y,S,N,U,Observer,1382,135,,,SRSWOR,S,,,,,,Y,
66071,4183,414415,,VS,189,42482,Y,S,N,U,Observer,1382,135,,,SRSWOR,S,,,,,,Y,
66072,4183,414245,,VS,19,23088,Y,NC,N,U,Observer,1054,103,,,SRSWOR,NC,,,,,,Y,
66073,4183,414416,,VS,190,47268,Y,S,N,U,Observer,1382,135,,,SRSWOR,S,,,,,,Y,
66074,4183,414417,,VS,191,24764,Y,S,N,U,Observer,1382,135,,,SRSWOR,S,,,,,,Y,
66075,4183,414418,,VS,192,52352,Y,S,N,U,Observer,1382,135,,,SRSWOR,S,,,,,,Y,
66076,4183,414419,,VS,193,51744,Y,S,N,U,Observer,1382,135,,,SRSWOR,S,,,,,,Y,
66077,4183,414420,,VS,194,41458,Y,S,N,U,Observer,1382,135,,,SRSWOR,S,,,,,,Y,
66078,4183,414421,,VS,195,47872,Y,S,N,U,Observer,1382,135,,,SRSWOR,S,,,,,,Y,
66079,4183,414422,,VS,196,34936,Y,S,N,U,Observer,1382,135,,,SRSWOR,S,,,,,,Y,
66080,4183,414423,,VS,197,44616,Y,S,N,U,Observer,1382,135,,,SRSWOR,S,,,,,,Y,
66081,4183,414424,,VS,198,24330,Y,S,N,U,Observer,1382,135,,,SRSWOR,S,,,,,,Y,
66082,4183,414425,,VS,199,34102,Y,S,N,U,Observer,1382,135,,,SRSWOR,S,,,,,,Y,
66083,4183,414228,,VS,2,43412,Y,NC,N,U,Observer,1054,103,,,SRSWOR,NC,,,,,,Y,
66084,4183,414246,,VS,20,50348,Y,NC,N,U,Observer,1054,103,,,SRSWOR,NC,,,,,,Y,
66085,4183,414426,,VS,200,44534,Y,S,N,U,Observer,1382,135,,,SRSWOR,S,,,,,,Y,
66086,4183,414427,,VS,201,50980,Y,S,N,U,Observer,1382,135,,,SRSWOR,S,,,,,,Y,
66087,4183,414428,,VS,202,50564,Y,S,N,U,Observer,1382,135,,,SRSWOR,S,,,,,,Y,
66088,4183,414429,,VS,203,51932,Y,S,N,U,Observer,1382,135,,,SRSWOR,S,,,,,,Y,
66089,4183,414430,,VS,204,51380,Y,S,N,U,Observer,1382,135,,,SRSWOR,S,,,,,,Y,
66090,4183,414431,,VS,205,44486,Y,S,N,U,Observer,1382,135,,,SRSWOR,S,,,,,,Y,
66091,4183,414432,,VS,206,42080,Y,S,N,U,Observer,1382,135,,,SRSWOR,S,,,,,,Y,
66092,4183,414433,,VS,207,50698,Y,S,N,U,Observer,1382,135,,,SRSWOR,S,,,,,,Y,
66093,4183,414434,,VS,208,51200,Y,S,N,U,Observer,1382,135,,,SRSWOR,S,,,,,,Y,
66094,4183,414435,,VS,209,33718,Y,S,N,U,Observer,1382,135,,,SRSWOR,S,,,,,,Y,
66095,4183,414247,,VS,21,41920,Y,NC,N,U,Observer,1054,103,,,SRSWOR,NC,,,,,,Y,
66096,4183,414436,,VS,210,33798,Y,S,N,U,Observer,1382,135,,,SRSWOR,S,,,,,,Y,
66097,4183,414437,,VS,211,47206,Y,S,N,U,Observer,1382,135,,,SRSWOR,S,,,,,,Y,
66098,4183,414438,,VS,212,52338,Y,S,N,U,Observer,1382,135,,,SRSWOR,S,,,,,,Y,
66099,4183,414439,,VS,213,18958,Y,S,N,U,Observer,1382,135,,,SRSWOR,S,,,,,,Y,
66100,4183,414440,,VS,214,23558,Y,S,N,U,Observer,1382,135,,,SRSWOR,S,,,,,,Y,
66101,4183,414441,,VS,215,41100,Y,S,N,U,Observer,1382,135,,,SRSWOR,S,,,,,,Y,
66102,4183,414442,,VS,216,24392,Y,S,N,U,Observer,1382,135,,,SRSWOR,S,,,,,,Y,
66103,4183,414443,,VS,217,41974,Y,S,N,U,Observer,1382,135,,,SRSWOR,S,,,,,,Y,
66104,4183,414444,,VS,218,50308,Y,S,N,U,Observer,1382,135,,,SRSWOR,S,,,,,,Y,
66105,4183,414445,,VS,219,34410,Y,S,N,U,Observer,1382,135,,,SRSWOR,S,,,,,,Y,
66106,4183,414248,,VS,22,33640,Y,NC,N,U,Observer,1054,103,,,SRSWOR,NC,,,,,,Y,
66107,4183,414446,,VS,220,43358,Y,S,N,U,Observer,1382,135,,,SRSWOR,S,,,,,,Y,
66108,4183,414447,,VS,221,50600,Y,S,N,U,Observer,1382,135,,,SRSWOR,S,,,,,,Y,
66109,4183,414448,,VS,222,51818,Y,S,N,U,Observer,1382,135,,,SRSWOR,S,,,,,,Y,
66110,4183,414449,,VS,223,43706,Y,S,N,U,Observer,1382,135,,,SRSWOR,S,,,,,,Y,
66111,4183,414450,,VS,224,33396,Y,S,N,U,Observer,1382,135,,,SRSWOR,S,,,,,,Y,
66112,4183,414451,,VS,225,39648,Y,S,N,U,Observer,1382,135,,,SRSWOR,S,,,,,,Y,
66113,4183,414452,,VS,226,50790,Y,S,N,U,Observer,1382,135,,,SRSWOR,S,,,,,,Y,
66114,4183,414453,,VS,227,50184,Y,S,N,U,Observer,1382,135,,,SRSWOR,S,,,,,,Y,
66115,4183,414454,,VS,228,27816,Y,S,N,U,Observer,1382,135,,,SRSWOR,S,,,,,,Y,
66116,4183,414455,,VS,229,29868,Y,S,N,U,Observer,1382,135,,,SRSWOR,S,,,,,,Y,
66117,4183,414249,,VS,23,45906,Y,NC,N,U,Observer,1054,103,,,SRSWOR,NC,,,,,,Y,
66118,4183,414456,,VS,230,51150,Y,S,N,U,Observer,1382,135,,,SRSWOR,S,,,,,,Y,
66119,4183,414457,,VS,231,26476,Y,S,N,U,Observer,1382,135,,,SRSWOR,S,,,,,,Y,
66120,4183,414458,,VS,232,41022,Y,S,N,U,Observer,1382,135,,,SRSWOR,S,,,,,,Y,
66121,4183,414459,,VS,233,30570,Y,S,N,U,Observer,1382,135,,,SRSWOR,S,,,,,,Y,
66122,4183,414460,,VS,234,31124,Y,S,N,U,Observer,1382,135,,,SRSWOR,S,,,,,,Y,
66123,4183,414461,,VS,235,51312,Y,S,N,U,Observer,1382,135,,,SRSWOR,S,,,,,,Y,
66124,4183,414462,,VS,236,43640,Y,S,N,U,Observer,1382,135,,,SRSWOR,S,,,,,,Y,
66125,4183,414463,,VS,237,45482,Y,S,N,U,Observer,1382,135,,,SRSWOR,S,,,,,,Y,
66126,4183,414464,,VS,238,29644,Y,S,N,U,Observer,1382,135,,,SRSWOR,S,,,,,,Y,
66127,4183,414465,,VS,239,46772,Y,S,N,U,Observer,1382,135,,,SRSWOR,S,,,,,,Y,
66128,4183,414250,,VS,24,47050,Y,NC,N,U,Observer,1054,103,,,SRSWOR,NC,,,,,,Y,
66129,4183,414466,,VS,240,50940,Y,S,N,U,Observer,1382,135,,,SRSWOR,S,,,,,,Y,
66130,4183,414467,,VS,241,34374,Y,S,N,U,Observer,1382,135,,,SRSWOR,S,,,,,,Y,
66131,4183,414468,,VS,242,43702,Y,S,N,U,Observer,1382,135,,,SRSWOR,S,,,,,,Y,
66132,4183,414469,,VS,243,50718,Y,S,N,U,Observer,1382,135,,,SRSWOR,S,,,,,,Y,
66133,4183,414470,,VS,244,32760,Y,S,N,U,Observer,1382,135,,,SRSWOR,S,,,,,,Y,
66134,4183,414471,,VS,245,21992,Y,S,N,U,Observer,1382,135,,,SRSWOR,S,,,,,,Y,
66135,4183,414472,,VS,246,28568,Y,S,N,U,Observer,1382,135,,,SRSWOR,S,,,,,,Y,
66136,4183,414473,,VS,247,44638,Y,S,N,U,Observer,1382,135,,,SRSWOR,S,,,,,,Y,
66137,4183,414474,,VS,248,51960,Y,S,N,U,Observer,1382,135,,,SRSWOR,S,,,,,,Y,
66138,4183,414475,,VS,249,32994,Y,S,N,U,Observer,1382,135,,,SRSWOR,S,,,,,,Y,
66139,4183,414251,,VS,25,19344,Y,NC,N,U,Observer,1054,103,,,SRSWOR,NC,,,,,,Y,
66140,4183,414476,,VS,250,24968,Y,S,N,U,Observer,1382,135,,,SRSWOR,S,,,,,,Y,
66141,4183,414477,,VS,251,18300,Y,S,N,U,Observer,1382,135,,,SRSWOR,S,,,,,,Y,
66142,4183,414478,,VS,252,26542,Y,S,N,U,Observer,1382,135,,,SRSWOR,S,,,,,,Y,
66143,4183,414479,,VS,253,44440,Y,S,N,U,Observer,1382,135,,,SRSWOR,S,,,,,,Y,
66144,4183,414480,,VS,254,46318,Y,S,N,U,Observer,1382,135,,,SRSWOR,S,,,,,,Y,
66145,4183,414481,,VS,255,23782,Y,S,N,U,Observer,1382,135,,,SRSWOR,S,,,,,,Y,
66146,4183,414482,,VS,256,52200,Y,S,N,U,Observer,1382,135,,,SRSWOR,S,,,,,,Y,
66147,4183,414483,,VS,257,19514,Y,S,N,U,Observer,1382,135,,,SRSWOR,S,,,,,,Y,
66148,4183,414484,,VS,258,46798,Y,S,N,U,Observer,1382,135,,,SRSWOR,S,,,,,,Y,
66149,4183,414485,,VS,259,51062,Y,S,N,U,Observer,1382,135,,,SRSWOR,S,,,,,,Y,
66150,4183,414252,,VS,26,50248,Y,NC,N,U,Observer,1054,103,,,SRSWOR,NC,,,,,,Y,
66151,4183,414486,,VS,260,40846,Y,W,N,U,Observer,422,41,,,SRSWOR,W,,,,,,Y,
66152,4183,414487,,VS,261,51160,Y,W,N,U,Observer,422,41,,,SRSWOR,W,,,,,,Y,
66153,4183,414488,,VS,262,34112,Y,W,N,U,Observer,422,41,,,SRSWOR,W,,,,,,Y,
66154,4183,414489,,VS,263,27244,Y,W,N,U,Observer,422,41,,,SRSWOR,W,,,,,,Y,
66155,4183,414490,,VS,264,52284,Y,W,N,U,Observer,422,41,,,SRSWOR,W,,,,,,Y,
66156,4183,414491,,VS,265,43800,Y,W,N,U,Observer,422,41,,,SRSWOR,W,,,,,,Y,
66157,4183,414492,,VS,266,46118,Y,W,N,U,Observer,422,41,,,SRSWOR,W,,,,,,Y,
66158,4183,414493,,VS,267,52128,Y,W,N,U,Observer,422,41,,,SRSWOR,W,,,,,,Y,
66159,4183,414494,,VS,268,50938,Y,W,N,U,Observer,422,41,,,SRSWOR,W,,,,,,Y,
66160,4183,414495,,VS,269,27530,Y,W,N,U,Observer,422,41,,,SRSWOR,W,,,,,,Y,
66161,4183,414253,,VS,27,52332,Y,NC,N,U,Observer,1054,103,,,SRSWOR,NC,,,,,,Y,
66162,4183,414496,,VS,270,22546,Y,W,N,U,Observer,422,41,,,SRSWOR,W,,,,,,Y,
66163,4183,414497,,VS,271,33678,Y,W,N,U,Observer,422,41,,,SRSWOR,W,,,,,,Y,
66164,4183,414498,,VS,272,43298,Y,W,N,U,Observer,422,41,,,SRSWOR,W,,,,,,Y,
66165,4183,414499,,VS,273,51316,Y,W,N,U,Observer,422,41,,,SRSWOR,W,,,,,,Y,
66166,4183,414500,,VS,274,43490,Y,W,N,U,Observer,422,41,,,SRSWOR,W,,,,,,Y,
66167,4183,414501,,VS,275,50466,Y,W,N,U,Observer,422,41,,,SRSWOR,W,,,,,,Y,
66168,4183,414502,,VS,276,44952,Y,W,N,U,Observer,422,41,,,SRSWOR,W,,,,,,Y,
66169,4183,414503,,VS,277,32998,Y,W,N,U,Observer,422,41,,,SRSWOR,W,,,,,,Y,
66170,4183,414504,,VS,278,34388,Y,W,N,U,Observer,422,41,,,SRSWOR,W,,,,,,Y,
66171,4183,414505,,VS,279,27742,Y,W,N,U,Observer,422,41,,,SRSWOR,W,,,,,,Y,
66172,4183,414254,,VS,28,51882,Y,NC,N,U,Observer,1054,103,,,SRSWOR,NC,,,,,,Y,
66173,4183,414506,,VS,280,45804,Y,W,N,U,Observer,422,41,,,SRSWOR,W,,,,,,Y,
66174,4183,414507,,VS,281,22456,Y,W,N,U,Observer,422,41,,,SRSWOR,W,,,,,,Y,
66175,4183,414508,,VS,282,19696,Y,W,N,U,Observer,422,41,,,SRSWOR,W,,,,,,Y,
66176,4183,414509,,VS,283,52350,Y,W,N,U,Observer,422,41,,,SRSWOR,W,,,,,,Y,
66177,4183,414510,,VS,284,20760,Y,W,N,U,Observer,422,41,,,SRSWOR,W,,,,,,Y,
66178,4183,414511,,VS,285,52260,Y,W,N,U,Observer,422,41,,,SRSWOR,W,,,,,,Y,
66179,4183,414512,,VS,286,50696,Y,W,N,U,Observer,422,41,,,SRSWOR,W,,,,,,Y,
66180,4183,414513,,VS,287,33944,Y,W,N,U,Observer,422,41,,,SRSWOR,W,,,,,,Y,
66181,4183,414514,,VS,288,52274,Y,W,N,U,Observer,422,41,,,SRSWOR,W,,,,,,Y,
66182,4183,414515,,VS,289,51934,Y,W,N,U,Observer,422,41,,,SRSWOR,W,,,,,,Y,
66183,4183,414255,,VS,29,50268,Y,NC,N,U,Observer,1054,103,,,SRSWOR,NC,,,,,,Y,
66184,4183,414516,,VS,290,47144,Y,W,N,U,Observer,422,41,,,SRSWOR,W,,,,,,Y,
66185,4183,414517,,VS,291,51732,Y,W,N,U,Observer,422,41,,,SRSWOR,W,,,,,,Y,
66186,4183,414518,,VS,292,51366,Y,W,N,U,Observer,422,41,,,SRSWOR,W,,,,,,Y,
66187,4183,414519,,VS,293,43162,Y,W,N,U,Observer,422,41,,,SRSWOR,W,,,,,,Y,
66188,4183,414520,,VS,294,32256,Y,W,N,U,Observer,422,41,,,SRSWOR,W,,,,,,Y,
66189,4183,414521,,VS,295,43576,Y,W,N,U,Observer,422,41,,,SRSWOR,W,,,,,,Y,
66190,4183,414522,,VS,296,51840,Y,W,N,U,Observer,422,41,,,SRSWOR,W,,,,,,Y,
66191,4183,414523,,VS,297,25538,Y,W,N,U,Observer,422,41,,,SRSWOR,W,,,,,,Y,
66192,4183,414524,,VS,298,43138,Y,W,N,U,Observer,422,41,,,SRSWOR,W,,,,,,Y,
66193,4183,414525,,VS,299,51318,Y,W,N,U,Observer,422,41,,,SRSWOR,W,,,,,,Y,
66194,4183,414229,,VS,3,42060,Y,NC,N,U,Observer,1054,103,,,SRSWOR,NC,,,,,,Y,
66195,4183,414256,,VS,30,20204,Y,NC,N,U,Observer,1054,103,,,SRSWOR,NC,,,,,,Y,
66196,4183,414526,,VS,300,42092,Y,W,N,U,Observer,422,41,,,SRSWOR,W,,,,,,Y,
66197,4183,414257,,VS,31,51364,Y,NC,N,U,Observer,1054,103,,,SRSWOR,NC,,,,,,Y,
66198,4183,414258,,VS,32,47862,Y,NC,N,U,Observer,1054,103,,,SRSWOR,NC,,,,,,Y,
66199,4183,414259,,VS,33,34554,Y,NC,N,U,Observer,1054,103,,,SRSWOR,NC,,,,,,Y,
66200,4183,414260,,VS,34,51626,Y,NC,N,U,Observer,1054,103,,,SRSWOR,NC,,,,,,Y,
66201,4183,414261,,VS,35,41428,Y,NC,N,U,Observer,1054,103,,,SRSWOR,NC,,,,,,Y,
66202,4183,414262,,VS,36,31426,Y,NC,N,U,Observer,1054,103,,,SRSWOR,NC,,,,,,Y,
66203,4183,414263,,VS,37,46230,Y,NC,N,U,Observer,1054,103,,,SRSWOR,NC,,,,,,Y,
66204,4183,414264,,VS,38,50870,Y,NC,N,U,Observer,1054,103,,,SRSWOR,NC,,,,,,Y,
66205,4183,414265,,VS,39,50278,Y,NC,N,U,Observer,1054,103,,,SRSWOR,NC,,,,,,Y,
66206,4183,414230,,VS,4,46770,Y,NC,N,U,Observer,1054,103,,,SRSWOR,NC,,,,,,Y,
66207,4183,414266,,VS,40,38250,Y,NC,N,U,Observer,1054,103,,,SRSWOR,NC,,,,,,Y,
66208,4183,414267,,VS,41,15212,Y,NC,N,U,Observer,1054,103,,,SRSWOR,NC,,,,,,Y,
66209,4183,414268,,VS,42,42620,Y,NC,N,U,Observer,1054,103,,,SRSWOR,NC,,,,,,Y,
66210,4183,414269,,VS,43,20902,Y,NC,N,U,Observer,1054,103,,,SRSWOR,NC,,,,,,Y,
66211,4183,414270,,VS,44,51342,Y,NC,N,U,Observer,1054,103,,,SRSWOR,NC,,,,,,Y,
66212,4183,414271,,VS,45,50214,Y,NC,N,U,Observer,1054,103,,,SRSWOR,NC,,,,,,Y,
66213,4183,414272,,VS,46,31238,Y,NC,N,U,Observer,1054,103,,,SRSWOR,NC,,,,,,Y,
66214,4183,414273,,VS,47,33216,Y,NC,N,U,Observer,1054,103,,,SRSWOR,NC,,,,,,Y,
66215,4183,414274,,VS,48,52644,Y,NC,N,U,Observer,1054,103,,,SRSWOR,NC,,,,,,Y,
66216,4183,414275,,VS,49,40420,Y,NC,N,U,Observer,1054,103,,,SRSWOR,NC,,,,,,Y,
66217,4183,414231,,VS,5,50796,Y,NC,N,U,Observer,1054,103,,,SRSWOR,NC,,,,,,Y,
66218,4183,414276,,VS,50,46286,Y,NC,N,U,Observer,1054,103,,,SRSWOR,NC,,,,,,Y,
66219,4183,414277,,VS,51,51920,Y,NC,N,U,Observer,1054,103,,,SRSWOR,NC,,,,,,Y,
66220,4183,414278,,VS,52,41124,Y,NC,N,U,Observer,1054,103,,,SRSWOR,NC,,,,,,Y,
66221,4183,414279,,VS,53,33962,Y,NC,N,U,Observer,1054,103,,,SRSWOR,NC,,,,,,Y,
66222,4183,414280,,VS,54,51144,Y,NC,N,U,Observer,1054,103,,,SRSWOR,NC,,,,,,Y,
66223,4183,414281,,VS,55,51402,Y,NC,N,U,Observer,1054,103,,,SRSWOR,NC,,,,,,Y,
66224,4183,414282,,VS,56,20646,Y,NC,N,U,Observer,1054,103,,,SRSWOR,NC,,,,,,Y,
66225,4183,414283,,VS,57,50702,Y,NC,N,U,Observer,1054,103,,,SRSWOR,NC,,,,,,Y,
66226,4183,414284,,VS,58,51872,Y,NC,N,U,Observer,1054,103,,,SRSWOR,NC,,,,,,Y,
66227,4183,414285,,VS,59,46664,Y,NC,N,U,Observer,1054,103,,,SRSWOR,NC,,,,,,Y,
66228,4183,414232,,VS,6,43048,Y,NC,N,U,Observer,1054,103,,,SRSWOR,NC,,,,,,Y,
66229,4183,414286,,VS,60,20076,Y,NC,N,U,Observer,1054,103,,,SRSWOR,NC,,,,,,Y,
66230,4183,414287,,VS,61,52360,Y,NC,N,U,Observer,1054,103,,,SRSWOR,NC,,,,,,Y,
66231,4183,414288,,VS,62,46362,Y,NC,N,U,Observer,1054,103,,,SRSWOR,NC,,,,,,Y,
66232,4183,414289,,VS,63,50552,Y,NC,N,U,Observer,1054,103,,,SRSWOR,NC,,,,,,Y,
66233,4183,414290,,VS,64,52098,Y,NC,N,U,Observer,1054,103,,,SRSWOR,NC,,,,,,Y,
66234,4183,414291,,VS,65,40470,Y,NC,N,U,Observer,1054,103,,,SRSWOR,NC,,,,,,Y,
66235,4183,414292,,VS,66,22260,Y,NC,N,U,Observer,1054,103,,,SRSWOR,NC,,,,,,Y,
66236,4183,414293,,VS,67,52368,Y,NC,N,U,Observer,1054,103,,,SRSWOR,NC,,,,,,Y,
66237,4183,414294,,VS,68,44578,Y,NC,N,U,Observer,1054,103,,,SRSWOR,NC,,,,,,Y,
66238,4183,414295,,VS,69,42616,Y,NC,N,U,Observer,1054,103,,,SRSWOR,NC,,,,,,Y,
66239,4183,414233,,VS,7,50708,Y,NC,N,U,Observer,1054,103,,,SRSWOR,NC,,,,,,Y,
66240,4183,414296,,VS,70,43656,Y,NC,N,U,Observer,1054,103,,,SRSWOR,NC,,,,,,Y,
66241,4183,414297,,VS,71,51276,Y,NC,N,U,Observer,1054,103,,,SRSWOR,NC,,,,,,Y,
66242,4183,414298,,VS,72,20580,Y,NC,N,U,Observer,1054,103,,,SRSWOR,NC,,,,,,Y,
66243,4183,414299,,VS,73,46066,Y,NC,N,U,Observer,1054,103,,,SRSWOR,NC,,,,,,Y,
66244,4183,414300,,VS,74,43830,Y,NC,N,U,Observer,1054,103,,,SRSWOR,NC,,,,,,Y,
66245,4183,414301,,VS,75,44600,Y,NC,N,U,Observer,1054,103,,,SRSWOR,NC,,,,,,Y,
66246,4183,414302,,VS,76,38744,Y,NC,N,U,Observer,1054,103,,,SRSWOR,NC,,,,,,Y,
66247,4183,414303,,VS,77,24994,Y,NC,N,U,Observer,1054,103,,,SRSWOR,NC,,,,,,Y,
66248,4183,414304,,VS,78,52316,Y,NC,N,U,Observer,1054,103,,,SRSWOR,NC,,,,,,Y,
66249,4183,414305,,VS,79,46930,Y,NC,N,U,Observer,1054,103,,,SRSWOR,NC,,,,,,Y,
66250,4183,414234,,VS,8,50654,Y,NC,N,U,Observer,1054,103,,,SRSWOR,NC,,,,,,Y,
66251,4183,414306,,VS,80,50648,Y,NC,N,U,Observer,1054,103,,,SRSWOR,NC,,,,,,Y,
66252,4183,414307,,VS,81,29824,Y,NC,N,U,Observer,1054,103,,,SRSWOR,NC,,,,,,Y,
66253,4183,414308,,VS,82,40866,Y,NC,N,U,Observer,1054,103,,,SRSWOR,NC,,,,,,Y,
66254,4183,414309,,VS,83,52002,Y,NC,N,U,Observer,1054,103,,,SRSWOR,NC,,,,,,Y,
66255,4183,414310,,VS,84,15672,Y,NC,N,U,Observer,1054,103,,,SRSWOR,NC,,,,,,Y,
66256,4183,414311,,VS,85,51740,Y,NC,N,U,Observer,1054,103,,,SRSWOR,NC,,,,,,Y,
66257,4183,414312,,VS,86,41966,Y,NC,N,U,Observer,1054,103,,,SRSWOR,NC,,,,,,Y,
66258,4183,414313,,VS,87,34544,Y,NC,N,U,Observer,1054,103,,,SRSWOR,NC,,,,,,Y,
66259,4183,414314,,VS,88,43536,Y,NC,N,U,Observer,1054,103,,,SRSWOR,NC,,,,,,Y,
66260,4183,414315,,VS,89,31036,Y,NC,N,U,Observer,1054,103,,,SRSWOR,NC,,,,,,Y,
66261,4183,414235,,VS,9,51104,Y,NC,N,U,Observer,1054,103,,,SRSWOR,NC,,,,,,Y,
66262,4183,414316,,VS,90,50714,Y,NC,N,U,Observer,1054,103,,,SRSWOR,NC,,,,,,Y,
66263,4183,414317,,VS,91,27462,Y,NC,N,U,Observer,1054,103,,,SRSWOR,NC,,,,,,Y,
66264,4183,414318,,VS,92,19462,Y,NC,N,U,Observer,1054,103,,,SRSWOR,NC,,,,,,Y,
66265,4183,414319,,VS,93,39520,Y,NC,N,U,Observer,1054,103,,,SRSWOR,NC,,,,,,Y,
66266,4183,414320,,VS,94,25202,Y,NC,N,U,Observer,1054,103,,,SRSWOR,NC,,,,,,Y,
66267,4183,414321,,VS,95,52130,Y,NC,N,U,Observer,1054,103,,,SRSWOR,NC,,,,,,Y,
66268,4183,414322,,VS,96,52318,Y,NC,N,U,Observer,1054,103,,,SRSWOR,NC,,,,,,Y,
66269,4183,414323,,VS,97,44524,Y,NC,N,U,Observer,1054,103,,,SRSWOR,NC,,,,,,Y,
66270,4183,414324,,VS,98,45260,Y,NC,N,U,Observer,1054,103,,,SRSWOR,NC,,,,,,Y,
66271,4183,414325,,VS,99,32464,Y,NC,N,U,Observer,1054,103,,,SRSWOR,NC,,,,,,Y,
