VSid,SDid,VDid,TEid,VSrecordType,VSsequenceNumber,VSencryptedVesselCode,VSstratification,VSstratumName,VSclustering,VSclusterName,VSsampler,VSnumberTotal,VSnumberSampled,VSselectionProb,VSinclusionProb,VSselectionMethod,VSunitName,VSselectionMethodCluster,VSnumberTotalClusters,VSnumberSampledClusters,VSselectionProbCluster,VSinclusionProbCluster,VSsampled,VSreasonNotSampled
66572,4185,414227,,VS,1,26820,N,U,N,U,Observer,3078,300,,,SRSWOR,COFFEE COUNTY AL S 1,,,,,,Y,
66573,4185,414236,,VS,10,32376,N,U,N,U,Observer,3078,300,,,SRSWOR,MONROE COUNTY AR S 10,,,,,,Y,
66574,4185,414326,,VS,100,29208,N,U,N,U,Observer,3078,300,,,SRSWOR,LAUREL COUNTY KY S 100,,,,,,Y,
66575,4185,414327,,VS,101,38570,N,U,N,U,Observer,3078,300,,,SRSWOR,MASON COUNTY KY S 101,,,,,,Y,
66576,4185,414328,,VS,102,51540,N,U,N,U,Observer,3078,300,,,SRSWOR,MCLEAN COUNTY KY S 102,,,,,,Y,
66577,4185,414329,,VS,103,42928,N,U,N,U,Observer,3078,300,,,SRSWOR,SIMPSON COUNTY KY S 103,,,,,,Y,
66578,4185,414330,,VS,104,31828,N,U,N,U,Observer,3078,300,,,SRSWOR,UNION COUNTY KY S 104,,,,,,Y,
66579,4185,414331,,VS,105,39066,N,U,N,U,Observer,3078,300,,,SRSWOR,FRANKLIN PARISH LA S 105,,,,,,Y,
66580,4185,414332,,VS,106,41574,N,U,N,U,Observer,3078,300,,,SRSWOR,JEFFERSON PARISH LA S 106,,,,,,Y,
66581,4185,414333,,VS,107,28864,N,U,N,U,Observer,3078,300,,,SRSWOR,LAFAYETTE PARISH LA S 107,,,,,,Y,
66582,4185,414334,,VS,108,29556,N,U,N,U,Observer,3078,300,,,SRSWOR,OUACHITA PARISH LA S 108,,,,,,Y,
66583,4185,414335,,VS,109,46450,N,U,N,U,Observer,3078,300,,,SRSWOR,VERMILION PARISH LA S 109,,,,,,Y,
66584,4185,414237,,VS,11,31356,N,U,N,U,Observer,3078,300,,,SRSWOR,POLK COUNTY AR S 11,,,,,,Y,
66585,4185,414336,,VS,110,44060,N,U,N,U,Observer,3078,300,,,SRSWOR,WEST CARROLL PARISH LA S 110,,,,,,Y,
66586,4185,414337,,VS,111,26654,N,U,N,U,Observer,3078,300,,,SRSWOR,FRANKLIN COUNTY MA NE 111,,,,,,Y,
66587,4185,414338,,VS,112,45832,N,U,N,U,Observer,3078,300,,,SRSWOR,CECIL COUNTY MD S 112,,,,,,Y,
66588,4185,414339,,VS,113,18810,N,U,N,U,Observer,3078,300,,,SRSWOR,LINCOLN COUNTY ME NE 113,,,,,,Y,
66589,4185,414340,,VS,114,29566,N,U,N,U,Observer,3078,300,,,SRSWOR,BRANCH COUNTY MI NC 114,,,,,,Y,
66590,4185,414341,,VS,115,40948,N,U,N,U,Observer,3078,300,,,SRSWOR,IOSCO COUNTY MI NC 115,,,,,,Y,
66591,4185,414342,,VS,116,42184,N,U,N,U,Observer,3078,300,,,SRSWOR,MANISTEE COUNTY MI NC 116,,,,,,Y,
66592,4185,414343,,VS,117,50134,N,U,N,U,Observer,3078,300,,,SRSWOR,MENOMINEE COUNTY MI NC 117,,,,,,Y,
66593,4185,414344,,VS,118,51890,N,U,N,U,Observer,3078,300,,,SRSWOR,MONTMORENCY COUNTY MI NC 118,,,,,,Y,
66594,4185,414345,,VS,119,43208,N,U,N,U,Observer,3078,300,,,SRSWOR,SAGINAW COUNTY MI NC 119,,,,,,Y,
66595,4185,414238,,VS,12,17418,N,U,N,U,Observer,3078,300,,,SRSWOR,PRAIRIE COUNTY AR S 12,,,,,,Y,
66596,4185,414346,,VS,120,47182,N,U,N,U,Observer,3078,300,,,SRSWOR,SHIAWASSEE COUNTY MI NC 120,,,,,,Y,
66597,4185,414347,,VS,121,51476,N,U,N,U,Observer,3078,300,,,SRSWOR,ST JOSEPH COUNTY MI NC 121,,,,,,Y,
66598,4185,414348,,VS,122,51036,N,U,N,U,Observer,3078,300,,,SRSWOR,CHISAGO COUNTY MN NC 122,,,,,,Y,
66599,4185,414349,,VS,123,47290,N,U,N,U,Observer,3078,300,,,SRSWOR,CLEARWATER COUNTY MN NC 123,,,,,,Y,
66600,4185,414350,,VS,124,43882,N,U,N,U,Observer,3078,300,,,SRSWOR,COTTONWOOD COUNTY MN NC 124,,,,,,Y,
66601,4185,414351,,VS,125,28846,N,U,N,U,Observer,3078,300,,,SRSWOR,DAKOTA COUNTY MN NC 125,,,,,,Y,
66602,4185,414352,,VS,126,50164,N,U,N,U,Observer,3078,300,,,SRSWOR,GOODHUE COUNTY MN NC 126,,,,,,Y,
66603,4185,414353,,VS,127,20166,N,U,N,U,Observer,3078,300,,,SRSWOR,KITTSON COUNTY MN NC 127,,,,,,Y,
66604,4185,414354,,VS,128,47484,N,U,N,U,Observer,3078,300,,,SRSWOR,MARTIN COUNTY MN NC 128,,,,,,Y,
66605,4185,414355,,VS,129,43946,N,U,N,U,Observer,3078,300,,,SRSWOR,PIPESTONE COUNTY MN NC 129,,,,,,Y,
66606,4185,414239,,VS,13,50358,N,U,N,U,Observer,3078,300,,,SRSWOR,STONE COUNTY AR S 13,,,,,,Y,
66607,4185,414356,,VS,130,39562,N,U,N,U,Observer,3078,300,,,SRSWOR,RED LAKE COUNTY MN NC 130,,,,,,Y,
66608,4185,414357,,VS,131,46988,N,U,N,U,Observer,3078,300,,,SRSWOR,ROCK COUNTY MN NC 131,,,,,,Y,
66609,4185,414358,,VS,132,23406,N,U,N,U,Observer,3078,300,,,SRSWOR,CALDWELL COUNTY MO NC 132,,,,,,Y,
66610,4185,414359,,VS,133,30682,N,U,N,U,Observer,3078,300,,,SRSWOR,CLINTON COUNTY MO NC 133,,,,,,Y,
66611,4185,414360,,VS,134,50668,N,U,N,U,Observer,3078,300,,,SRSWOR,DAVIESS COUNTY MO NC 134,,,,,,Y,
66612,4185,414361,,VS,135,26254,N,U,N,U,Observer,3078,300,,,SRSWOR,HICKORY COUNTY MO NC 135,,,,,,Y,
66613,4185,414362,,VS,136,39802,N,U,N,U,Observer,3078,300,,,SRSWOR,LIVINGSTON COUNTY MO NC 136,,,,,,Y,
66614,4185,414363,,VS,137,51768,N,U,N,U,Observer,3078,300,,,SRSWOR,PHELPS COUNTY MO NC 137,,,,,,Y,
66615,4185,414364,,VS,138,39828,N,U,N,U,Observer,3078,300,,,SRSWOR,PIKE COUNTY MO NC 138,,,,,,Y,
66616,4185,414365,,VS,139,50812,N,U,N,U,Observer,3078,300,,,SRSWOR,REYNOLDS COUNTY MO NC 139,,,,,,Y,
66617,4185,414240,,VS,14,51358,N,U,N,U,Observer,3078,300,,,SRSWOR,WASHINGTON COUNTY AR S 14,,,,,,Y,
66618,4185,414366,,VS,140,42704,N,U,N,U,Observer,3078,300,,,SRSWOR,SHANNON COUNTY MO NC 140,,,,,,Y,
66619,4185,414367,,VS,141,40820,N,U,N,U,Observer,3078,300,,,SRSWOR,SHELBY COUNTY MO NC 141,,,,,,Y,
66620,4185,414368,,VS,142,47446,N,U,N,U,Observer,3078,300,,,SRSWOR,ST LOUIS COUNTY MO NC 142,,,,,,Y,
66621,4185,414369,,VS,143,40476,N,U,N,U,Observer,3078,300,,,SRSWOR,COAHOMA COUNTY MS S 143,,,,,,Y,
66622,4185,414370,,VS,144,17258,N,U,N,U,Observer,3078,300,,,SRSWOR,JONES COUNTY MS S 144,,,,,,Y,
66623,4185,414371,,VS,145,33832,N,U,N,U,Observer,3078,300,,,SRSWOR,NOXUBEE COUNTY MS S 145,,,,,,Y,
66624,4185,414372,,VS,146,45572,N,U,N,U,Observer,3078,300,,,SRSWOR,SIMPSON COUNTY MS S 146,,,,,,Y,
66625,4185,414373,,VS,147,46852,N,U,N,U,Observer,3078,300,,,SRSWOR,WARREN COUNTY MS S 147,,,,,,Y,
66626,4185,414374,,VS,148,50776,N,U,N,U,Observer,3078,300,,,SRSWOR,BEAVERHEAD COUNTY MT W 148,,,,,,Y,
66627,4185,414375,,VS,149,39486,N,U,N,U,Observer,3078,300,,,SRSWOR,DAWSON COUNTY MT W 149,,,,,,Y,
66628,4185,414241,,VS,15,51168,N,U,N,U,Observer,3078,300,,,SRSWOR,AMADOR COUNTY CA W 15,,,,,,Y,
66629,4185,414376,,VS,150,46204,N,U,N,U,Observer,3078,300,,,SRSWOR,MCCONE COUNTY MT W 150,,,,,,Y,
66630,4185,414377,,VS,151,28752,N,U,N,U,Observer,3078,300,,,SRSWOR,POWELL COUNTY MT W 151,,,,,,Y,
66631,4185,414378,,VS,152,45524,N,U,N,U,Observer,3078,300,,,SRSWOR,BURKE COUNTY NC S 152,,,,,,Y,
66632,4185,414379,,VS,153,51486,N,U,N,U,Observer,3078,300,,,SRSWOR,CUMBERLAND COUNTY NC S 153,,,,,,Y,
66633,4185,414380,,VS,154,38764,N,U,N,U,Observer,3078,300,,,SRSWOR,GREENE COUNTY NC S 154,,,,,,Y,
66634,4185,414381,,VS,155,24374,N,U,N,U,Observer,3078,300,,,SRSWOR,RANDOLPH COUNTY NC S 155,,,,,,Y,
66635,4185,414382,,VS,156,47848,N,U,N,U,Observer,3078,300,,,SRSWOR,ROCKINGHAM COUNTY NC S 156,,,,,,Y,
66636,4185,414383,,VS,157,51174,N,U,N,U,Observer,3078,300,,,SRSWOR,RUTHERFORD COUNTY NC S 157,,,,,,Y,
66637,4185,414384,,VS,158,23000,N,U,N,U,Observer,3078,300,,,SRSWOR,STANLY COUNTY NC S 158,,,,,,Y,
66638,4185,414385,,VS,159,46252,N,U,N,U,Observer,3078,300,,,SRSWOR,SURRY COUNTY NC S 159,,,,,,Y,
66639,4185,414242,,VS,16,52004,N,U,N,U,Observer,3078,300,,,SRSWOR,MARIN COUNTY CA W 16,,,,,,Y,
66640,4185,414386,,VS,160,38374,N,U,N,U,Observer,3078,300,,,SRSWOR,GOLDEN VALLEY COUNTY ND NC 160,,,,,,Y,
66641,4185,414387,,VS,161,46288,N,U,N,U,Observer,3078,300,,,SRSWOR,GRANT COUNTY ND NC 161,,,,,,Y,
66642,4185,414388,,VS,162,50502,N,U,N,U,Observer,3078,300,,,SRSWOR,MORTON COUNTY ND NC 162,,,,,,Y,
66643,4185,414389,,VS,163,32408,N,U,N,U,Observer,3078,300,,,SRSWOR,SIOUX COUNTY ND NC 163,,,,,,Y,
66644,4185,414390,,VS,164,21974,N,U,N,U,Observer,3078,300,,,SRSWOR,TOWNER COUNTY ND NC 164,,,,,,Y,
66645,4185,414391,,VS,165,46440,N,U,N,U,Observer,3078,300,,,SRSWOR,WILLIAMS COUNTY ND NC 165,,,,,,Y,
66646,4185,414392,,VS,166,39878,N,U,N,U,Observer,3078,300,,,SRSWOR,BOX BUTTE COUNTY NE NC 166,,,,,,Y,
66647,4185,414393,,VS,167,34250,N,U,N,U,Observer,3078,300,,,SRSWOR,BOYD COUNTY NE NC 167,,,,,,Y,
66648,4185,414394,,VS,168,24244,N,U,N,U,Observer,3078,300,,,SRSWOR,DIXON COUNTY NE NC 168,,,,,,Y,
66649,4185,414395,,VS,169,32766,N,U,N,U,Observer,3078,300,,,SRSWOR,GA RFIELD COUNTY NE NC 169,,,,,,Y,
66650,4185,414243,,VS,17,38728,N,U,N,U,Observer,3078,300,,,SRSWOR,NAPA COUNTY CA W 17,,,,,,Y,
66651,4185,414396,,VS,170,40382,N,U,N,U,Observer,3078,300,,,SRSWOR,KEITH COUNTY NE NC 170,,,,,,Y,
66652,4185,414397,,VS,171,46960,N,U,N,U,Observer,3078,300,,,SRSWOR,KEYA PAHA COUNTY NE NC 171,,,,,,Y,
66653,4185,414398,,VS,172,20156,N,U,N,U,Observer,3078,300,,,SRSWOR,MORRILL COUNTY NE NC 172,,,,,,Y,
66654,4185,414399,,VS,173,24346,N,U,N,U,Observer,3078,300,,,SRSWOR,ROCK COUNTY NE NC 173,,,,,,Y,
66655,4185,414400,,VS,174,47938,N,U,N,U,Observer,3078,300,,,SRSWOR,YORK COUNTY NE NC 174,,,,,,Y,
66656,4185,414401,,VS,175,43126,N,U,N,U,Observer,3078,300,,,SRSWOR,BELKNAP COUNTY NH NE 175,,,,,,Y,
66657,4185,414402,,VS,176,51988,N,U,N,U,Observer,3078,300,,,SRSWOR,GRAFTON COUNTY NH NE 176,,,,,,Y,
66658,4185,414403,,VS,177,46504,N,U,N,U,Observer,3078,300,,,SRSWOR,ATLANTIC COUNTY NJ NE 177,,,,,,Y,
66659,4185,414404,,VS,178,41312,N,U,N,U,Observer,3078,300,,,SRSWOR,ESSEX COUNTY NJ NE 178,,,,,,Y,
66660,4185,414405,,VS,179,41652,N,U,N,U,Observer,3078,300,,,SRSWOR,HUDSON COUNTY NJ NE 179,,,,,,Y,
66661,4185,414244,,VS,18,34008,N,U,N,U,Observer,3078,300,,,SRSWOR,PLUMAS COUNTY CA W 18,,,,,,Y,
66662,4185,414406,,VS,180,27156,N,U,N,U,Observer,3078,300,,,SRSWOR,UNION COUNTY NJ NE 180,,,,,,Y,
66663,4185,414407,,VS,181,46942,N,U,N,U,Observer,3078,300,,,SRSWOR,CURRY COUNTY NM W 181,,,,,,Y,
66664,4185,414408,,VS,182,51510,N,U,N,U,Observer,3078,300,,,SRSWOR,DE BACA COUNTY NM W 182,,,,,,Y,
66665,4185,414409,,VS,183,25556,N,U,N,U,Observer,3078,300,,,SRSWOR,GRANT COUNTY NM W 183,,,,,,Y,
66666,4185,414410,,VS,184,22838,N,U,N,U,Observer,3078,300,,,SRSWOR,MORA COUNTY NM W 184,,,,,,Y,
66667,4185,414411,,VS,185,44776,N,U,N,U,Observer,3078,300,,,SRSWOR,SAN JUAN COUNTY NM W 185,,,,,,Y,
66668,4185,414412,,VS,186,52134,N,U,N,U,Observer,3078,300,,,SRSWOR,VALENCIA COUNTY NM W 186,,,,,,Y,
66669,4185,414413,,VS,187,23462,N,U,N,U,Observer,3078,300,,,SRSWOR,CHURCHILL COUNTY NV W 187,,,,,,Y,
66670,4185,414414,,VS,188,51148,N,U,N,U,Observer,3078,300,,,SRSWOR,LANDER COUNTY NV W 188,,,,,,Y,
66671,4185,414415,,VS,189,42482,N,U,N,U,Observer,3078,300,,,SRSWOR,NYE COUNTY NV W 189,,,,,,Y,
66672,4185,414245,,VS,19,23088,N,U,N,U,Observer,3078,300,,,SRSWOR,SISKIYOU COUNTY CA W 19,,,,,,Y,
66673,4185,414416,,VS,190,47268,N,U,N,U,Observer,3078,300,,,SRSWOR,HERKIMER COUNTY NY NE 190,,,,,,Y,
66674,4185,414417,,VS,191,24764,N,U,N,U,Observer,3078,300,,,SRSWOR,ONONDAGA COUNTY NY NE 191,,,,,,Y,
66675,4185,414418,,VS,192,52352,N,U,N,U,Observer,3078,300,,,SRSWOR,ROCKLAND COUNTY NY NE 192,,,,,,Y,
66676,4185,414419,,VS,193,51744,N,U,N,U,Observer,3078,300,,,SRSWOR,SARATOGA COUNTY NY NE 193,,,,,,Y,
66677,4185,414420,,VS,194,41458,N,U,N,U,Observer,3078,300,,,SRSWOR,TOMPKINS COUNTY NY NE 194,,,,,,Y,
66678,4185,414421,,VS,195,47872,N,U,N,U,Observer,3078,300,,,SRSWOR,WASHINGTON COUNTY NY NE 195,,,,,,Y,
66679,4185,414422,,VS,196,34936,N,U,N,U,Observer,3078,300,,,SRSWOR,AUGLAIZE COUNTY OH NC 196,,,,,,Y,
66680,4185,414423,,VS,197,44616,N,U,N,U,Observer,3078,300,,,SRSWOR,BROWN COUNTY OH NC 197,,,,,,Y,
66681,4185,414424,,VS,198,24330,N,U,N,U,Observer,3078,300,,,SRSWOR,CLERMONT COUNTY OH NC 198,,,,,,Y,
66682,4185,414425,,VS,199,34102,N,U,N,U,Observer,3078,300,,,SRSWOR,GREENE COUNTY OH NC 199,,,,,,Y,
66683,4185,414228,,VS,2,43412,N,U,N,U,Observer,3078,300,,,SRSWOR,COLBERT COUNTY AL S 2,,,,,,Y,
66684,4185,414246,,VS,20,50348,N,U,N,U,Observer,3078,300,,,SRSWOR,YUBA COUNTY CA W 20,,,,,,Y,
66685,4185,414426,,VS,200,44534,N,U,N,U,Observer,3078,300,,,SRSWOR,GUERNSEY COUNTY OH NC 200,,,,,,Y,
66686,4185,414427,,VS,201,50980,N,U,N,U,Observer,3078,300,,,SRSWOR,LAKE COUNTY OH NC 201,,,,,,Y,
66687,4185,414428,,VS,202,50564,N,U,N,U,Observer,3078,300,,,SRSWOR,MADISON COUNTY OH NC 202,,,,,,Y,
66688,4185,414429,,VS,203,51932,N,U,N,U,Observer,3078,300,,,SRSWOR,ROSS COUNTY OH NC 203,,,,,,Y,
66689,4185,414430,,VS,204,51380,N,U,N,U,Observer,3078,300,,,SRSWOR,STARK COUNTY OH NC 204,,,,,,Y,
66690,4185,414431,,VS,205,44486,N,U,N,U,Observer,3078,300,,,SRSWOR,WARREN COUNTY OH NC 205,,,,,,Y,
66691,4185,414432,,VS,206,42080,N,U,N,U,Observer,3078,300,,,SRSWOR,CARTER COUNTY OK S 206,,,,,,Y,
66692,4185,414433,,VS,207,50698,N,U,N,U,Observer,3078,300,,,SRSWOR,JACKSON COUNTY OK S 207,,,,,,Y,
66693,4185,414434,,VS,208,51200,N,U,N,U,Observer,3078,300,,,SRSWOR,LINCOLN COUNTY OK S 208,,,,,,Y,
66694,4185,414435,,VS,209,33718,N,U,N,U,Observer,3078,300,,,SRSWOR,TULSA COUNTY OK S 209,,,,,,Y,
66695,4185,414247,,VS,21,41920,N,U,N,U,Observer,3078,300,,,SRSWOR,BENT COUNTY CO W 21,,,,,,Y,
66696,4185,414436,,VS,210,33798,N,U,N,U,Observer,3078,300,,,SRSWOR,CROOK COUNTY OR W 210,,,,,,Y,
66697,4185,414437,,VS,211,47206,N,U,N,U,Observer,3078,300,,,SRSWOR,CURRY COUNTY OR W 211,,,,,,Y,
66698,4185,414438,,VS,212,52338,N,U,N,U,Observer,3078,300,,,SRSWOR,WHEELER COUNTY OR W 212,,,,,,Y,
66699,4185,414439,,VS,213,18958,N,U,N,U,Observer,3078,300,,,SRSWOR,BEAVER COUNTY PA NE 213,,,,,,Y,
66700,4185,414440,,VS,214,23558,N,U,N,U,Observer,3078,300,,,SRSWOR,BUTLER COUNTY PA NE 214,,,,,,Y,
66701,4185,414441,,VS,215,41100,N,U,N,U,Observer,3078,300,,,SRSWOR,CARBON COUNTY PA NE 215,,,,,,Y,
66702,4185,414442,,VS,216,24392,N,U,N,U,Observer,3078,300,,,SRSWOR,CRAWFORD COUNTY PA NE 216,,,,,,Y,
66703,4185,414443,,VS,217,41974,N,U,N,U,Observer,3078,300,,,SRSWOR,DAUPHIN COUNTY PA NE 217,,,,,,Y,
66704,4185,414444,,VS,218,50308,N,U,N,U,Observer,3078,300,,,SRSWOR,ELK COUNTY PA NE 218,,,,,,Y,
66705,4185,414445,,VS,219,34410,N,U,N,U,Observer,3078,300,,,SRSWOR,LACKAWANNA COUNTY PA NE 219,,,,,,Y,
66706,4185,414248,,VS,22,33640,N,U,N,U,Observer,3078,300,,,SRSWOR,LINCOLN COUNTY CO W 22,,,,,,Y,
66707,4185,414446,,VS,220,43358,N,U,N,U,Observer,3078,300,,,SRSWOR,MONROE COUNTY PA NE 220,,,,,,Y,
66708,4185,414447,,VS,221,50600,N,U,N,U,Observer,3078,300,,,SRSWOR,NORTHUMBERLAND COUNTY PA NE 221,,,,,,Y,
66709,4185,414448,,VS,222,51818,N,U,N,U,Observer,3078,300,,,SRSWOR,BEAUFORT COUNTY SC S 222,,,,,,Y,
66710,4185,414449,,VS,223,43706,N,U,N,U,Observer,3078,300,,,SRSWOR,BERKELEY COUNTY SC S 223,,,,,,Y,
66711,4185,414450,,VS,224,33396,N,U,N,U,Observer,3078,300,,,SRSWOR,LEXINGTON COUNTY SC S 224,,,,,,Y,
66712,4185,414451,,VS,225,39648,N,U,N,U,Observer,3078,300,,,SRSWOR,OCONEE COUNTY SC S 225,,,,,,Y,
66713,4185,414452,,VS,226,50790,N,U,N,U,Observer,3078,300,,,SRSWOR,ORANGEBURG COUNTY SC S 226,,,,,,Y,
66714,4185,414453,,VS,227,50184,N,U,N,U,Observer,3078,300,,,SRSWOR,SALUDA COUNTY SC S 227,,,,,,Y,
66715,4185,414454,,VS,228,27816,N,U,N,U,Observer,3078,300,,,SRSWOR,BUTTE COUNTY SD NC 228,,,,,,Y,
66716,4185,414455,,VS,229,29868,N,U,N,U,Observer,3078,300,,,SRSWOR,CORSON COUNTY SD NC 229,,,,,,Y,
66717,4185,414249,,VS,23,45906,N,U,N,U,Observer,3078,300,,,SRSWOR,MONTEZUMA COUNTY CO W 23,,,,,,Y,
66718,4185,414456,,VS,230,51150,N,U,N,U,Observer,3078,300,,,SRSWOR,CUSTER COUNTY SD NC 230,,,,,,Y,
66719,4185,414457,,VS,231,26476,N,U,N,U,Observer,3078,300,,,SRSWOR,DOUGLAS COUNTY SD NC 231,,,,,,Y,
66720,4185,414458,,VS,232,41022,N,U,N,U,Observer,3078,300,,,SRSWOR,HARDING COUNTY SD NC 232,,,,,,Y,
66721,4185,414459,,VS,233,30570,N,U,N,U,Observer,3078,300,,,SRSWOR,KINGSBURY COUNTY SD NC 233,,,,,,Y,
66722,4185,414460,,VS,234,31124,N,U,N,U,Observer,3078,300,,,SRSWOR,POTTER COUNTY SD NC 234,,,,,,Y,
66723,4185,414461,,VS,235,51312,N,U,N,U,Observer,3078,300,,,SRSWOR,WALWORTH COUNTY SD NC 235,,,,,,Y,
66724,4185,414462,,VS,236,43640,N,U,N,U,Observer,3078,300,,,SRSWOR,YANKTON COUNTY SD NC 236,,,,,,Y,
66725,4185,414463,,VS,237,45482,N,U,N,U,Observer,3078,300,,,SRSWOR,DAVIDSON COUNTY TN S 237,,,,,,Y,
66726,4185,414464,,VS,238,29644,N,U,N,U,Observer,3078,300,,,SRSWOR,GRAINGER COUNTY TN S 238,,,,,,Y,
66727,4185,414465,,VS,239,46772,N,U,N,U,Observer,3078,300,,,SRSWOR,JACKSON COUNTY TN S 239,,,,,,Y,
66728,4185,414250,,VS,24,47050,N,U,N,U,Observer,3078,300,,,SRSWOR,SUMMIT COUNTY CO W 24,,,,,,Y,
66729,4185,414466,,VS,240,50940,N,U,N,U,Observer,3078,300,,,SRSWOR,JOHNSON COUNTY TN S 240,,,,,,Y,
66730,4185,414467,,VS,241,34374,N,U,N,U,Observer,3078,300,,,SRSWOR,LAWRENCE COUNTY TN S 241,,,,,,Y,
66731,4185,414468,,VS,242,43702,N,U,N,U,Observer,3078,300,,,SRSWOR,LINCOLN COUNTY TN S 242,,,,,,Y,
66732,4185,414469,,VS,243,50718,N,U,N,U,Observer,3078,300,,,SRSWOR,SEVIER COUNTY TN S 243,,,,,,Y,
66733,4185,414470,,VS,244,32760,N,U,N,U,Observer,3078,300,,,SRSWOR,SMITH COUNTY TN S 244,,,,,,Y,
66734,4185,414471,,VS,245,21992,N,U,N,U,Observer,3078,300,,,SRSWOR,UNION COUNTY TN S 245,,,,,,Y,
66735,4185,414472,,VS,246,28568,N,U,N,U,Observer,3078,300,,,SRSWOR,ANGELINA COUNTY TX S 246,,,,,,Y,
66736,4185,414473,,VS,247,44638,N,U,N,U,Observer,3078,300,,,SRSWOR,BAILEY COUNTY TX S 247,,,,,,Y,
66737,4185,414474,,VS,248,51960,N,U,N,U,Observer,3078,300,,,SRSWOR,BURNET COUNTY TX S 248,,,,,,Y,
66738,4185,414475,,VS,249,32994,N,U,N,U,Observer,3078,300,,,SRSWOR,CLAY COUNTY TX S 249,,,,,,Y,
66739,4185,414251,,VS,25,19344,N,U,N,U,Observer,3078,300,,,SRSWOR,TELLER COUNTY CO W 25,,,,,,Y,
66740,4185,414476,,VS,250,24968,N,U,N,U,Observer,3078,300,,,SRSWOR,ERATH COUNTY TX S 250,,,,,,Y,
66741,4185,414477,,VS,251,18300,N,U,N,U,Observer,3078,300,,,SRSWOR,FANNIN COUNTY TX S 251,,,,,,Y,
66742,4185,414478,,VS,252,26542,N,U,N,U,Observer,3078,300,,,SRSWOR,FRIO COUNTY TX S 252,,,,,,Y,
66743,4185,414479,,VS,253,44440,N,U,N,U,Observer,3078,300,,,SRSWOR,GRAY COUNTY TX S 253,,,,,,Y,
66744,4185,414480,,VS,254,46318,N,U,N,U,Observer,3078,300,,,SRSWOR,HALL COUNTY TX S 254,,,,,,Y,
66745,4185,414481,,VS,255,23782,N,U,N,U,Observer,3078,300,,,SRSWOR,HAMILTON COUNTY TX S 255,,,,,,Y,
66746,4185,414482,,VS,256,52200,N,U,N,U,Observer,3078,300,,,SRSWOR,HAYS COUNTY TX S 256,,,,,,Y,
66747,4185,414483,,VS,257,19514,N,U,N,U,Observer,3078,300,,,SRSWOR,HUDSPETH COUNTY TX S 257,,,,,,Y,
66748,4185,414484,,VS,258,46798,N,U,N,U,Observer,3078,300,,,SRSWOR,JIM WELLS COUNTY TX S 258,,,,,,Y,
66749,4185,414485,,VS,259,51062,N,U,N,U,Observer,3078,300,,,SRSWOR,KERR COUNTY TX S 259,,,,,,Y,
66750,4185,414252,,VS,26,50248,N,U,N,U,Observer,3078,300,,,SRSWOR,CITRUS COUNTY FL S 26,,,,,,Y,
66751,4185,414486,,VS,260,40846,N,U,N,U,Observer,3078,300,,,SRSWOR,LAMAR COUNTY TX S 260,,,,,,Y,
66752,4185,414487,,VS,261,51160,N,U,N,U,Observer,3078,300,,,SRSWOR,LEE COUNTY TX S 261,,,,,,Y,
66753,4185,414488,,VS,262,34112,N,U,N,U,Observer,3078,300,,,SRSWOR,MADISON COUNTY TX S 262,,,,,,Y,
66754,4185,414489,,VS,263,27244,N,U,N,U,Observer,3078,300,,,SRSWOR,NUECES COUNTY TX S 263,,,,,,Y,
66755,4185,414490,,VS,264,52284,N,U,N,U,Observer,3078,300,,,SRSWOR,PALO PINTO COUNTY TX S 264,,,,,,Y,
66756,4185,414491,,VS,265,43800,N,U,N,U,Observer,3078,300,,,SRSWOR,PRESIDIO COUNTY TX S 265,,,,,,Y,
66757,4185,414492,,VS,266,46118,N,U,N,U,Observer,3078,300,,,SRSWOR,RED RIVER COUNTY TX S 266,,,,,,Y,
66758,4185,414493,,VS,267,52128,N,U,N,U,Observer,3078,300,,,SRSWOR,RUNNELS COUNTY TX S 267,,,,,,Y,
66759,4185,414494,,VS,268,50938,N,U,N,U,Observer,3078,300,,,SRSWOR,SAN AUGUSTINE COUNTY TX S 268,,,,,,Y,
66760,4185,414495,,VS,269,27530,N,U,N,U,Observer,3078,300,,,SRSWOR,SWISHER COUNTY TX S 269,,,,,,Y,
66761,4185,414253,,VS,27,52332,N,U,N,U,Observer,3078,300,,,SRSWOR,COLUMBIA COUNTY FL S 27,,,,,,Y,
66762,4185,414496,,VS,270,22546,N,U,N,U,Observer,3078,300,,,SRSWOR,WILLACY COUNTY TX S 270,,,,,,Y,
66763,4185,414497,,VS,271,33678,N,U,N,U,Observer,3078,300,,,SRSWOR,BLAND COUNTY VA S 271,,,,,,Y,
66764,4185,414498,,VS,272,43298,N,U,N,U,Observer,3078,300,,,SRSWOR,CAROLINE COUNTY VA S 272,,,,,,Y,
66765,4185,414499,,VS,273,51316,N,U,N,U,Observer,3078,300,,,SRSWOR,DINWIDDIE COUNTY VA S 273,,,,,,Y,
66766,4185,414500,,VS,274,43490,N,U,N,U,Observer,3078,300,,,SRSWOR,GOOCHLAND COUNTY VA S 274,,,,,,Y,
66767,4185,414501,,VS,275,50466,N,U,N,U,Observer,3078,300,,,SRSWOR,HIGHLAND COUNTY VA S 275,,,,,,Y,
66768,4185,414502,,VS,276,44952,N,U,N,U,Observer,3078,300,,,SRSWOR,ISLE OF WIGHT COUNTY VA S 276,,,,,,Y,
66769,4185,414503,,VS,277,32998,N,U,N,U,Observer,3078,300,,,SRSWOR,NORTHAMPTON COUNTY VA S 277,,,,,,Y,
66770,4185,414504,,VS,278,34388,N,U,N,U,Observer,3078,300,,,SRSWOR,NORTHUMBERLAND COUNTY VA S 278,,,,,,Y,
66771,4185,414505,,VS,279,27742,N,U,N,U,Observer,3078,300,,,SRSWOR,NOTTOWAY COUNTY VA S 279,,,,,,Y,
66772,4185,414254,,VS,28,51882,N,U,N,U,Observer,3078,300,,,SRSWOR,HILLSBOROUGH COUNTY FL S 28,,,,,,Y,
66773,4185,414506,,VS,280,45804,N,U,N,U,Observer,3078,300,,,SRSWOR,PITTSYLVANIA COUNTY VA S 280,,,,,,Y,
66774,4185,414507,,VS,281,22456,N,U,N,U,Observer,3078,300,,,SRSWOR,PRINCE GEORGE COUNTY VA S 281,,,,,,Y,
66775,4185,414508,,VS,282,19696,N,U,N,U,Observer,3078,300,,,SRSWOR,RUSSELL COUNTY VA S 282,,,,,,Y,
66776,4185,414509,,VS,283,52350,N,U,N,U,Observer,3078,300,,,SRSWOR,SMYTH COUNTY VA S 283,,,,,,Y,
66777,4185,414510,,VS,284,20760,N,U,N,U,Observer,3078,300,,,SRSWOR,SUFFOLK CITY (IC) VA S 284,,,,,,Y,
66778,4185,414511,,VS,285,52260,N,U,N,U,Observer,3078,300,,,SRSWOR,TAZEWELL COUNTY VA S 285,,,,,,Y,
66779,4185,414512,,VS,286,50696,N,U,N,U,Observer,3078,300,,,SRSWOR,WESTMORELAND COUNTY VA S 286,,,,,,Y,
66780,4185,414513,,VS,287,33944,N,U,N,U,Observer,3078,300,,,SRSWOR,RUTLAND COUNTY VT NE 287,,,,,,Y,
66781,4185,414514,,VS,288,52274,N,U,N,U,Observer,3078,300,,,SRSWOR,CHELAN COUNTY WA W 288,,,,,,Y,
66782,4185,414515,,VS,289,51934,N,U,N,U,Observer,3078,300,,,SRSWOR,FERRY COUNTY WA W 289,,,,,,Y,
66783,4185,414255,,VS,29,50268,N,U,N,U,Observer,3078,300,,,SRSWOR,OKEECHOBEE COUNTY FL S 29,,,,,,Y,
66784,4185,414516,,VS,290,47144,N,U,N,U,Observer,3078,300,,,SRSWOR,GA RFIELD COUNTY WA W 290,,,,,,Y,
66785,4185,414517,,VS,291,51732,N,U,N,U,Observer,3078,300,,,SRSWOR,PEND OREILLE COUNTY WA W 291,,,,,,Y,
66786,4185,414518,,VS,292,51366,N,U,N,U,Observer,3078,300,,,SRSWOR,PIERCE COUNTY WA W 292,,,,,,Y,
66787,4185,414519,,VS,293,43162,N,U,N,U,Observer,3078,300,,,SRSWOR,WHITMAN COUNTY WA W 293,,,,,,Y,
66788,4185,414520,,VS,294,32256,N,U,N,U,Observer,3078,300,,,SRSWOR,KEWAUNEE COUNTY WI NC 294,,,,,,Y,
66789,4185,414521,,VS,295,43576,N,U,N,U,Observer,3078,300,,,SRSWOR,LA CROSSE COUNTY WI NC 295,,,,,,Y,
66790,4185,414522,,VS,296,51840,N,U,N,U,Observer,3078,300,,,SRSWOR,OZAUKEE COUNTY WI NC 296,,,,,,Y,
66791,4185,414523,,VS,297,25538,N,U,N,U,Observer,3078,300,,,SRSWOR,ROCK COUNTY WI NC 297,,,,,,Y,
66792,4185,414524,,VS,298,43138,N,U,N,U,Observer,3078,300,,,SRSWOR,KANAWHA COUNTY WV S 298,,,,,,Y,
66793,4185,414525,,VS,299,51318,N,U,N,U,Observer,3078,300,,,SRSWOR,PLEASANTS COUNTY WV S 299,,,,,,Y,
66794,4185,414229,,VS,3,42060,N,U,N,U,Observer,3078,300,,,SRSWOR,LAMAR COUNTY AL S 3,,,,,,Y,
66795,4185,414256,,VS,30,20204,N,U,N,U,Observer,3078,300,,,SRSWOR,BARROW COUNTY GA S 30,,,,,,Y,
66796,4185,414526,,VS,300,42092,N,U,N,U,Observer,3078,300,,,SRSWOR,PUTNAM COUNTY WV S 300,,,,,,Y,
66797,4185,414257,,VS,31,51364,N,U,N,U,Observer,3078,300,,,SRSWOR,CHATHAM COUNTY GA S 31,,,,,,Y,
66798,4185,414258,,VS,32,47862,N,U,N,U,Observer,3078,300,,,SRSWOR,COLUMBIA COUNTY GA S 32,,,,,,Y,
66799,4185,414259,,VS,33,34554,N,U,N,U,Observer,3078,300,,,SRSWOR,EVANS COUNTY GA S 33,,,,,,Y,
66800,4185,414260,,VS,34,51626,N,U,N,U,Observer,3078,300,,,SRSWOR,HABERSHAM COUNTY GA S 34,,,,,,Y,
66801,4185,414261,,VS,35,41428,N,U,N,U,Observer,3078,300,,,SRSWOR,JEFF DAVIS COUNTY GA S 35,,,,,,Y,
66802,4185,414262,,VS,36,31426,N,U,N,U,Observer,3078,300,,,SRSWOR,LAURENS COUNTY GA S 36,,,,,,Y,
66803,4185,414263,,VS,37,46230,N,U,N,U,Observer,3078,300,,,SRSWOR,LINCOLN COUNTY GA S 37,,,,,,Y,
66804,4185,414264,,VS,38,50870,N,U,N,U,Observer,3078,300,,,SRSWOR,MARION COUNTY GA S 38,,,,,,Y,
66805,4185,414265,,VS,39,50278,N,U,N,U,Observer,3078,300,,,SRSWOR,OCONEE COUNTY GA S 39,,,,,,Y,
66806,4185,414230,,VS,4,46770,N,U,N,U,Observer,3078,300,,,SRSWOR,MARENGO COUNTY AL S 4,,,,,,Y,
66807,4185,414266,,VS,40,38250,N,U,N,U,Observer,3078,300,,,SRSWOR,PUTNAM COUNTY GA S 40,,,,,,Y,
66808,4185,414267,,VS,41,15212,N,U,N,U,Observer,3078,300,,,SRSWOR,SCREVEN COUNTY GA S 41,,,,,,Y,
66809,4185,414268,,VS,42,42620,N,U,N,U,Observer,3078,300,,,SRSWOR,STEWART COUNTY GA S 42,,,,,,Y,
66810,4185,414269,,VS,43,20902,N,U,N,U,Observer,3078,300,,,SRSWOR,TALIAFERRO COUNTY GA S 43,,,,,,Y,
66811,4185,414270,,VS,44,51342,N,U,N,U,Observer,3078,300,,,SRSWOR,UNION COUNTY GA S 44,,,,,,Y,
66812,4185,414271,,VS,45,50214,N,U,N,U,Observer,3078,300,,,SRSWOR,WALKER COUNTY GA S 45,,,,,,Y,
66813,4185,414272,,VS,46,31238,N,U,N,U,Observer,3078,300,,,SRSWOR,WARREN COUNTY GA S 46,,,,,,Y,
66814,4185,414273,,VS,47,33216,N,U,N,U,Observer,3078,300,,,SRSWOR,WASHINGTON COUNTY GA S 47,,,,,,Y,
66815,4185,414274,,VS,48,52644,N,U,N,U,Observer,3078,300,,,SRSWOR,WILCOX COUNTY GA S 48,,,,,,Y,
66816,4185,414275,,VS,49,40420,N,U,N,U,Observer,3078,300,,,SRSWOR,BENTON COUNTY IA NC 49,,,,,,Y,
66817,4185,414231,,VS,5,50796,N,U,N,U,Observer,3078,300,,,SRSWOR,MARION COUNTY AL S 5,,,,,,Y,
66818,4185,414276,,VS,50,46286,N,U,N,U,Observer,3078,300,,,SRSWOR,CEDAR COUNTY IA NC 50,,,,,,Y,
66819,4185,414277,,VS,51,51920,N,U,N,U,Observer,3078,300,,,SRSWOR,FREMONT COUNTY IA NC 51,,,,,,Y,
66820,4185,414278,,VS,52,41124,N,U,N,U,Observer,3078,300,,,SRSWOR,GRUNDY COUNTY IA NC 52,,,,,,Y,
66821,4185,414279,,VS,53,33962,N,U,N,U,Observer,3078,300,,,SRSWOR,HARRISON COUNTY IA NC 53,,,,,,Y,
66822,4185,414280,,VS,54,51144,N,U,N,U,Observer,3078,300,,,SRSWOR,HOWARD COUNTY IA NC 54,,,,,,Y,
66823,4185,414281,,VS,55,51402,N,U,N,U,Observer,3078,300,,,SRSWOR,POWESHIEK COUNTY IA NC 55,,,,,,Y,
66824,4185,414282,,VS,56,20646,N,U,N,U,Observer,3078,300,,,SRSWOR,RINGGOLD COUNTY IA NC 56,,,,,,Y,
66825,4185,414283,,VS,57,50702,N,U,N,U,Observer,3078,300,,,SRSWOR,ADAMS COUNTY ID W 57,,,,,,Y,
66826,4185,414284,,VS,58,51872,N,U,N,U,Observer,3078,300,,,SRSWOR,BENEWAH COUNTY ID W 58,,,,,,Y,
66827,4185,414285,,VS,59,46664,N,U,N,U,Observer,3078,300,,,SRSWOR,CARIBOU COUNTY ID W 59,,,,,,Y,
66828,4185,414232,,VS,6,43048,N,U,N,U,Observer,3078,300,,,SRSWOR,TUSCALOOSA COUNTY AL S 6,,,,,,Y,
66829,4185,414286,,VS,60,20076,N,U,N,U,Observer,3078,300,,,SRSWOR,CLEARWATER COUNTY ID W 60,,,,,,Y,
66830,4185,414287,,VS,61,52360,N,U,N,U,Observer,3078,300,,,SRSWOR,GEM COUNTY ID W 61,,,,,,Y,
66831,4185,414288,,VS,62,46362,N,U,N,U,Observer,3078,300,,,SRSWOR,NEZ PERCE COUNTY ID W 62,,,,,,Y,
66832,4185,414289,,VS,63,50552,N,U,N,U,Observer,3078,300,,,SRSWOR,CHRISTIAN COUNTY IL NC 63,,,,,,Y,
66833,4185,414290,,VS,64,52098,N,U,N,U,Observer,3078,300,,,SRSWOR,CLAY COUNTY IL NC 64,,,,,,Y,
66834,4185,414291,,VS,65,40470,N,U,N,U,Observer,3078,300,,,SRSWOR,COLES COUNTY IL NC 65,,,,,,Y,
66835,4185,414292,,VS,66,22260,N,U,N,U,Observer,3078,300,,,SRSWOR,KANKAKEE COUNTY IL NC 66,,,,,,Y,
66836,4185,414293,,VS,67,52368,N,U,N,U,Observer,3078,300,,,SRSWOR,MARION COUNTY IL NC 67,,,,,,Y,
66837,4185,414294,,VS,68,44578,N,U,N,U,Observer,3078,300,,,SRSWOR,MCLEAN COUNTY IL NC 68,,,,,,Y,
66838,4185,414295,,VS,69,42616,N,U,N,U,Observer,3078,300,,,SRSWOR,MERCER COUNTY IL NC 69,,,,,,Y,
66839,4185,414233,,VS,7,50708,N,U,N,U,Observer,3078,300,,,SRSWOR,COLUMBIA COUNTY AR S 7,,,,,,Y,
66840,4185,414296,,VS,70,43656,N,U,N,U,Observer,3078,300,,,SRSWOR,OGLE COUNTY IL NC 70,,,,,,Y,
66841,4185,414297,,VS,71,51276,N,U,N,U,Observer,3078,300,,,SRSWOR,PULASKI COUNTY IL NC 71,,,,,,Y,
66842,4185,414298,,VS,72,20580,N,U,N,U,Observer,3078,300,,,SRSWOR,SANGAMON COUNTY IL NC 72,,,,,,Y,
66843,4185,414299,,VS,73,46066,N,U,N,U,Observer,3078,300,,,SRSWOR,SHELBY COUNTY IL NC 73,,,,,,Y,
66844,4185,414300,,VS,74,43830,N,U,N,U,Observer,3078,300,,,SRSWOR,STEPHENSON COUNTY IL NC 74,,,,,,Y,
66845,4185,414301,,VS,75,44600,N,U,N,U,Observer,3078,300,,,SRSWOR,WASHINGTON COUNTY IL NC 75,,,,,,Y,
66846,4185,414302,,VS,76,38744,N,U,N,U,Observer,3078,300,,,SRSWOR,BOONE COUNTY IN NC 76,,,,,,Y,
66847,4185,414303,,VS,77,24994,N,U,N,U,Observer,3078,300,,,SRSWOR,BROWN COUNTY IN NC 77,,,,,,Y,
66848,4185,414304,,VS,78,52316,N,U,N,U,Observer,3078,300,,,SRSWOR,ELKHART COUNTY IN NC 78,,,,,,Y,
66849,4185,414305,,VS,79,46930,N,U,N,U,Observer,3078,300,,,SRSWOR,FOUNTAIN COUNTY IN NC 79,,,,,,Y,
66850,4185,414234,,VS,8,50654,N,U,N,U,Observer,3078,300,,,SRSWOR,FAULKNER COUNTY AR S 8,,,,,,Y,
66851,4185,414306,,VS,80,50648,N,U,N,U,Observer,3078,300,,,SRSWOR,GIBSON COUNTY IN NC 80,,,,,,Y,
66852,4185,414307,,VS,81,29824,N,U,N,U,Observer,3078,300,,,SRSWOR,JOHNSON COUNTY IN NC 81,,,,,,Y,
66853,4185,414308,,VS,82,40866,N,U,N,U,Observer,3078,300,,,SRSWOR,LAKE COUNTY IN NC 82,,,,,,Y,
66854,4185,414309,,VS,83,52002,N,U,N,U,Observer,3078,300,,,SRSWOR,MORGAN COUNTY IN NC 83,,,,,,Y,
66855,4185,414310,,VS,84,15672,N,U,N,U,Observer,3078,300,,,SRSWOR,VERMILLION COUNTY IN NC 84,,,,,,Y,
66856,4185,414311,,VS,85,51740,N,U,N,U,Observer,3078,300,,,SRSWOR,VIGO COUNTY IN NC 85,,,,,,Y,
66857,4185,414312,,VS,86,41966,N,U,N,U,Observer,3078,300,,,SRSWOR,WASHINGTON COUNTY IN NC 86,,,,,,Y,
66858,4185,414313,,VS,87,34544,N,U,N,U,Observer,3078,300,,,SRSWOR,WAYNE COUNTY IN NC 87,,,,,,Y,
66859,4185,414314,,VS,88,43536,N,U,N,U,Observer,3078,300,,,SRSWOR,BROWN COUNTY KS NC 88,,,,,,Y,
66860,4185,414315,,VS,89,31036,N,U,N,U,Observer,3078,300,,,SRSWOR,CLAY COUNTY KS NC 89,,,,,,Y,
66861,4185,414235,,VS,9,51104,N,U,N,U,Observer,3078,300,,,SRSWOR,HOT SPRING COUNTY AR S 9,,,,,,Y,
66862,4185,414316,,VS,90,50714,N,U,N,U,Observer,3078,300,,,SRSWOR,FRANKLIN COUNTY KS NC 90,,,,,,Y,
66863,4185,414317,,VS,91,27462,N,U,N,U,Observer,3078,300,,,SRSWOR,LINCOLN COUNTY KS NC 91,,,,,,Y,
66864,4185,414318,,VS,92,19462,N,U,N,U,Observer,3078,300,,,SRSWOR,LYON COUNTY KS NC 92,,,,,,Y,
66865,4185,414319,,VS,93,39520,N,U,N,U,Observer,3078,300,,,SRSWOR,SCOTT COUNTY KS NC 93,,,,,,Y,
66866,4185,414320,,VS,94,25202,N,U,N,U,Observer,3078,300,,,SRSWOR,STEVENS COUNTY KS NC 94,,,,,,Y,
66867,4185,414321,,VS,95,52130,N,U,N,U,Observer,3078,300,,,SRSWOR,BOYD COUNTY KY S 95,,,,,,Y,
66868,4185,414322,,VS,96,52318,N,U,N,U,Observer,3078,300,,,SRSWOR,BOYLE COUNTY KY S 96,,,,,,Y,
66869,4185,414323,,VS,97,44524,N,U,N,U,Observer,3078,300,,,SRSWOR,FULTON COUNTY KY S 97,,,,,,Y,
66870,4185,414324,,VS,98,45260,N,U,N,U,Observer,3078,300,,,SRSWOR,GRANT COUNTY KY S 98,,,,,,Y,
66871,4185,414325,,VS,99,32464,N,U,N,U,Observer,3078,300,,,SRSWOR,GRAVES COUNTY KY S 99,,,,,,Y,
