FOid,FTid,SDid,FOrecordType,FOstratification,FOsequenceNumber,FOstratumName,FOclustering,FOclusterName,FOsampler,FOaggregationLevel,FOvalidity,FOcatchReg,FOstartDate,FOstartTime,FOendDate,FOendTime,FOduration,FOdurationSource,FOhandlingTime,FOstartLat,FOstartLon,FOstopLat,FOstopLon,FOexclusiveEconomicZoneIndicator,FOarea,FOrectangle,FOgsaSubarea,FOjurisdictionArea,FOfishingDepth,FOwaterDepth,FOnationalFishingActivity,FOmetier5,FOmetier6,FOgear,FOmeshSize,FOselectionDevice,FOselectionDeviceMeshSize,FOtargetSpecies,FOincidentalByCatchMitigationDeviceFirst,FOincidentalByCatchMitigationDeviceTargetFirst,FOincidentalByCatchMitigationDeviceSecond,FOincidentalByCatchMitigationDeviceTargetSecond,FOgearDimensions,FOobservationCode,FOnumberTotal,FOnumberSampled,FOselectionProb,FOinclusionProb,FOselectionMethod,FOunitName,FOselectionMethodCluster,FOnumberTotalClusters,FOnumberSampledClusters,FOselectionProbCluster,FOinclusionProbCluster,FOsampled,FOreasonNotSampled
77193,73396,,FO,N,1,U,N,U,Observer,H,V,Lan,1968-01-01,,1968-01-01,,60,Crew,,,,,,,27.3.a.21,,NotApplicable,,,,,,OTT_CRU_70-89_2_35,OTT,,,,,NotRecorded,NotApplicable,NotRecorded,NotApplicable,,So,10,10,1.0000000000000000,1.0000000000000000,CENSUS,1,,,,,,Y,
77194,73397,,FO,N,10,U,N,U,Observer,H,V,Lan,1968-01-10,,1968-01-10,,60,Crew,,,,,,,27.3.a.21,,NotApplicable,,,,,,OTT_CRU_70-89_2_35,OTT,,,,,NotRecorded,NotApplicable,NotRecorded,NotApplicable,,So,10,10,1.0000000000000000,1.0000000000000000,CENSUS,10,,,,,,Y,
77195,73398,,FO,N,100,U,N,U,Observer,H,V,Lan,1968-04-09,,1968-04-09,,60,Crew,,,,,,,27.3.a.21,,NotApplicable,,,,,,OTT_CRU_70-89_2_35,OTT,,,,,NotRecorded,NotApplicable,NotRecorded,NotApplicable,,So,10,10,1.0000000000000000,1.0000000000000000,CENSUS,100,,,,,,Y,
77196,73399,,FO,N,101,U,N,U,Observer,H,V,Lan,1968-04-10,,1968-04-10,,60,Crew,,,,,,,27.3.a.21,,NotApplicable,,,,,,OTT_CRU_70-89_2_35,OTT,,,,,NotRecorded,NotApplicable,NotRecorded,NotApplicable,,So,10,10,1.0000000000000000,1.0000000000000000,CENSUS,101,,,,,,Y,
77197,73400,,FO,N,102,U,N,U,Observer,H,V,Lan,1968-04-11,,1968-04-11,,60,Crew,,,,,,,27.3.a.21,,NotApplicable,,,,,,OTT_CRU_70-89_2_35,OTT,,,,,NotRecorded,NotApplicable,NotRecorded,NotApplicable,,So,10,10,1.0000000000000000,1.0000000000000000,CENSUS,102,,,,,,Y,
77198,73401,,FO,N,103,U,N,U,Observer,H,V,Lan,1968-04-12,,1968-04-12,,60,Crew,,,,,,,27.3.a.21,,NotApplicable,,,,,,OTT_CRU_70-89_2_35,OTT,,,,,NotRecorded,NotApplicable,NotRecorded,NotApplicable,,So,10,10,1.0000000000000000,1.0000000000000000,CENSUS,103,,,,,,Y,
77199,73402,,FO,N,104,U,N,U,Observer,H,V,Lan,1968-04-13,,1968-04-13,,60,Crew,,,,,,,27.3.a.21,,NotApplicable,,,,,,OTT_CRU_70-89_2_35,OTT,,,,,NotRecorded,NotApplicable,NotRecorded,NotApplicable,,So,10,10,1.0000000000000000,1.0000000000000000,CENSUS,104,,,,,,Y,
77200,73403,,FO,N,105,U,N,U,Observer,H,V,Lan,1968-04-14,,1968-04-14,,60,Crew,,,,,,,27.3.a.21,,NotApplicable,,,,,,OTT_CRU_70-89_2_35,OTT,,,,,NotRecorded,NotApplicable,NotRecorded,NotApplicable,,So,10,10,1.0000000000000000,1.0000000000000000,CENSUS,105,,,,,,Y,
77201,73404,,FO,N,106,U,N,U,Observer,H,V,Lan,1968-04-15,,1968-04-15,,60,Crew,,,,,,,27.3.a.21,,NotApplicable,,,,,,OTT_CRU_70-89_2_35,OTT,,,,,NotRecorded,NotApplicable,NotRecorded,NotApplicable,,So,10,10,1.0000000000000000,1.0000000000000000,CENSUS,106,,,,,,Y,
77202,73405,,FO,N,107,U,N,U,Observer,H,V,Lan,1968-04-16,,1968-04-16,,60,Crew,,,,,,,27.3.a.21,,NotApplicable,,,,,,OTT_CRU_70-89_2_35,OTT,,,,,NotRecorded,NotApplicable,NotRecorded,NotApplicable,,So,10,10,1.0000000000000000,1.0000000000000000,CENSUS,107,,,,,,Y,
77203,73406,,FO,N,108,U,N,U,Observer,H,V,Lan,1968-04-17,,1968-04-17,,60,Crew,,,,,,,27.3.a.21,,NotApplicable,,,,,,OTT_CRU_70-89_2_35,OTT,,,,,NotRecorded,NotApplicable,NotRecorded,NotApplicable,,So,10,10,1.0000000000000000,1.0000000000000000,CENSUS,108,,,,,,Y,
77204,73407,,FO,N,109,U,N,U,Observer,H,V,Lan,1968-04-18,,1968-04-18,,60,Crew,,,,,,,27.3.a.21,,NotApplicable,,,,,,OTT_CRU_70-89_2_35,OTT,,,,,NotRecorded,NotApplicable,NotRecorded,NotApplicable,,So,10,10,1.0000000000000000,1.0000000000000000,CENSUS,109,,,,,,Y,
77205,73408,,FO,N,11,U,N,U,Observer,H,V,Lan,1968-01-11,,1968-01-11,,60,Crew,,,,,,,27.3.a.21,,NotApplicable,,,,,,OTT_CRU_70-89_2_35,OTT,,,,,NotRecorded,NotApplicable,NotRecorded,NotApplicable,,So,10,10,1.0000000000000000,1.0000000000000000,CENSUS,11,,,,,,Y,
77206,73409,,FO,N,110,U,N,U,Observer,H,V,Lan,1968-04-19,,1968-04-19,,60,Crew,,,,,,,27.3.a.21,,NotApplicable,,,,,,OTT_CRU_70-89_2_35,OTT,,,,,NotRecorded,NotApplicable,NotRecorded,NotApplicable,,So,10,10,1.0000000000000000,1.0000000000000000,CENSUS,110,,,,,,Y,
77207,73410,,FO,N,111,U,N,U,Observer,H,V,Lan,1968-04-20,,1968-04-20,,60,Crew,,,,,,,27.3.a.21,,NotApplicable,,,,,,OTT_CRU_70-89_2_35,OTT,,,,,NotRecorded,NotApplicable,NotRecorded,NotApplicable,,So,10,10,1.0000000000000000,1.0000000000000000,CENSUS,111,,,,,,Y,
77208,73411,,FO,N,112,U,N,U,Observer,H,V,Lan,1968-04-21,,1968-04-21,,60,Crew,,,,,,,27.3.a.21,,NotApplicable,,,,,,OTT_CRU_70-89_2_35,OTT,,,,,NotRecorded,NotApplicable,NotRecorded,NotApplicable,,So,10,10,1.0000000000000000,1.0000000000000000,CENSUS,112,,,,,,Y,
77209,73412,,FO,N,113,U,N,U,Observer,H,V,Lan,1968-04-22,,1968-04-22,,60,Crew,,,,,,,27.3.a.21,,NotApplicable,,,,,,OTT_CRU_70-89_2_35,OTT,,,,,NotRecorded,NotApplicable,NotRecorded,NotApplicable,,So,10,10,1.0000000000000000,1.0000000000000000,CENSUS,113,,,,,,Y,
77210,73413,,FO,N,114,U,N,U,Observer,H,V,Lan,1968-04-23,,1968-04-23,,60,Crew,,,,,,,27.3.a.21,,NotApplicable,,,,,,OTT_CRU_70-89_2_35,OTT,,,,,NotRecorded,NotApplicable,NotRecorded,NotApplicable,,So,10,10,1.0000000000000000,1.0000000000000000,CENSUS,114,,,,,,Y,
77211,73414,,FO,N,115,U,N,U,Observer,H,V,Lan,1968-04-24,,1968-04-24,,60,Crew,,,,,,,27.3.a.21,,NotApplicable,,,,,,OTT_CRU_70-89_2_35,OTT,,,,,NotRecorded,NotApplicable,NotRecorded,NotApplicable,,So,10,10,1.0000000000000000,1.0000000000000000,CENSUS,115,,,,,,Y,
77212,73415,,FO,N,116,U,N,U,Observer,H,V,Lan,1968-04-25,,1968-04-25,,60,Crew,,,,,,,27.3.a.21,,NotApplicable,,,,,,OTT_CRU_70-89_2_35,OTT,,,,,NotRecorded,NotApplicable,NotRecorded,NotApplicable,,So,10,10,1.0000000000000000,1.0000000000000000,CENSUS,116,,,,,,Y,
77213,73416,,FO,N,117,U,N,U,Observer,H,V,Lan,1968-04-26,,1968-04-26,,60,Crew,,,,,,,27.3.a.21,,NotApplicable,,,,,,OTT_CRU_70-89_2_35,OTT,,,,,NotRecorded,NotApplicable,NotRecorded,NotApplicable,,So,10,10,1.0000000000000000,1.0000000000000000,CENSUS,117,,,,,,Y,
77214,73417,,FO,N,118,U,N,U,Observer,H,V,Lan,1968-04-27,,1968-04-27,,60,Crew,,,,,,,27.3.a.21,,NotApplicable,,,,,,OTT_CRU_70-89_2_35,OTT,,,,,NotRecorded,NotApplicable,NotRecorded,NotApplicable,,So,10,10,1.0000000000000000,1.0000000000000000,CENSUS,118,,,,,,Y,
77215,73418,,FO,N,119,U,N,U,Observer,H,V,Lan,1968-04-28,,1968-04-28,,60,Crew,,,,,,,27.3.a.21,,NotApplicable,,,,,,OTT_CRU_70-89_2_35,OTT,,,,,NotRecorded,NotApplicable,NotRecorded,NotApplicable,,So,10,10,1.0000000000000000,1.0000000000000000,CENSUS,119,,,,,,Y,
77216,73419,,FO,N,12,U,N,U,Observer,H,V,Lan,1968-01-12,,1968-01-12,,60,Crew,,,,,,,27.3.a.21,,NotApplicable,,,,,,OTT_CRU_70-89_2_35,OTT,,,,,NotRecorded,NotApplicable,NotRecorded,NotApplicable,,So,10,10,1.0000000000000000,1.0000000000000000,CENSUS,12,,,,,,Y,
77217,73420,,FO,N,120,U,N,U,Observer,H,V,Lan,1968-04-29,,1968-04-29,,60,Crew,,,,,,,27.3.a.21,,NotApplicable,,,,,,OTT_CRU_70-89_2_35,OTT,,,,,NotRecorded,NotApplicable,NotRecorded,NotApplicable,,So,10,10,1.0000000000000000,1.0000000000000000,CENSUS,120,,,,,,Y,
77218,73421,,FO,N,121,U,N,U,Observer,H,V,Lan,1968-04-30,,1968-04-30,,60,Crew,,,,,,,27.3.a.21,,NotApplicable,,,,,,OTT_CRU_70-89_2_35,OTT,,,,,NotRecorded,NotApplicable,NotRecorded,NotApplicable,,So,10,10,1.0000000000000000,1.0000000000000000,CENSUS,121,,,,,,Y,
77219,73422,,FO,N,122,U,N,U,Observer,H,V,Lan,1968-05-01,,1968-05-01,,60,Crew,,,,,,,27.3.a.21,,NotApplicable,,,,,,OTT_CRU_70-89_2_35,OTT,,,,,NotRecorded,NotApplicable,NotRecorded,NotApplicable,,So,10,10,1.0000000000000000,1.0000000000000000,CENSUS,122,,,,,,Y,
77220,73423,,FO,N,123,U,N,U,Observer,H,V,Lan,1968-05-02,,1968-05-02,,60,Crew,,,,,,,27.3.a.21,,NotApplicable,,,,,,OTT_CRU_70-89_2_35,OTT,,,,,NotRecorded,NotApplicable,NotRecorded,NotApplicable,,So,10,10,1.0000000000000000,1.0000000000000000,CENSUS,123,,,,,,Y,
77221,73424,,FO,N,124,U,N,U,Observer,H,V,Lan,1968-05-03,,1968-05-03,,60,Crew,,,,,,,27.3.a.21,,NotApplicable,,,,,,OTT_CRU_70-89_2_35,OTT,,,,,NotRecorded,NotApplicable,NotRecorded,NotApplicable,,So,10,10,1.0000000000000000,1.0000000000000000,CENSUS,124,,,,,,Y,
77222,73425,,FO,N,125,U,N,U,Observer,H,V,Lan,1968-05-04,,1968-05-04,,60,Crew,,,,,,,27.3.a.21,,NotApplicable,,,,,,OTT_CRU_70-89_2_35,OTT,,,,,NotRecorded,NotApplicable,NotRecorded,NotApplicable,,So,10,10,1.0000000000000000,1.0000000000000000,CENSUS,125,,,,,,Y,
77223,73426,,FO,N,126,U,N,U,Observer,H,V,Lan,1968-05-05,,1968-05-05,,60,Crew,,,,,,,27.3.a.21,,NotApplicable,,,,,,OTT_CRU_70-89_2_35,OTT,,,,,NotRecorded,NotApplicable,NotRecorded,NotApplicable,,So,10,10,1.0000000000000000,1.0000000000000000,CENSUS,126,,,,,,Y,
77224,73427,,FO,N,127,U,N,U,Observer,H,V,Lan,1968-05-06,,1968-05-06,,60,Crew,,,,,,,27.3.a.21,,NotApplicable,,,,,,OTT_CRU_70-89_2_35,OTT,,,,,NotRecorded,NotApplicable,NotRecorded,NotApplicable,,So,10,10,1.0000000000000000,1.0000000000000000,CENSUS,127,,,,,,Y,
77225,73428,,FO,N,128,U,N,U,Observer,H,V,Lan,1968-05-07,,1968-05-07,,60,Crew,,,,,,,27.3.a.21,,NotApplicable,,,,,,OTT_CRU_70-89_2_35,OTT,,,,,NotRecorded,NotApplicable,NotRecorded,NotApplicable,,So,10,10,1.0000000000000000,1.0000000000000000,CENSUS,128,,,,,,Y,
77226,73429,,FO,N,129,U,N,U,Observer,H,V,Lan,1968-05-08,,1968-05-08,,60,Crew,,,,,,,27.3.a.21,,NotApplicable,,,,,,OTT_CRU_70-89_2_35,OTT,,,,,NotRecorded,NotApplicable,NotRecorded,NotApplicable,,So,10,10,1.0000000000000000,1.0000000000000000,CENSUS,129,,,,,,Y,
77227,73430,,FO,N,13,U,N,U,Observer,H,V,Lan,1968-01-13,,1968-01-13,,60,Crew,,,,,,,27.3.a.21,,NotApplicable,,,,,,OTT_CRU_70-89_2_35,OTT,,,,,NotRecorded,NotApplicable,NotRecorded,NotApplicable,,So,10,10,1.0000000000000000,1.0000000000000000,CENSUS,13,,,,,,Y,
77228,73431,,FO,N,130,U,N,U,Observer,H,V,Lan,1968-05-09,,1968-05-09,,60,Crew,,,,,,,27.3.a.21,,NotApplicable,,,,,,OTT_CRU_70-89_2_35,OTT,,,,,NotRecorded,NotApplicable,NotRecorded,NotApplicable,,So,10,10,1.0000000000000000,1.0000000000000000,CENSUS,130,,,,,,Y,
77229,73432,,FO,N,131,U,N,U,Observer,H,V,Lan,1968-05-10,,1968-05-10,,60,Crew,,,,,,,27.3.a.21,,NotApplicable,,,,,,OTT_CRU_70-89_2_35,OTT,,,,,NotRecorded,NotApplicable,NotRecorded,NotApplicable,,So,10,10,1.0000000000000000,1.0000000000000000,CENSUS,131,,,,,,Y,
77230,73433,,FO,N,132,U,N,U,Observer,H,V,Lan,1968-05-11,,1968-05-11,,60,Crew,,,,,,,27.3.a.21,,NotApplicable,,,,,,OTT_CRU_70-89_2_35,OTT,,,,,NotRecorded,NotApplicable,NotRecorded,NotApplicable,,So,10,10,1.0000000000000000,1.0000000000000000,CENSUS,132,,,,,,Y,
77231,73434,,FO,N,133,U,N,U,Observer,H,V,Lan,1968-05-12,,1968-05-12,,60,Crew,,,,,,,27.3.a.21,,NotApplicable,,,,,,OTT_CRU_70-89_2_35,OTT,,,,,NotRecorded,NotApplicable,NotRecorded,NotApplicable,,So,10,10,1.0000000000000000,1.0000000000000000,CENSUS,133,,,,,,Y,
77232,73435,,FO,N,134,U,N,U,Observer,H,V,Lan,1968-05-13,,1968-05-13,,60,Crew,,,,,,,27.3.a.21,,NotApplicable,,,,,,OTT_CRU_70-89_2_35,OTT,,,,,NotRecorded,NotApplicable,NotRecorded,NotApplicable,,So,10,10,1.0000000000000000,1.0000000000000000,CENSUS,134,,,,,,Y,
77233,73436,,FO,N,135,U,N,U,Observer,H,V,Lan,1968-05-14,,1968-05-14,,60,Crew,,,,,,,27.3.a.21,,NotApplicable,,,,,,OTT_CRU_70-89_2_35,OTT,,,,,NotRecorded,NotApplicable,NotRecorded,NotApplicable,,So,10,10,1.0000000000000000,1.0000000000000000,CENSUS,135,,,,,,Y,
77234,73437,,FO,N,136,U,N,U,Observer,H,V,Lan,1968-05-15,,1968-05-15,,60,Crew,,,,,,,27.3.a.21,,NotApplicable,,,,,,OTT_CRU_70-89_2_35,OTT,,,,,NotRecorded,NotApplicable,NotRecorded,NotApplicable,,So,10,10,1.0000000000000000,1.0000000000000000,CENSUS,136,,,,,,Y,
77235,73438,,FO,N,137,U,N,U,Observer,H,V,Lan,1968-05-16,,1968-05-16,,60,Crew,,,,,,,27.3.a.21,,NotApplicable,,,,,,OTT_CRU_70-89_2_35,OTT,,,,,NotRecorded,NotApplicable,NotRecorded,NotApplicable,,So,10,10,1.0000000000000000,1.0000000000000000,CENSUS,137,,,,,,Y,
77236,73439,,FO,N,138,U,N,U,Observer,H,V,Lan,1968-05-17,,1968-05-17,,60,Crew,,,,,,,27.3.a.21,,NotApplicable,,,,,,OTT_CRU_70-89_2_35,OTT,,,,,NotRecorded,NotApplicable,NotRecorded,NotApplicable,,So,10,10,1.0000000000000000,1.0000000000000000,CENSUS,138,,,,,,Y,
77237,73440,,FO,N,139,U,N,U,Observer,H,V,Lan,1968-05-18,,1968-05-18,,60,Crew,,,,,,,27.3.a.21,,NotApplicable,,,,,,OTT_CRU_70-89_2_35,OTT,,,,,NotRecorded,NotApplicable,NotRecorded,NotApplicable,,So,10,10,1.0000000000000000,1.0000000000000000,CENSUS,139,,,,,,Y,
77238,73441,,FO,N,14,U,N,U,Observer,H,V,Lan,1968-01-14,,1968-01-14,,60,Crew,,,,,,,27.3.a.21,,NotApplicable,,,,,,OTT_CRU_70-89_2_35,OTT,,,,,NotRecorded,NotApplicable,NotRecorded,NotApplicable,,So,10,10,1.0000000000000000,1.0000000000000000,CENSUS,14,,,,,,Y,
77239,73442,,FO,N,140,U,N,U,Observer,H,V,Lan,1968-05-19,,1968-05-19,,60,Crew,,,,,,,27.3.a.21,,NotApplicable,,,,,,OTT_CRU_70-89_2_35,OTT,,,,,NotRecorded,NotApplicable,NotRecorded,NotApplicable,,So,10,10,1.0000000000000000,1.0000000000000000,CENSUS,140,,,,,,Y,
77240,73443,,FO,N,141,U,N,U,Observer,H,V,Lan,1968-05-20,,1968-05-20,,60,Crew,,,,,,,27.3.a.21,,NotApplicable,,,,,,OTT_CRU_70-89_2_35,OTT,,,,,NotRecorded,NotApplicable,NotRecorded,NotApplicable,,So,10,10,1.0000000000000000,1.0000000000000000,CENSUS,141,,,,,,Y,
77241,73444,,FO,N,142,U,N,U,Observer,H,V,Lan,1968-05-21,,1968-05-21,,60,Crew,,,,,,,27.3.a.21,,NotApplicable,,,,,,OTT_CRU_70-89_2_35,OTT,,,,,NotRecorded,NotApplicable,NotRecorded,NotApplicable,,So,10,10,1.0000000000000000,1.0000000000000000,CENSUS,142,,,,,,Y,
77242,73445,,FO,N,143,U,N,U,Observer,H,V,Lan,1968-05-22,,1968-05-22,,60,Crew,,,,,,,27.3.a.21,,NotApplicable,,,,,,OTT_CRU_70-89_2_35,OTT,,,,,NotRecorded,NotApplicable,NotRecorded,NotApplicable,,So,10,10,1.0000000000000000,1.0000000000000000,CENSUS,143,,,,,,Y,
77243,73446,,FO,N,144,U,N,U,Observer,H,V,Lan,1968-05-23,,1968-05-23,,60,Crew,,,,,,,27.3.a.21,,NotApplicable,,,,,,OTT_CRU_70-89_2_35,OTT,,,,,NotRecorded,NotApplicable,NotRecorded,NotApplicable,,So,10,10,1.0000000000000000,1.0000000000000000,CENSUS,144,,,,,,Y,
77244,73447,,FO,N,145,U,N,U,Observer,H,V,Lan,1968-05-24,,1968-05-24,,60,Crew,,,,,,,27.3.a.21,,NotApplicable,,,,,,OTT_CRU_70-89_2_35,OTT,,,,,NotRecorded,NotApplicable,NotRecorded,NotApplicable,,So,10,10,1.0000000000000000,1.0000000000000000,CENSUS,145,,,,,,Y,
77245,73448,,FO,N,146,U,N,U,Observer,H,V,Lan,1968-05-25,,1968-05-25,,60,Crew,,,,,,,27.3.a.21,,NotApplicable,,,,,,OTT_CRU_70-89_2_35,OTT,,,,,NotRecorded,NotApplicable,NotRecorded,NotApplicable,,So,10,10,1.0000000000000000,1.0000000000000000,CENSUS,146,,,,,,Y,
77246,73449,,FO,N,147,U,N,U,Observer,H,V,Lan,1968-05-26,,1968-05-26,,60,Crew,,,,,,,27.3.a.21,,NotApplicable,,,,,,OTT_CRU_70-89_2_35,OTT,,,,,NotRecorded,NotApplicable,NotRecorded,NotApplicable,,So,10,10,1.0000000000000000,1.0000000000000000,CENSUS,147,,,,,,Y,
77247,73450,,FO,N,148,U,N,U,Observer,H,V,Lan,1968-05-27,,1968-05-27,,60,Crew,,,,,,,27.3.a.21,,NotApplicable,,,,,,OTT_CRU_70-89_2_35,OTT,,,,,NotRecorded,NotApplicable,NotRecorded,NotApplicable,,So,10,10,1.0000000000000000,1.0000000000000000,CENSUS,148,,,,,,Y,
77248,73451,,FO,N,149,U,N,U,Observer,H,V,Lan,1968-05-28,,1968-05-28,,60,Crew,,,,,,,27.3.a.21,,NotApplicable,,,,,,OTT_CRU_70-89_2_35,OTT,,,,,NotRecorded,NotApplicable,NotRecorded,NotApplicable,,So,10,10,1.0000000000000000,1.0000000000000000,CENSUS,149,,,,,,Y,
77249,73452,,FO,N,15,U,N,U,Observer,H,V,Lan,1968-01-15,,1968-01-15,,60,Crew,,,,,,,27.3.a.21,,NotApplicable,,,,,,OTT_CRU_70-89_2_35,OTT,,,,,NotRecorded,NotApplicable,NotRecorded,NotApplicable,,So,10,10,1.0000000000000000,1.0000000000000000,CENSUS,15,,,,,,Y,
77250,73453,,FO,N,150,U,N,U,Observer,H,V,Lan,1968-05-29,,1968-05-29,,60,Crew,,,,,,,27.3.a.21,,NotApplicable,,,,,,OTT_CRU_70-89_2_35,OTT,,,,,NotRecorded,NotApplicable,NotRecorded,NotApplicable,,So,10,10,1.0000000000000000,1.0000000000000000,CENSUS,150,,,,,,Y,
77251,73454,,FO,N,151,U,N,U,Observer,H,V,Lan,1968-05-30,,1968-05-30,,60,Crew,,,,,,,27.3.a.21,,NotApplicable,,,,,,OTT_CRU_70-89_2_35,OTT,,,,,NotRecorded,NotApplicable,NotRecorded,NotApplicable,,So,10,10,1.0000000000000000,1.0000000000000000,CENSUS,151,,,,,,Y,
77252,73455,,FO,N,152,U,N,U,Observer,H,V,Lan,1968-05-31,,1968-05-31,,60,Crew,,,,,,,27.3.a.21,,NotApplicable,,,,,,OTT_CRU_70-89_2_35,OTT,,,,,NotRecorded,NotApplicable,NotRecorded,NotApplicable,,So,10,10,1.0000000000000000,1.0000000000000000,CENSUS,152,,,,,,Y,
77253,73456,,FO,N,153,U,N,U,Observer,H,V,Lan,1968-06-01,,1968-06-01,,60,Crew,,,,,,,27.3.a.21,,NotApplicable,,,,,,OTT_CRU_70-89_2_35,OTT,,,,,NotRecorded,NotApplicable,NotRecorded,NotApplicable,,So,10,10,1.0000000000000000,1.0000000000000000,CENSUS,153,,,,,,Y,
77254,73457,,FO,N,154,U,N,U,Observer,H,V,Lan,1968-06-02,,1968-06-02,,60,Crew,,,,,,,27.3.a.21,,NotApplicable,,,,,,OTT_CRU_70-89_2_35,OTT,,,,,NotRecorded,NotApplicable,NotRecorded,NotApplicable,,So,10,10,1.0000000000000000,1.0000000000000000,CENSUS,154,,,,,,Y,
77255,73458,,FO,N,155,U,N,U,Observer,H,V,Lan,1968-06-03,,1968-06-03,,60,Crew,,,,,,,27.3.a.21,,NotApplicable,,,,,,OTT_CRU_70-89_2_35,OTT,,,,,NotRecorded,NotApplicable,NotRecorded,NotApplicable,,So,10,10,1.0000000000000000,1.0000000000000000,CENSUS,155,,,,,,Y,
77256,73459,,FO,N,156,U,N,U,Observer,H,V,Lan,1968-06-04,,1968-06-04,,60,Crew,,,,,,,27.3.a.21,,NotApplicable,,,,,,OTT_CRU_70-89_2_35,OTT,,,,,NotRecorded,NotApplicable,NotRecorded,NotApplicable,,So,10,10,1.0000000000000000,1.0000000000000000,CENSUS,156,,,,,,Y,
77257,73460,,FO,N,157,U,N,U,Observer,H,V,Lan,1968-06-05,,1968-06-05,,60,Crew,,,,,,,27.3.a.21,,NotApplicable,,,,,,OTT_CRU_70-89_2_35,OTT,,,,,NotRecorded,NotApplicable,NotRecorded,NotApplicable,,So,10,10,1.0000000000000000,1.0000000000000000,CENSUS,157,,,,,,Y,
77258,73461,,FO,N,158,U,N,U,Observer,H,V,Lan,1968-06-06,,1968-06-06,,60,Crew,,,,,,,27.3.a.21,,NotApplicable,,,,,,OTT_CRU_70-89_2_35,OTT,,,,,NotRecorded,NotApplicable,NotRecorded,NotApplicable,,So,10,10,1.0000000000000000,1.0000000000000000,CENSUS,158,,,,,,Y,
77259,73462,,FO,N,159,U,N,U,Observer,H,V,Lan,1968-06-07,,1968-06-07,,60,Crew,,,,,,,27.3.a.21,,NotApplicable,,,,,,OTT_CRU_70-89_2_35,OTT,,,,,NotRecorded,NotApplicable,NotRecorded,NotApplicable,,So,10,10,1.0000000000000000,1.0000000000000000,CENSUS,159,,,,,,Y,
77260,73463,,FO,N,16,U,N,U,Observer,H,V,Lan,1968-01-16,,1968-01-16,,60,Crew,,,,,,,27.3.a.21,,NotApplicable,,,,,,OTT_CRU_70-89_2_35,OTT,,,,,NotRecorded,NotApplicable,NotRecorded,NotApplicable,,So,10,10,1.0000000000000000,1.0000000000000000,CENSUS,16,,,,,,Y,
77261,73464,,FO,N,160,U,N,U,Observer,H,V,Lan,1968-06-08,,1968-06-08,,60,Crew,,,,,,,27.3.a.21,,NotApplicable,,,,,,OTT_CRU_70-89_2_35,OTT,,,,,NotRecorded,NotApplicable,NotRecorded,NotApplicable,,So,10,10,1.0000000000000000,1.0000000000000000,CENSUS,160,,,,,,Y,
77262,73465,,FO,N,161,U,N,U,Observer,H,V,Lan,1968-06-09,,1968-06-09,,60,Crew,,,,,,,27.3.a.21,,NotApplicable,,,,,,OTT_CRU_70-89_2_35,OTT,,,,,NotRecorded,NotApplicable,NotRecorded,NotApplicable,,So,10,10,1.0000000000000000,1.0000000000000000,CENSUS,161,,,,,,Y,
77263,73466,,FO,N,162,U,N,U,Observer,H,V,Lan,1968-06-10,,1968-06-10,,60,Crew,,,,,,,27.3.a.21,,NotApplicable,,,,,,OTT_CRU_70-89_2_35,OTT,,,,,NotRecorded,NotApplicable,NotRecorded,NotApplicable,,So,10,10,1.0000000000000000,1.0000000000000000,CENSUS,162,,,,,,Y,
77264,73467,,FO,N,163,U,N,U,Observer,H,V,Lan,1968-06-11,,1968-06-11,,60,Crew,,,,,,,27.3.a.21,,NotApplicable,,,,,,OTT_CRU_70-89_2_35,OTT,,,,,NotRecorded,NotApplicable,NotRecorded,NotApplicable,,So,10,10,1.0000000000000000,1.0000000000000000,CENSUS,163,,,,,,Y,
77265,73468,,FO,N,164,U,N,U,Observer,H,V,Lan,1968-06-12,,1968-06-12,,60,Crew,,,,,,,27.3.a.21,,NotApplicable,,,,,,OTT_CRU_70-89_2_35,OTT,,,,,NotRecorded,NotApplicable,NotRecorded,NotApplicable,,So,10,10,1.0000000000000000,1.0000000000000000,CENSUS,164,,,,,,Y,
77266,73469,,FO,N,165,U,N,U,Observer,H,V,Lan,1968-06-13,,1968-06-13,,60,Crew,,,,,,,27.3.a.21,,NotApplicable,,,,,,OTT_CRU_70-89_2_35,OTT,,,,,NotRecorded,NotApplicable,NotRecorded,NotApplicable,,So,10,10,1.0000000000000000,1.0000000000000000,CENSUS,165,,,,,,Y,
77267,73470,,FO,N,166,U,N,U,Observer,H,V,Lan,1968-06-14,,1968-06-14,,60,Crew,,,,,,,27.3.a.21,,NotApplicable,,,,,,OTT_CRU_70-89_2_35,OTT,,,,,NotRecorded,NotApplicable,NotRecorded,NotApplicable,,So,10,10,1.0000000000000000,1.0000000000000000,CENSUS,166,,,,,,Y,
77268,73471,,FO,N,167,U,N,U,Observer,H,V,Lan,1968-06-15,,1968-06-15,,60,Crew,,,,,,,27.3.a.21,,NotApplicable,,,,,,OTT_CRU_70-89_2_35,OTT,,,,,NotRecorded,NotApplicable,NotRecorded,NotApplicable,,So,10,10,1.0000000000000000,1.0000000000000000,CENSUS,167,,,,,,Y,
77269,73472,,FO,N,168,U,N,U,Observer,H,V,Lan,1968-06-16,,1968-06-16,,60,Crew,,,,,,,27.3.a.21,,NotApplicable,,,,,,OTT_CRU_70-89_2_35,OTT,,,,,NotRecorded,NotApplicable,NotRecorded,NotApplicable,,So,10,10,1.0000000000000000,1.0000000000000000,CENSUS,168,,,,,,Y,
77270,73473,,FO,N,169,U,N,U,Observer,H,V,Lan,1968-06-17,,1968-06-17,,60,Crew,,,,,,,27.3.a.21,,NotApplicable,,,,,,OTT_CRU_70-89_2_35,OTT,,,,,NotRecorded,NotApplicable,NotRecorded,NotApplicable,,So,10,10,1.0000000000000000,1.0000000000000000,CENSUS,169,,,,,,Y,
77271,73474,,FO,N,17,U,N,U,Observer,H,V,Lan,1968-01-17,,1968-01-17,,60,Crew,,,,,,,27.3.a.21,,NotApplicable,,,,,,OTT_CRU_70-89_2_35,OTT,,,,,NotRecorded,NotApplicable,NotRecorded,NotApplicable,,So,10,10,1.0000000000000000,1.0000000000000000,CENSUS,17,,,,,,Y,
77272,73475,,FO,N,170,U,N,U,Observer,H,V,Lan,1968-06-18,,1968-06-18,,60,Crew,,,,,,,27.3.a.21,,NotApplicable,,,,,,OTT_CRU_70-89_2_35,OTT,,,,,NotRecorded,NotApplicable,NotRecorded,NotApplicable,,So,10,10,1.0000000000000000,1.0000000000000000,CENSUS,170,,,,,,Y,
77273,73476,,FO,N,171,U,N,U,Observer,H,V,Lan,1968-06-19,,1968-06-19,,60,Crew,,,,,,,27.3.a.21,,NotApplicable,,,,,,OTT_CRU_70-89_2_35,OTT,,,,,NotRecorded,NotApplicable,NotRecorded,NotApplicable,,So,10,10,1.0000000000000000,1.0000000000000000,CENSUS,171,,,,,,Y,
77274,73477,,FO,N,172,U,N,U,Observer,H,V,Lan,1968-06-20,,1968-06-20,,60,Crew,,,,,,,27.3.a.21,,NotApplicable,,,,,,OTT_CRU_70-89_2_35,OTT,,,,,NotRecorded,NotApplicable,NotRecorded,NotApplicable,,So,10,10,1.0000000000000000,1.0000000000000000,CENSUS,172,,,,,,Y,
77275,73478,,FO,N,173,U,N,U,Observer,H,V,Lan,1968-06-21,,1968-06-21,,60,Crew,,,,,,,27.3.a.21,,NotApplicable,,,,,,OTT_CRU_70-89_2_35,OTT,,,,,NotRecorded,NotApplicable,NotRecorded,NotApplicable,,So,10,10,1.0000000000000000,1.0000000000000000,CENSUS,173,,,,,,Y,
77276,73479,,FO,N,174,U,N,U,Observer,H,V,Lan,1968-06-22,,1968-06-22,,60,Crew,,,,,,,27.3.a.21,,NotApplicable,,,,,,OTT_CRU_70-89_2_35,OTT,,,,,NotRecorded,NotApplicable,NotRecorded,NotApplicable,,So,10,10,1.0000000000000000,1.0000000000000000,CENSUS,174,,,,,,Y,
77277,73480,,FO,N,175,U,N,U,Observer,H,V,Lan,1968-06-23,,1968-06-23,,60,Crew,,,,,,,27.3.a.21,,NotApplicable,,,,,,OTT_CRU_70-89_2_35,OTT,,,,,NotRecorded,NotApplicable,NotRecorded,NotApplicable,,So,10,10,1.0000000000000000,1.0000000000000000,CENSUS,175,,,,,,Y,
77278,73481,,FO,N,176,U,N,U,Observer,H,V,Lan,1968-06-24,,1968-06-24,,60,Crew,,,,,,,27.3.a.21,,NotApplicable,,,,,,OTT_CRU_70-89_2_35,OTT,,,,,NotRecorded,NotApplicable,NotRecorded,NotApplicable,,So,10,10,1.0000000000000000,1.0000000000000000,CENSUS,176,,,,,,Y,
77279,73482,,FO,N,177,U,N,U,Observer,H,V,Lan,1968-06-25,,1968-06-25,,60,Crew,,,,,,,27.3.a.21,,NotApplicable,,,,,,OTT_CRU_70-89_2_35,OTT,,,,,NotRecorded,NotApplicable,NotRecorded,NotApplicable,,So,10,10,1.0000000000000000,1.0000000000000000,CENSUS,177,,,,,,Y,
77280,73483,,FO,N,178,U,N,U,Observer,H,V,Lan,1968-06-26,,1968-06-26,,60,Crew,,,,,,,27.3.a.21,,NotApplicable,,,,,,OTT_CRU_70-89_2_35,OTT,,,,,NotRecorded,NotApplicable,NotRecorded,NotApplicable,,So,10,10,1.0000000000000000,1.0000000000000000,CENSUS,178,,,,,,Y,
77281,73484,,FO,N,179,U,N,U,Observer,H,V,Lan,1968-06-27,,1968-06-27,,60,Crew,,,,,,,27.3.a.21,,NotApplicable,,,,,,OTT_CRU_70-89_2_35,OTT,,,,,NotRecorded,NotApplicable,NotRecorded,NotApplicable,,So,10,10,1.0000000000000000,1.0000000000000000,CENSUS,179,,,,,,Y,
77282,73485,,FO,N,18,U,N,U,Observer,H,V,Lan,1968-01-18,,1968-01-18,,60,Crew,,,,,,,27.3.a.21,,NotApplicable,,,,,,OTT_CRU_70-89_2_35,OTT,,,,,NotRecorded,NotApplicable,NotRecorded,NotApplicable,,So,10,10,1.0000000000000000,1.0000000000000000,CENSUS,18,,,,,,Y,
77283,73486,,FO,N,180,U,N,U,Observer,H,V,Lan,1968-06-28,,1968-06-28,,60,Crew,,,,,,,27.3.a.21,,NotApplicable,,,,,,OTT_CRU_70-89_2_35,OTT,,,,,NotRecorded,NotApplicable,NotRecorded,NotApplicable,,So,10,10,1.0000000000000000,1.0000000000000000,CENSUS,180,,,,,,Y,
77284,73487,,FO,N,181,U,N,U,Observer,H,V,Lan,1968-06-29,,1968-06-29,,60,Crew,,,,,,,27.3.a.21,,NotApplicable,,,,,,OTT_CRU_70-89_2_35,OTT,,,,,NotRecorded,NotApplicable,NotRecorded,NotApplicable,,So,10,10,1.0000000000000000,1.0000000000000000,CENSUS,181,,,,,,Y,
77285,73488,,FO,N,182,U,N,U,Observer,H,V,Lan,1968-06-30,,1968-06-30,,60,Crew,,,,,,,27.3.a.21,,NotApplicable,,,,,,OTT_CRU_70-89_2_35,OTT,,,,,NotRecorded,NotApplicable,NotRecorded,NotApplicable,,So,10,10,1.0000000000000000,1.0000000000000000,CENSUS,182,,,,,,Y,
77286,73489,,FO,N,183,U,N,U,Observer,H,V,Lan,1968-07-01,,1968-07-01,,60,Crew,,,,,,,27.3.a.21,,NotApplicable,,,,,,OTT_CRU_70-89_2_35,OTT,,,,,NotRecorded,NotApplicable,NotRecorded,NotApplicable,,So,10,10,1.0000000000000000,1.0000000000000000,CENSUS,183,,,,,,Y,
77287,73490,,FO,N,184,U,N,U,Observer,H,V,Lan,1968-07-02,,1968-07-02,,60,Crew,,,,,,,27.3.a.21,,NotApplicable,,,,,,OTT_CRU_70-89_2_35,OTT,,,,,NotRecorded,NotApplicable,NotRecorded,NotApplicable,,So,10,10,1.0000000000000000,1.0000000000000000,CENSUS,184,,,,,,Y,
77288,73491,,FO,N,185,U,N,U,Observer,H,V,Lan,1968-07-03,,1968-07-03,,60,Crew,,,,,,,27.3.a.21,,NotApplicable,,,,,,OTT_CRU_70-89_2_35,OTT,,,,,NotRecorded,NotApplicable,NotRecorded,NotApplicable,,So,10,10,1.0000000000000000,1.0000000000000000,CENSUS,185,,,,,,Y,
77289,73492,,FO,N,186,U,N,U,Observer,H,V,Lan,1968-07-04,,1968-07-04,,60,Crew,,,,,,,27.3.a.21,,NotApplicable,,,,,,OTT_CRU_70-89_2_35,OTT,,,,,NotRecorded,NotApplicable,NotRecorded,NotApplicable,,So,10,10,1.0000000000000000,1.0000000000000000,CENSUS,186,,,,,,Y,
77290,73493,,FO,N,187,U,N,U,Observer,H,V,Lan,1968-07-05,,1968-07-05,,60,Crew,,,,,,,27.3.a.21,,NotApplicable,,,,,,OTT_CRU_70-89_2_35,OTT,,,,,NotRecorded,NotApplicable,NotRecorded,NotApplicable,,So,10,10,1.0000000000000000,1.0000000000000000,CENSUS,187,,,,,,Y,
77291,73494,,FO,N,188,U,N,U,Observer,H,V,Lan,1968-07-06,,1968-07-06,,60,Crew,,,,,,,27.3.a.21,,NotApplicable,,,,,,OTT_CRU_70-89_2_35,OTT,,,,,NotRecorded,NotApplicable,NotRecorded,NotApplicable,,So,10,10,1.0000000000000000,1.0000000000000000,CENSUS,188,,,,,,Y,
77292,73495,,FO,N,189,U,N,U,Observer,H,V,Lan,1968-07-07,,1968-07-07,,60,Crew,,,,,,,27.3.a.21,,NotApplicable,,,,,,OTT_CRU_70-89_2_35,OTT,,,,,NotRecorded,NotApplicable,NotRecorded,NotApplicable,,So,10,10,1.0000000000000000,1.0000000000000000,CENSUS,189,,,,,,Y,
77293,73496,,FO,N,19,U,N,U,Observer,H,V,Lan,1968-01-19,,1968-01-19,,60,Crew,,,,,,,27.3.a.21,,NotApplicable,,,,,,OTT_CRU_70-89_2_35,OTT,,,,,NotRecorded,NotApplicable,NotRecorded,NotApplicable,,So,10,10,1.0000000000000000,1.0000000000000000,CENSUS,19,,,,,,Y,
77294,73497,,FO,N,190,U,N,U,Observer,H,V,Lan,1968-07-08,,1968-07-08,,60,Crew,,,,,,,27.3.a.21,,NotApplicable,,,,,,OTT_CRU_70-89_2_35,OTT,,,,,NotRecorded,NotApplicable,NotRecorded,NotApplicable,,So,10,10,1.0000000000000000,1.0000000000000000,CENSUS,190,,,,,,Y,
77295,73498,,FO,N,191,U,N,U,Observer,H,V,Lan,1968-07-09,,1968-07-09,,60,Crew,,,,,,,27.3.a.21,,NotApplicable,,,,,,OTT_CRU_70-89_2_35,OTT,,,,,NotRecorded,NotApplicable,NotRecorded,NotApplicable,,So,10,10,1.0000000000000000,1.0000000000000000,CENSUS,191,,,,,,Y,
77296,73499,,FO,N,192,U,N,U,Observer,H,V,Lan,1968-07-10,,1968-07-10,,60,Crew,,,,,,,27.3.a.21,,NotApplicable,,,,,,OTT_CRU_70-89_2_35,OTT,,,,,NotRecorded,NotApplicable,NotRecorded,NotApplicable,,So,10,10,1.0000000000000000,1.0000000000000000,CENSUS,192,,,,,,Y,
77297,73500,,FO,N,193,U,N,U,Observer,H,V,Lan,1968-07-11,,1968-07-11,,60,Crew,,,,,,,27.3.a.21,,NotApplicable,,,,,,OTT_CRU_70-89_2_35,OTT,,,,,NotRecorded,NotApplicable,NotRecorded,NotApplicable,,So,10,10,1.0000000000000000,1.0000000000000000,CENSUS,193,,,,,,Y,
77298,73501,,FO,N,194,U,N,U,Observer,H,V,Lan,1968-07-12,,1968-07-12,,60,Crew,,,,,,,27.3.a.21,,NotApplicable,,,,,,OTT_CRU_70-89_2_35,OTT,,,,,NotRecorded,NotApplicable,NotRecorded,NotApplicable,,So,10,10,1.0000000000000000,1.0000000000000000,CENSUS,194,,,,,,Y,
77299,73502,,FO,N,195,U,N,U,Observer,H,V,Lan,1968-07-13,,1968-07-13,,60,Crew,,,,,,,27.3.a.21,,NotApplicable,,,,,,OTT_CRU_70-89_2_35,OTT,,,,,NotRecorded,NotApplicable,NotRecorded,NotApplicable,,So,10,10,1.0000000000000000,1.0000000000000000,CENSUS,195,,,,,,Y,
77300,73503,,FO,N,196,U,N,U,Observer,H,V,Lan,1968-07-14,,1968-07-14,,60,Crew,,,,,,,27.3.a.21,,NotApplicable,,,,,,OTT_CRU_70-89_2_35,OTT,,,,,NotRecorded,NotApplicable,NotRecorded,NotApplicable,,So,10,10,1.0000000000000000,1.0000000000000000,CENSUS,196,,,,,,Y,
77301,73504,,FO,N,197,U,N,U,Observer,H,V,Lan,1968-07-15,,1968-07-15,,60,Crew,,,,,,,27.3.a.21,,NotApplicable,,,,,,OTT_CRU_70-89_2_35,OTT,,,,,NotRecorded,NotApplicable,NotRecorded,NotApplicable,,So,10,10,1.0000000000000000,1.0000000000000000,CENSUS,197,,,,,,Y,
77302,73505,,FO,N,198,U,N,U,Observer,H,V,Lan,1968-07-16,,1968-07-16,,60,Crew,,,,,,,27.3.a.21,,NotApplicable,,,,,,OTT_CRU_70-89_2_35,OTT,,,,,NotRecorded,NotApplicable,NotRecorded,NotApplicable,,So,10,10,1.0000000000000000,1.0000000000000000,CENSUS,198,,,,,,Y,
77303,73506,,FO,N,199,U,N,U,Observer,H,V,Lan,1968-07-17,,1968-07-17,,60,Crew,,,,,,,27.3.a.21,,NotApplicable,,,,,,OTT_CRU_70-89_2_35,OTT,,,,,NotRecorded,NotApplicable,NotRecorded,NotApplicable,,So,10,10,1.0000000000000000,1.0000000000000000,CENSUS,199,,,,,,Y,
77304,73507,,FO,N,2,U,N,U,Observer,H,V,Lan,1968-01-02,,1968-01-02,,60,Crew,,,,,,,27.3.a.21,,NotApplicable,,,,,,OTT_CRU_70-89_2_35,OTT,,,,,NotRecorded,NotApplicable,NotRecorded,NotApplicable,,So,10,10,1.0000000000000000,1.0000000000000000,CENSUS,2,,,,,,Y,
77305,73508,,FO,N,20,U,N,U,Observer,H,V,Lan,1968-01-20,,1968-01-20,,60,Crew,,,,,,,27.3.a.21,,NotApplicable,,,,,,OTT_CRU_70-89_2_35,OTT,,,,,NotRecorded,NotApplicable,NotRecorded,NotApplicable,,So,10,10,1.0000000000000000,1.0000000000000000,CENSUS,20,,,,,,Y,
77306,73509,,FO,N,200,U,N,U,Observer,H,V,Lan,1968-07-18,,1968-07-18,,60,Crew,,,,,,,27.3.a.21,,NotApplicable,,,,,,OTT_CRU_70-89_2_35,OTT,,,,,NotRecorded,NotApplicable,NotRecorded,NotApplicable,,So,10,10,1.0000000000000000,1.0000000000000000,CENSUS,200,,,,,,Y,
77307,73510,,FO,N,201,U,N,U,Observer,H,V,Lan,1968-07-19,,1968-07-19,,60,Crew,,,,,,,27.3.a.21,,NotApplicable,,,,,,OTT_CRU_70-89_2_35,OTT,,,,,NotRecorded,NotApplicable,NotRecorded,NotApplicable,,So,10,10,1.0000000000000000,1.0000000000000000,CENSUS,201,,,,,,Y,
77308,73511,,FO,N,202,U,N,U,Observer,H,V,Lan,1968-07-20,,1968-07-20,,60,Crew,,,,,,,27.3.a.21,,NotApplicable,,,,,,OTT_CRU_70-89_2_35,OTT,,,,,NotRecorded,NotApplicable,NotRecorded,NotApplicable,,So,10,10,1.0000000000000000,1.0000000000000000,CENSUS,202,,,,,,Y,
77309,73512,,FO,N,203,U,N,U,Observer,H,V,Lan,1968-07-21,,1968-07-21,,60,Crew,,,,,,,27.3.a.21,,NotApplicable,,,,,,OTT_CRU_70-89_2_35,OTT,,,,,NotRecorded,NotApplicable,NotRecorded,NotApplicable,,So,10,10,1.0000000000000000,1.0000000000000000,CENSUS,203,,,,,,Y,
77310,73513,,FO,N,204,U,N,U,Observer,H,V,Lan,1968-07-22,,1968-07-22,,60,Crew,,,,,,,27.3.a.21,,NotApplicable,,,,,,OTT_CRU_70-89_2_35,OTT,,,,,NotRecorded,NotApplicable,NotRecorded,NotApplicable,,So,10,10,1.0000000000000000,1.0000000000000000,CENSUS,204,,,,,,Y,
77311,73514,,FO,N,205,U,N,U,Observer,H,V,Lan,1968-07-23,,1968-07-23,,60,Crew,,,,,,,27.3.a.21,,NotApplicable,,,,,,OTT_CRU_70-89_2_35,OTT,,,,,NotRecorded,NotApplicable,NotRecorded,NotApplicable,,So,10,10,1.0000000000000000,1.0000000000000000,CENSUS,205,,,,,,Y,
77312,73515,,FO,N,206,U,N,U,Observer,H,V,Lan,1968-07-24,,1968-07-24,,60,Crew,,,,,,,27.3.a.21,,NotApplicable,,,,,,OTT_CRU_70-89_2_35,OTT,,,,,NotRecorded,NotApplicable,NotRecorded,NotApplicable,,So,10,10,1.0000000000000000,1.0000000000000000,CENSUS,206,,,,,,Y,
77313,73516,,FO,N,207,U,N,U,Observer,H,V,Lan,1968-07-25,,1968-07-25,,60,Crew,,,,,,,27.3.a.21,,NotApplicable,,,,,,OTT_CRU_70-89_2_35,OTT,,,,,NotRecorded,NotApplicable,NotRecorded,NotApplicable,,So,10,10,1.0000000000000000,1.0000000000000000,CENSUS,207,,,,,,Y,
77314,73517,,FO,N,208,U,N,U,Observer,H,V,Lan,1968-07-26,,1968-07-26,,60,Crew,,,,,,,27.3.a.21,,NotApplicable,,,,,,OTT_CRU_70-89_2_35,OTT,,,,,NotRecorded,NotApplicable,NotRecorded,NotApplicable,,So,10,10,1.0000000000000000,1.0000000000000000,CENSUS,208,,,,,,Y,
77315,73518,,FO,N,209,U,N,U,Observer,H,V,Lan,1968-07-27,,1968-07-27,,60,Crew,,,,,,,27.3.a.21,,NotApplicable,,,,,,OTT_CRU_70-89_2_35,OTT,,,,,NotRecorded,NotApplicable,NotRecorded,NotApplicable,,So,10,10,1.0000000000000000,1.0000000000000000,CENSUS,209,,,,,,Y,
77316,73519,,FO,N,21,U,N,U,Observer,H,V,Lan,1968-01-21,,1968-01-21,,60,Crew,,,,,,,27.3.a.21,,NotApplicable,,,,,,OTT_CRU_70-89_2_35,OTT,,,,,NotRecorded,NotApplicable,NotRecorded,NotApplicable,,So,10,10,1.0000000000000000,1.0000000000000000,CENSUS,21,,,,,,Y,
77317,73520,,FO,N,210,U,N,U,Observer,H,V,Lan,1968-07-28,,1968-07-28,,60,Crew,,,,,,,27.3.a.21,,NotApplicable,,,,,,OTT_CRU_70-89_2_35,OTT,,,,,NotRecorded,NotApplicable,NotRecorded,NotApplicable,,So,10,10,1.0000000000000000,1.0000000000000000,CENSUS,210,,,,,,Y,
77318,73521,,FO,N,211,U,N,U,Observer,H,V,Lan,1968-07-29,,1968-07-29,,60,Crew,,,,,,,27.3.a.21,,NotApplicable,,,,,,OTT_CRU_70-89_2_35,OTT,,,,,NotRecorded,NotApplicable,NotRecorded,NotApplicable,,So,10,10,1.0000000000000000,1.0000000000000000,CENSUS,211,,,,,,Y,
77319,73522,,FO,N,212,U,N,U,Observer,H,V,Lan,1968-07-30,,1968-07-30,,60,Crew,,,,,,,27.3.a.21,,NotApplicable,,,,,,OTT_CRU_70-89_2_35,OTT,,,,,NotRecorded,NotApplicable,NotRecorded,NotApplicable,,So,10,10,1.0000000000000000,1.0000000000000000,CENSUS,212,,,,,,Y,
77320,73523,,FO,N,213,U,N,U,Observer,H,V,Lan,1968-07-31,,1968-07-31,,60,Crew,,,,,,,27.3.a.21,,NotApplicable,,,,,,OTT_CRU_70-89_2_35,OTT,,,,,NotRecorded,NotApplicable,NotRecorded,NotApplicable,,So,10,10,1.0000000000000000,1.0000000000000000,CENSUS,213,,,,,,Y,
77321,73524,,FO,N,214,U,N,U,Observer,H,V,Lan,1968-08-01,,1968-08-01,,60,Crew,,,,,,,27.3.a.21,,NotApplicable,,,,,,OTT_CRU_70-89_2_35,OTT,,,,,NotRecorded,NotApplicable,NotRecorded,NotApplicable,,So,10,10,1.0000000000000000,1.0000000000000000,CENSUS,214,,,,,,Y,
77322,73525,,FO,N,215,U,N,U,Observer,H,V,Lan,1968-08-02,,1968-08-02,,60,Crew,,,,,,,27.3.a.21,,NotApplicable,,,,,,OTT_CRU_70-89_2_35,OTT,,,,,NotRecorded,NotApplicable,NotRecorded,NotApplicable,,So,10,10,1.0000000000000000,1.0000000000000000,CENSUS,215,,,,,,Y,
77323,73526,,FO,N,216,U,N,U,Observer,H,V,Lan,1968-08-03,,1968-08-03,,60,Crew,,,,,,,27.3.a.21,,NotApplicable,,,,,,OTT_CRU_70-89_2_35,OTT,,,,,NotRecorded,NotApplicable,NotRecorded,NotApplicable,,So,10,10,1.0000000000000000,1.0000000000000000,CENSUS,216,,,,,,Y,
77324,73527,,FO,N,217,U,N,U,Observer,H,V,Lan,1968-08-04,,1968-08-04,,60,Crew,,,,,,,27.3.a.21,,NotApplicable,,,,,,OTT_CRU_70-89_2_35,OTT,,,,,NotRecorded,NotApplicable,NotRecorded,NotApplicable,,So,10,10,1.0000000000000000,1.0000000000000000,CENSUS,217,,,,,,Y,
77325,73528,,FO,N,218,U,N,U,Observer,H,V,Lan,1968-08-05,,1968-08-05,,60,Crew,,,,,,,27.3.a.21,,NotApplicable,,,,,,OTT_CRU_70-89_2_35,OTT,,,,,NotRecorded,NotApplicable,NotRecorded,NotApplicable,,So,10,10,1.0000000000000000,1.0000000000000000,CENSUS,218,,,,,,Y,
77326,73529,,FO,N,219,U,N,U,Observer,H,V,Lan,1968-08-06,,1968-08-06,,60,Crew,,,,,,,27.3.a.21,,NotApplicable,,,,,,OTT_CRU_70-89_2_35,OTT,,,,,NotRecorded,NotApplicable,NotRecorded,NotApplicable,,So,10,10,1.0000000000000000,1.0000000000000000,CENSUS,219,,,,,,Y,
77327,73530,,FO,N,22,U,N,U,Observer,H,V,Lan,1968-01-22,,1968-01-22,,60,Crew,,,,,,,27.3.a.21,,NotApplicable,,,,,,OTT_CRU_70-89_2_35,OTT,,,,,NotRecorded,NotApplicable,NotRecorded,NotApplicable,,So,10,10,1.0000000000000000,1.0000000000000000,CENSUS,22,,,,,,Y,
77328,73531,,FO,N,220,U,N,U,Observer,H,V,Lan,1968-08-07,,1968-08-07,,60,Crew,,,,,,,27.3.a.21,,NotApplicable,,,,,,OTT_CRU_70-89_2_35,OTT,,,,,NotRecorded,NotApplicable,NotRecorded,NotApplicable,,So,10,10,1.0000000000000000,1.0000000000000000,CENSUS,220,,,,,,Y,
77329,73532,,FO,N,221,U,N,U,Observer,H,V,Lan,1968-08-08,,1968-08-08,,60,Crew,,,,,,,27.3.a.21,,NotApplicable,,,,,,OTT_CRU_70-89_2_35,OTT,,,,,NotRecorded,NotApplicable,NotRecorded,NotApplicable,,So,10,10,1.0000000000000000,1.0000000000000000,CENSUS,221,,,,,,Y,
77330,73533,,FO,N,222,U,N,U,Observer,H,V,Lan,1968-08-09,,1968-08-09,,60,Crew,,,,,,,27.3.a.21,,NotApplicable,,,,,,OTT_CRU_70-89_2_35,OTT,,,,,NotRecorded,NotApplicable,NotRecorded,NotApplicable,,So,10,10,1.0000000000000000,1.0000000000000000,CENSUS,222,,,,,,Y,
77331,73534,,FO,N,223,U,N,U,Observer,H,V,Lan,1968-08-10,,1968-08-10,,60,Crew,,,,,,,27.3.a.21,,NotApplicable,,,,,,OTT_CRU_70-89_2_35,OTT,,,,,NotRecorded,NotApplicable,NotRecorded,NotApplicable,,So,10,10,1.0000000000000000,1.0000000000000000,CENSUS,223,,,,,,Y,
77332,73535,,FO,N,224,U,N,U,Observer,H,V,Lan,1968-08-11,,1968-08-11,,60,Crew,,,,,,,27.3.a.21,,NotApplicable,,,,,,OTT_CRU_70-89_2_35,OTT,,,,,NotRecorded,NotApplicable,NotRecorded,NotApplicable,,So,10,10,1.0000000000000000,1.0000000000000000,CENSUS,224,,,,,,Y,
77333,73536,,FO,N,225,U,N,U,Observer,H,V,Lan,1968-08-12,,1968-08-12,,60,Crew,,,,,,,27.3.a.21,,NotApplicable,,,,,,OTT_CRU_70-89_2_35,OTT,,,,,NotRecorded,NotApplicable,NotRecorded,NotApplicable,,So,10,10,1.0000000000000000,1.0000000000000000,CENSUS,225,,,,,,Y,
77334,73537,,FO,N,226,U,N,U,Observer,H,V,Lan,1968-08-13,,1968-08-13,,60,Crew,,,,,,,27.3.a.21,,NotApplicable,,,,,,OTT_CRU_70-89_2_35,OTT,,,,,NotRecorded,NotApplicable,NotRecorded,NotApplicable,,So,10,10,1.0000000000000000,1.0000000000000000,CENSUS,226,,,,,,Y,
77335,73538,,FO,N,227,U,N,U,Observer,H,V,Lan,1968-08-14,,1968-08-14,,60,Crew,,,,,,,27.3.a.21,,NotApplicable,,,,,,OTT_CRU_70-89_2_35,OTT,,,,,NotRecorded,NotApplicable,NotRecorded,NotApplicable,,So,10,10,1.0000000000000000,1.0000000000000000,CENSUS,227,,,,,,Y,
77336,73539,,FO,N,228,U,N,U,Observer,H,V,Lan,1968-08-15,,1968-08-15,,60,Crew,,,,,,,27.3.a.21,,NotApplicable,,,,,,OTT_CRU_70-89_2_35,OTT,,,,,NotRecorded,NotApplicable,NotRecorded,NotApplicable,,So,10,10,1.0000000000000000,1.0000000000000000,CENSUS,228,,,,,,Y,
77337,73540,,FO,N,229,U,N,U,Observer,H,V,Lan,1968-08-16,,1968-08-16,,60,Crew,,,,,,,27.3.a.21,,NotApplicable,,,,,,OTT_CRU_70-89_2_35,OTT,,,,,NotRecorded,NotApplicable,NotRecorded,NotApplicable,,So,10,10,1.0000000000000000,1.0000000000000000,CENSUS,229,,,,,,Y,
77338,73541,,FO,N,23,U,N,U,Observer,H,V,Lan,1968-01-23,,1968-01-23,,60,Crew,,,,,,,27.3.a.21,,NotApplicable,,,,,,OTT_CRU_70-89_2_35,OTT,,,,,NotRecorded,NotApplicable,NotRecorded,NotApplicable,,So,10,10,1.0000000000000000,1.0000000000000000,CENSUS,23,,,,,,Y,
77339,73542,,FO,N,230,U,N,U,Observer,H,V,Lan,1968-08-17,,1968-08-17,,60,Crew,,,,,,,27.3.a.21,,NotApplicable,,,,,,OTT_CRU_70-89_2_35,OTT,,,,,NotRecorded,NotApplicable,NotRecorded,NotApplicable,,So,10,10,1.0000000000000000,1.0000000000000000,CENSUS,230,,,,,,Y,
77340,73543,,FO,N,231,U,N,U,Observer,H,V,Lan,1968-08-18,,1968-08-18,,60,Crew,,,,,,,27.3.a.21,,NotApplicable,,,,,,OTT_CRU_70-89_2_35,OTT,,,,,NotRecorded,NotApplicable,NotRecorded,NotApplicable,,So,10,10,1.0000000000000000,1.0000000000000000,CENSUS,231,,,,,,Y,
77341,73544,,FO,N,232,U,N,U,Observer,H,V,Lan,1968-08-19,,1968-08-19,,60,Crew,,,,,,,27.3.a.21,,NotApplicable,,,,,,OTT_CRU_70-89_2_35,OTT,,,,,NotRecorded,NotApplicable,NotRecorded,NotApplicable,,So,10,10,1.0000000000000000,1.0000000000000000,CENSUS,232,,,,,,Y,
77342,73545,,FO,N,233,U,N,U,Observer,H,V,Lan,1968-08-20,,1968-08-20,,60,Crew,,,,,,,27.3.a.21,,NotApplicable,,,,,,OTT_CRU_70-89_2_35,OTT,,,,,NotRecorded,NotApplicable,NotRecorded,NotApplicable,,So,10,10,1.0000000000000000,1.0000000000000000,CENSUS,233,,,,,,Y,
77343,73546,,FO,N,234,U,N,U,Observer,H,V,Lan,1968-08-21,,1968-08-21,,60,Crew,,,,,,,27.3.a.21,,NotApplicable,,,,,,OTT_CRU_70-89_2_35,OTT,,,,,NotRecorded,NotApplicable,NotRecorded,NotApplicable,,So,10,10,1.0000000000000000,1.0000000000000000,CENSUS,234,,,,,,Y,
77344,73547,,FO,N,235,U,N,U,Observer,H,V,Lan,1968-08-22,,1968-08-22,,60,Crew,,,,,,,27.3.a.21,,NotApplicable,,,,,,OTT_CRU_70-89_2_35,OTT,,,,,NotRecorded,NotApplicable,NotRecorded,NotApplicable,,So,10,10,1.0000000000000000,1.0000000000000000,CENSUS,235,,,,,,Y,
77345,73548,,FO,N,236,U,N,U,Observer,H,V,Lan,1968-08-23,,1968-08-23,,60,Crew,,,,,,,27.3.a.21,,NotApplicable,,,,,,OTT_CRU_70-89_2_35,OTT,,,,,NotRecorded,NotApplicable,NotRecorded,NotApplicable,,So,10,10,1.0000000000000000,1.0000000000000000,CENSUS,236,,,,,,Y,
77346,73549,,FO,N,237,U,N,U,Observer,H,V,Lan,1968-08-24,,1968-08-24,,60,Crew,,,,,,,27.3.a.21,,NotApplicable,,,,,,OTT_CRU_70-89_2_35,OTT,,,,,NotRecorded,NotApplicable,NotRecorded,NotApplicable,,So,10,10,1.0000000000000000,1.0000000000000000,CENSUS,237,,,,,,Y,
77347,73550,,FO,N,238,U,N,U,Observer,H,V,Lan,1968-08-25,,1968-08-25,,60,Crew,,,,,,,27.3.a.21,,NotApplicable,,,,,,OTT_CRU_70-89_2_35,OTT,,,,,NotRecorded,NotApplicable,NotRecorded,NotApplicable,,So,10,10,1.0000000000000000,1.0000000000000000,CENSUS,238,,,,,,Y,
77348,73551,,FO,N,239,U,N,U,Observer,H,V,Lan,1968-08-26,,1968-08-26,,60,Crew,,,,,,,27.3.a.21,,NotApplicable,,,,,,OTT_CRU_70-89_2_35,OTT,,,,,NotRecorded,NotApplicable,NotRecorded,NotApplicable,,So,10,10,1.0000000000000000,1.0000000000000000,CENSUS,239,,,,,,Y,
77349,73552,,FO,N,24,U,N,U,Observer,H,V,Lan,1968-01-24,,1968-01-24,,60,Crew,,,,,,,27.3.a.21,,NotApplicable,,,,,,OTT_CRU_70-89_2_35,OTT,,,,,NotRecorded,NotApplicable,NotRecorded,NotApplicable,,So,10,10,1.0000000000000000,1.0000000000000000,CENSUS,24,,,,,,Y,
77350,73553,,FO,N,240,U,N,U,Observer,H,V,Lan,1968-08-27,,1968-08-27,,60,Crew,,,,,,,27.3.a.21,,NotApplicable,,,,,,OTT_CRU_70-89_2_35,OTT,,,,,NotRecorded,NotApplicable,NotRecorded,NotApplicable,,So,10,10,1.0000000000000000,1.0000000000000000,CENSUS,240,,,,,,Y,
77351,73554,,FO,N,241,U,N,U,Observer,H,V,Lan,1968-08-28,,1968-08-28,,60,Crew,,,,,,,27.3.a.21,,NotApplicable,,,,,,OTT_CRU_70-89_2_35,OTT,,,,,NotRecorded,NotApplicable,NotRecorded,NotApplicable,,So,10,10,1.0000000000000000,1.0000000000000000,CENSUS,241,,,,,,Y,
77352,73555,,FO,N,242,U,N,U,Observer,H,V,Lan,1968-08-29,,1968-08-29,,60,Crew,,,,,,,27.3.a.21,,NotApplicable,,,,,,OTT_CRU_70-89_2_35,OTT,,,,,NotRecorded,NotApplicable,NotRecorded,NotApplicable,,So,10,10,1.0000000000000000,1.0000000000000000,CENSUS,242,,,,,,Y,
77353,73556,,FO,N,243,U,N,U,Observer,H,V,Lan,1968-08-30,,1968-08-30,,60,Crew,,,,,,,27.3.a.21,,NotApplicable,,,,,,OTT_CRU_70-89_2_35,OTT,,,,,NotRecorded,NotApplicable,NotRecorded,NotApplicable,,So,10,10,1.0000000000000000,1.0000000000000000,CENSUS,243,,,,,,Y,
77354,73557,,FO,N,244,U,N,U,Observer,H,V,Lan,1968-08-31,,1968-08-31,,60,Crew,,,,,,,27.3.a.21,,NotApplicable,,,,,,OTT_CRU_70-89_2_35,OTT,,,,,NotRecorded,NotApplicable,NotRecorded,NotApplicable,,So,10,10,1.0000000000000000,1.0000000000000000,CENSUS,244,,,,,,Y,
77355,73558,,FO,N,245,U,N,U,Observer,H,V,Lan,1968-09-01,,1968-09-01,,60,Crew,,,,,,,27.3.a.21,,NotApplicable,,,,,,OTT_CRU_70-89_2_35,OTT,,,,,NotRecorded,NotApplicable,NotRecorded,NotApplicable,,So,10,10,1.0000000000000000,1.0000000000000000,CENSUS,245,,,,,,Y,
77356,73559,,FO,N,246,U,N,U,Observer,H,V,Lan,1968-09-02,,1968-09-02,,60,Crew,,,,,,,27.3.a.21,,NotApplicable,,,,,,OTT_CRU_70-89_2_35,OTT,,,,,NotRecorded,NotApplicable,NotRecorded,NotApplicable,,So,10,10,1.0000000000000000,1.0000000000000000,CENSUS,246,,,,,,Y,
77357,73560,,FO,N,247,U,N,U,Observer,H,V,Lan,1968-09-03,,1968-09-03,,60,Crew,,,,,,,27.3.a.21,,NotApplicable,,,,,,OTT_CRU_70-89_2_35,OTT,,,,,NotRecorded,NotApplicable,NotRecorded,NotApplicable,,So,10,10,1.0000000000000000,1.0000000000000000,CENSUS,247,,,,,,Y,
77358,73561,,FO,N,248,U,N,U,Observer,H,V,Lan,1968-09-04,,1968-09-04,,60,Crew,,,,,,,27.3.a.21,,NotApplicable,,,,,,OTT_CRU_70-89_2_35,OTT,,,,,NotRecorded,NotApplicable,NotRecorded,NotApplicable,,So,10,10,1.0000000000000000,1.0000000000000000,CENSUS,248,,,,,,Y,
77359,73562,,FO,N,249,U,N,U,Observer,H,V,Lan,1968-09-05,,1968-09-05,,60,Crew,,,,,,,27.3.a.21,,NotApplicable,,,,,,OTT_CRU_70-89_2_35,OTT,,,,,NotRecorded,NotApplicable,NotRecorded,NotApplicable,,So,10,10,1.0000000000000000,1.0000000000000000,CENSUS,249,,,,,,Y,
77360,73563,,FO,N,25,U,N,U,Observer,H,V,Lan,1968-01-25,,1968-01-25,,60,Crew,,,,,,,27.3.a.21,,NotApplicable,,,,,,OTT_CRU_70-89_2_35,OTT,,,,,NotRecorded,NotApplicable,NotRecorded,NotApplicable,,So,10,10,1.0000000000000000,1.0000000000000000,CENSUS,25,,,,,,Y,
77361,73564,,FO,N,250,U,N,U,Observer,H,V,Lan,1968-09-06,,1968-09-06,,60,Crew,,,,,,,27.3.a.21,,NotApplicable,,,,,,OTT_CRU_70-89_2_35,OTT,,,,,NotRecorded,NotApplicable,NotRecorded,NotApplicable,,So,10,10,1.0000000000000000,1.0000000000000000,CENSUS,250,,,,,,Y,
77362,73565,,FO,N,251,U,N,U,Observer,H,V,Lan,1968-09-07,,1968-09-07,,60,Crew,,,,,,,27.3.a.21,,NotApplicable,,,,,,OTT_CRU_70-89_2_35,OTT,,,,,NotRecorded,NotApplicable,NotRecorded,NotApplicable,,So,10,10,1.0000000000000000,1.0000000000000000,CENSUS,251,,,,,,Y,
77363,73566,,FO,N,252,U,N,U,Observer,H,V,Lan,1968-09-08,,1968-09-08,,60,Crew,,,,,,,27.3.a.21,,NotApplicable,,,,,,OTT_CRU_70-89_2_35,OTT,,,,,NotRecorded,NotApplicable,NotRecorded,NotApplicable,,So,10,10,1.0000000000000000,1.0000000000000000,CENSUS,252,,,,,,Y,
77364,73567,,FO,N,253,U,N,U,Observer,H,V,Lan,1968-09-09,,1968-09-09,,60,Crew,,,,,,,27.3.a.21,,NotApplicable,,,,,,OTT_CRU_70-89_2_35,OTT,,,,,NotRecorded,NotApplicable,NotRecorded,NotApplicable,,So,10,10,1.0000000000000000,1.0000000000000000,CENSUS,253,,,,,,Y,
77365,73568,,FO,N,254,U,N,U,Observer,H,V,Lan,1968-09-10,,1968-09-10,,60,Crew,,,,,,,27.3.a.21,,NotApplicable,,,,,,OTT_CRU_70-89_2_35,OTT,,,,,NotRecorded,NotApplicable,NotRecorded,NotApplicable,,So,10,10,1.0000000000000000,1.0000000000000000,CENSUS,254,,,,,,Y,
77366,73569,,FO,N,255,U,N,U,Observer,H,V,Lan,1968-09-11,,1968-09-11,,60,Crew,,,,,,,27.3.a.21,,NotApplicable,,,,,,OTT_CRU_70-89_2_35,OTT,,,,,NotRecorded,NotApplicable,NotRecorded,NotApplicable,,So,10,10,1.0000000000000000,1.0000000000000000,CENSUS,255,,,,,,Y,
77367,73570,,FO,N,256,U,N,U,Observer,H,V,Lan,1968-09-12,,1968-09-12,,60,Crew,,,,,,,27.3.a.21,,NotApplicable,,,,,,OTT_CRU_70-89_2_35,OTT,,,,,NotRecorded,NotApplicable,NotRecorded,NotApplicable,,So,10,10,1.0000000000000000,1.0000000000000000,CENSUS,256,,,,,,Y,
77368,73571,,FO,N,257,U,N,U,Observer,H,V,Lan,1968-09-13,,1968-09-13,,60,Crew,,,,,,,27.3.a.21,,NotApplicable,,,,,,OTT_CRU_70-89_2_35,OTT,,,,,NotRecorded,NotApplicable,NotRecorded,NotApplicable,,So,10,10,1.0000000000000000,1.0000000000000000,CENSUS,257,,,,,,Y,
77369,73572,,FO,N,258,U,N,U,Observer,H,V,Lan,1968-09-14,,1968-09-14,,60,Crew,,,,,,,27.3.a.21,,NotApplicable,,,,,,OTT_CRU_70-89_2_35,OTT,,,,,NotRecorded,NotApplicable,NotRecorded,NotApplicable,,So,10,10,1.0000000000000000,1.0000000000000000,CENSUS,258,,,,,,Y,
77370,73573,,FO,N,259,U,N,U,Observer,H,V,Lan,1968-09-15,,1968-09-15,,60,Crew,,,,,,,27.3.a.21,,NotApplicable,,,,,,OTT_CRU_70-89_2_35,OTT,,,,,NotRecorded,NotApplicable,NotRecorded,NotApplicable,,So,10,10,1.0000000000000000,1.0000000000000000,CENSUS,259,,,,,,Y,
77371,73574,,FO,N,26,U,N,U,Observer,H,V,Lan,1968-01-26,,1968-01-26,,60,Crew,,,,,,,27.3.a.21,,NotApplicable,,,,,,OTT_CRU_70-89_2_35,OTT,,,,,NotRecorded,NotApplicable,NotRecorded,NotApplicable,,So,10,10,1.0000000000000000,1.0000000000000000,CENSUS,26,,,,,,Y,
77372,73575,,FO,N,260,U,N,U,Observer,H,V,Lan,1968-09-16,,1968-09-16,,60,Crew,,,,,,,27.3.a.21,,NotApplicable,,,,,,OTT_CRU_70-89_2_35,OTT,,,,,NotRecorded,NotApplicable,NotRecorded,NotApplicable,,So,10,10,1.0000000000000000,1.0000000000000000,CENSUS,260,,,,,,Y,
77373,73576,,FO,N,261,U,N,U,Observer,H,V,Lan,1968-09-17,,1968-09-17,,60,Crew,,,,,,,27.3.a.21,,NotApplicable,,,,,,OTT_CRU_70-89_2_35,OTT,,,,,NotRecorded,NotApplicable,NotRecorded,NotApplicable,,So,10,10,1.0000000000000000,1.0000000000000000,CENSUS,261,,,,,,Y,
77374,73577,,FO,N,262,U,N,U,Observer,H,V,Lan,1968-09-18,,1968-09-18,,60,Crew,,,,,,,27.3.a.21,,NotApplicable,,,,,,OTT_CRU_70-89_2_35,OTT,,,,,NotRecorded,NotApplicable,NotRecorded,NotApplicable,,So,10,10,1.0000000000000000,1.0000000000000000,CENSUS,262,,,,,,Y,
77375,73578,,FO,N,263,U,N,U,Observer,H,V,Lan,1968-09-19,,1968-09-19,,60,Crew,,,,,,,27.3.a.21,,NotApplicable,,,,,,OTT_CRU_70-89_2_35,OTT,,,,,NotRecorded,NotApplicable,NotRecorded,NotApplicable,,So,10,10,1.0000000000000000,1.0000000000000000,CENSUS,263,,,,,,Y,
77376,73579,,FO,N,264,U,N,U,Observer,H,V,Lan,1968-09-20,,1968-09-20,,60,Crew,,,,,,,27.3.a.21,,NotApplicable,,,,,,OTT_CRU_70-89_2_35,OTT,,,,,NotRecorded,NotApplicable,NotRecorded,NotApplicable,,So,10,10,1.0000000000000000,1.0000000000000000,CENSUS,264,,,,,,Y,
77377,73580,,FO,N,265,U,N,U,Observer,H,V,Lan,1968-09-21,,1968-09-21,,60,Crew,,,,,,,27.3.a.21,,NotApplicable,,,,,,OTT_CRU_70-89_2_35,OTT,,,,,NotRecorded,NotApplicable,NotRecorded,NotApplicable,,So,10,10,1.0000000000000000,1.0000000000000000,CENSUS,265,,,,,,Y,
77378,73581,,FO,N,266,U,N,U,Observer,H,V,Lan,1968-09-22,,1968-09-22,,60,Crew,,,,,,,27.3.a.21,,NotApplicable,,,,,,OTT_CRU_70-89_2_35,OTT,,,,,NotRecorded,NotApplicable,NotRecorded,NotApplicable,,So,10,10,1.0000000000000000,1.0000000000000000,CENSUS,266,,,,,,Y,
77379,73582,,FO,N,267,U,N,U,Observer,H,V,Lan,1968-09-23,,1968-09-23,,60,Crew,,,,,,,27.3.a.21,,NotApplicable,,,,,,OTT_CRU_70-89_2_35,OTT,,,,,NotRecorded,NotApplicable,NotRecorded,NotApplicable,,So,10,10,1.0000000000000000,1.0000000000000000,CENSUS,267,,,,,,Y,
77380,73583,,FO,N,268,U,N,U,Observer,H,V,Lan,1968-09-24,,1968-09-24,,60,Crew,,,,,,,27.3.a.21,,NotApplicable,,,,,,OTT_CRU_70-89_2_35,OTT,,,,,NotRecorded,NotApplicable,NotRecorded,NotApplicable,,So,10,10,1.0000000000000000,1.0000000000000000,CENSUS,268,,,,,,Y,
77381,73584,,FO,N,269,U,N,U,Observer,H,V,Lan,1968-09-25,,1968-09-25,,60,Crew,,,,,,,27.3.a.21,,NotApplicable,,,,,,OTT_CRU_70-89_2_35,OTT,,,,,NotRecorded,NotApplicable,NotRecorded,NotApplicable,,So,10,10,1.0000000000000000,1.0000000000000000,CENSUS,269,,,,,,Y,
77382,73585,,FO,N,27,U,N,U,Observer,H,V,Lan,1968-01-27,,1968-01-27,,60,Crew,,,,,,,27.3.a.21,,NotApplicable,,,,,,OTT_CRU_70-89_2_35,OTT,,,,,NotRecorded,NotApplicable,NotRecorded,NotApplicable,,So,10,10,1.0000000000000000,1.0000000000000000,CENSUS,27,,,,,,Y,
77383,73586,,FO,N,270,U,N,U,Observer,H,V,Lan,1968-09-26,,1968-09-26,,60,Crew,,,,,,,27.3.a.21,,NotApplicable,,,,,,OTT_CRU_70-89_2_35,OTT,,,,,NotRecorded,NotApplicable,NotRecorded,NotApplicable,,So,10,10,1.0000000000000000,1.0000000000000000,CENSUS,270,,,,,,Y,
77384,73587,,FO,N,271,U,N,U,Observer,H,V,Lan,1968-09-27,,1968-09-27,,60,Crew,,,,,,,27.3.a.21,,NotApplicable,,,,,,OTT_CRU_70-89_2_35,OTT,,,,,NotRecorded,NotApplicable,NotRecorded,NotApplicable,,So,10,10,1.0000000000000000,1.0000000000000000,CENSUS,271,,,,,,Y,
77385,73588,,FO,N,272,U,N,U,Observer,H,V,Lan,1968-09-28,,1968-09-28,,60,Crew,,,,,,,27.3.a.21,,NotApplicable,,,,,,OTT_CRU_70-89_2_35,OTT,,,,,NotRecorded,NotApplicable,NotRecorded,NotApplicable,,So,10,10,1.0000000000000000,1.0000000000000000,CENSUS,272,,,,,,Y,
77386,73589,,FO,N,273,U,N,U,Observer,H,V,Lan,1968-09-29,,1968-09-29,,60,Crew,,,,,,,27.3.a.21,,NotApplicable,,,,,,OTT_CRU_70-89_2_35,OTT,,,,,NotRecorded,NotApplicable,NotRecorded,NotApplicable,,So,10,10,1.0000000000000000,1.0000000000000000,CENSUS,273,,,,,,Y,
77387,73590,,FO,N,274,U,N,U,Observer,H,V,Lan,1968-09-30,,1968-09-30,,60,Crew,,,,,,,27.3.a.21,,NotApplicable,,,,,,OTT_CRU_70-89_2_35,OTT,,,,,NotRecorded,NotApplicable,NotRecorded,NotApplicable,,So,10,10,1.0000000000000000,1.0000000000000000,CENSUS,274,,,,,,Y,
77388,73591,,FO,N,275,U,N,U,Observer,H,V,Lan,1968-10-01,,1968-10-01,,60,Crew,,,,,,,27.3.a.21,,NotApplicable,,,,,,OTT_CRU_70-89_2_35,OTT,,,,,NotRecorded,NotApplicable,NotRecorded,NotApplicable,,So,10,10,1.0000000000000000,1.0000000000000000,CENSUS,275,,,,,,Y,
77389,73592,,FO,N,276,U,N,U,Observer,H,V,Lan,1968-10-02,,1968-10-02,,60,Crew,,,,,,,27.3.a.21,,NotApplicable,,,,,,OTT_CRU_70-89_2_35,OTT,,,,,NotRecorded,NotApplicable,NotRecorded,NotApplicable,,So,10,10,1.0000000000000000,1.0000000000000000,CENSUS,276,,,,,,Y,
77390,73593,,FO,N,277,U,N,U,Observer,H,V,Lan,1968-10-03,,1968-10-03,,60,Crew,,,,,,,27.3.a.21,,NotApplicable,,,,,,OTT_CRU_70-89_2_35,OTT,,,,,NotRecorded,NotApplicable,NotRecorded,NotApplicable,,So,10,10,1.0000000000000000,1.0000000000000000,CENSUS,277,,,,,,Y,
77391,73594,,FO,N,278,U,N,U,Observer,H,V,Lan,1968-10-04,,1968-10-04,,60,Crew,,,,,,,27.3.a.21,,NotApplicable,,,,,,OTT_CRU_70-89_2_35,OTT,,,,,NotRecorded,NotApplicable,NotRecorded,NotApplicable,,So,10,10,1.0000000000000000,1.0000000000000000,CENSUS,278,,,,,,Y,
77392,73595,,FO,N,279,U,N,U,Observer,H,V,Lan,1968-10-05,,1968-10-05,,60,Crew,,,,,,,27.3.a.21,,NotApplicable,,,,,,OTT_CRU_70-89_2_35,OTT,,,,,NotRecorded,NotApplicable,NotRecorded,NotApplicable,,So,10,10,1.0000000000000000,1.0000000000000000,CENSUS,279,,,,,,Y,
77393,73596,,FO,N,28,U,N,U,Observer,H,V,Lan,1968-01-28,,1968-01-28,,60,Crew,,,,,,,27.3.a.21,,NotApplicable,,,,,,OTT_CRU_70-89_2_35,OTT,,,,,NotRecorded,NotApplicable,NotRecorded,NotApplicable,,So,10,10,1.0000000000000000,1.0000000000000000,CENSUS,28,,,,,,Y,
77394,73597,,FO,N,280,U,N,U,Observer,H,V,Lan,1968-10-06,,1968-10-06,,60,Crew,,,,,,,27.3.a.21,,NotApplicable,,,,,,OTT_CRU_70-89_2_35,OTT,,,,,NotRecorded,NotApplicable,NotRecorded,NotApplicable,,So,10,10,1.0000000000000000,1.0000000000000000,CENSUS,280,,,,,,Y,
77395,73598,,FO,N,281,U,N,U,Observer,H,V,Lan,1968-10-07,,1968-10-07,,60,Crew,,,,,,,27.3.a.21,,NotApplicable,,,,,,OTT_CRU_70-89_2_35,OTT,,,,,NotRecorded,NotApplicable,NotRecorded,NotApplicable,,So,10,10,1.0000000000000000,1.0000000000000000,CENSUS,281,,,,,,Y,
77396,73599,,FO,N,282,U,N,U,Observer,H,V,Lan,1968-10-08,,1968-10-08,,60,Crew,,,,,,,27.3.a.21,,NotApplicable,,,,,,OTT_CRU_70-89_2_35,OTT,,,,,NotRecorded,NotApplicable,NotRecorded,NotApplicable,,So,10,10,1.0000000000000000,1.0000000000000000,CENSUS,282,,,,,,Y,
77397,73600,,FO,N,283,U,N,U,Observer,H,V,Lan,1968-10-09,,1968-10-09,,60,Crew,,,,,,,27.3.a.21,,NotApplicable,,,,,,OTT_CRU_70-89_2_35,OTT,,,,,NotRecorded,NotApplicable,NotRecorded,NotApplicable,,So,10,10,1.0000000000000000,1.0000000000000000,CENSUS,283,,,,,,Y,
77398,73601,,FO,N,284,U,N,U,Observer,H,V,Lan,1968-10-10,,1968-10-10,,60,Crew,,,,,,,27.3.a.21,,NotApplicable,,,,,,OTT_CRU_70-89_2_35,OTT,,,,,NotRecorded,NotApplicable,NotRecorded,NotApplicable,,So,10,10,1.0000000000000000,1.0000000000000000,CENSUS,284,,,,,,Y,
77399,73602,,FO,N,285,U,N,U,Observer,H,V,Lan,1968-10-11,,1968-10-11,,60,Crew,,,,,,,27.3.a.21,,NotApplicable,,,,,,OTT_CRU_70-89_2_35,OTT,,,,,NotRecorded,NotApplicable,NotRecorded,NotApplicable,,So,10,10,1.0000000000000000,1.0000000000000000,CENSUS,285,,,,,,Y,
77400,73603,,FO,N,286,U,N,U,Observer,H,V,Lan,1968-10-12,,1968-10-12,,60,Crew,,,,,,,27.3.a.21,,NotApplicable,,,,,,OTT_CRU_70-89_2_35,OTT,,,,,NotRecorded,NotApplicable,NotRecorded,NotApplicable,,So,10,10,1.0000000000000000,1.0000000000000000,CENSUS,286,,,,,,Y,
77401,73604,,FO,N,287,U,N,U,Observer,H,V,Lan,1968-10-13,,1968-10-13,,60,Crew,,,,,,,27.3.a.21,,NotApplicable,,,,,,OTT_CRU_70-89_2_35,OTT,,,,,NotRecorded,NotApplicable,NotRecorded,NotApplicable,,So,10,10,1.0000000000000000,1.0000000000000000,CENSUS,287,,,,,,Y,
77402,73605,,FO,N,288,U,N,U,Observer,H,V,Lan,1968-10-14,,1968-10-14,,60,Crew,,,,,,,27.3.a.21,,NotApplicable,,,,,,OTT_CRU_70-89_2_35,OTT,,,,,NotRecorded,NotApplicable,NotRecorded,NotApplicable,,So,10,10,1.0000000000000000,1.0000000000000000,CENSUS,288,,,,,,Y,
77403,73606,,FO,N,289,U,N,U,Observer,H,V,Lan,1968-10-15,,1968-10-15,,60,Crew,,,,,,,27.3.a.21,,NotApplicable,,,,,,OTT_CRU_70-89_2_35,OTT,,,,,NotRecorded,NotApplicable,NotRecorded,NotApplicable,,So,10,10,1.0000000000000000,1.0000000000000000,CENSUS,289,,,,,,Y,
77404,73607,,FO,N,29,U,N,U,Observer,H,V,Lan,1968-01-29,,1968-01-29,,60,Crew,,,,,,,27.3.a.21,,NotApplicable,,,,,,OTT_CRU_70-89_2_35,OTT,,,,,NotRecorded,NotApplicable,NotRecorded,NotApplicable,,So,10,10,1.0000000000000000,1.0000000000000000,CENSUS,29,,,,,,Y,
77405,73608,,FO,N,290,U,N,U,Observer,H,V,Lan,1968-10-16,,1968-10-16,,60,Crew,,,,,,,27.3.a.21,,NotApplicable,,,,,,OTT_CRU_70-89_2_35,OTT,,,,,NotRecorded,NotApplicable,NotRecorded,NotApplicable,,So,10,10,1.0000000000000000,1.0000000000000000,CENSUS,290,,,,,,Y,
77406,73609,,FO,N,291,U,N,U,Observer,H,V,Lan,1968-10-17,,1968-10-17,,60,Crew,,,,,,,27.3.a.21,,NotApplicable,,,,,,OTT_CRU_70-89_2_35,OTT,,,,,NotRecorded,NotApplicable,NotRecorded,NotApplicable,,So,10,10,1.0000000000000000,1.0000000000000000,CENSUS,291,,,,,,Y,
77407,73610,,FO,N,292,U,N,U,Observer,H,V,Lan,1968-10-18,,1968-10-18,,60,Crew,,,,,,,27.3.a.21,,NotApplicable,,,,,,OTT_CRU_70-89_2_35,OTT,,,,,NotRecorded,NotApplicable,NotRecorded,NotApplicable,,So,10,10,1.0000000000000000,1.0000000000000000,CENSUS,292,,,,,,Y,
77408,73611,,FO,N,293,U,N,U,Observer,H,V,Lan,1968-10-19,,1968-10-19,,60,Crew,,,,,,,27.3.a.21,,NotApplicable,,,,,,OTT_CRU_70-89_2_35,OTT,,,,,NotRecorded,NotApplicable,NotRecorded,NotApplicable,,So,10,10,1.0000000000000000,1.0000000000000000,CENSUS,293,,,,,,Y,
77409,73612,,FO,N,294,U,N,U,Observer,H,V,Lan,1968-10-20,,1968-10-20,,60,Crew,,,,,,,27.3.a.21,,NotApplicable,,,,,,OTT_CRU_70-89_2_35,OTT,,,,,NotRecorded,NotApplicable,NotRecorded,NotApplicable,,So,10,10,1.0000000000000000,1.0000000000000000,CENSUS,294,,,,,,Y,
77410,73613,,FO,N,295,U,N,U,Observer,H,V,Lan,1968-10-21,,1968-10-21,,60,Crew,,,,,,,27.3.a.21,,NotApplicable,,,,,,OTT_CRU_70-89_2_35,OTT,,,,,NotRecorded,NotApplicable,NotRecorded,NotApplicable,,So,10,10,1.0000000000000000,1.0000000000000000,CENSUS,295,,,,,,Y,
77411,73614,,FO,N,296,U,N,U,Observer,H,V,Lan,1968-10-22,,1968-10-22,,60,Crew,,,,,,,27.3.a.21,,NotApplicable,,,,,,OTT_CRU_70-89_2_35,OTT,,,,,NotRecorded,NotApplicable,NotRecorded,NotApplicable,,So,10,10,1.0000000000000000,1.0000000000000000,CENSUS,296,,,,,,Y,
77412,73615,,FO,N,297,U,N,U,Observer,H,V,Lan,1968-10-23,,1968-10-23,,60,Crew,,,,,,,27.3.a.21,,NotApplicable,,,,,,OTT_CRU_70-89_2_35,OTT,,,,,NotRecorded,NotApplicable,NotRecorded,NotApplicable,,So,10,10,1.0000000000000000,1.0000000000000000,CENSUS,297,,,,,,Y,
77413,73616,,FO,N,298,U,N,U,Observer,H,V,Lan,1968-10-24,,1968-10-24,,60,Crew,,,,,,,27.3.a.21,,NotApplicable,,,,,,OTT_CRU_70-89_2_35,OTT,,,,,NotRecorded,NotApplicable,NotRecorded,NotApplicable,,So,10,10,1.0000000000000000,1.0000000000000000,CENSUS,298,,,,,,Y,
77414,73617,,FO,N,299,U,N,U,Observer,H,V,Lan,1968-10-25,,1968-10-25,,60,Crew,,,,,,,27.3.a.21,,NotApplicable,,,,,,OTT_CRU_70-89_2_35,OTT,,,,,NotRecorded,NotApplicable,NotRecorded,NotApplicable,,So,10,10,1.0000000000000000,1.0000000000000000,CENSUS,299,,,,,,Y,
77415,73618,,FO,N,3,U,N,U,Observer,H,V,Lan,1968-01-03,,1968-01-03,,60,Crew,,,,,,,27.3.a.21,,NotApplicable,,,,,,OTT_CRU_70-89_2_35,OTT,,,,,NotRecorded,NotApplicable,NotRecorded,NotApplicable,,So,10,10,1.0000000000000000,1.0000000000000000,CENSUS,3,,,,,,Y,
77416,73619,,FO,N,30,U,N,U,Observer,H,V,Lan,1968-01-30,,1968-01-30,,60,Crew,,,,,,,27.3.a.21,,NotApplicable,,,,,,OTT_CRU_70-89_2_35,OTT,,,,,NotRecorded,NotApplicable,NotRecorded,NotApplicable,,So,10,10,1.0000000000000000,1.0000000000000000,CENSUS,30,,,,,,Y,
77417,73620,,FO,N,300,U,N,U,Observer,H,V,Lan,1968-10-26,,1968-10-26,,60,Crew,,,,,,,27.3.a.21,,NotApplicable,,,,,,OTT_CRU_70-89_2_35,OTT,,,,,NotRecorded,NotApplicable,NotRecorded,NotApplicable,,So,10,10,1.0000000000000000,1.0000000000000000,CENSUS,300,,,,,,Y,
77418,73621,,FO,N,31,U,N,U,Observer,H,V,Lan,1968-01-31,,1968-01-31,,60,Crew,,,,,,,27.3.a.21,,NotApplicable,,,,,,OTT_CRU_70-89_2_35,OTT,,,,,NotRecorded,NotApplicable,NotRecorded,NotApplicable,,So,10,10,1.0000000000000000,1.0000000000000000,CENSUS,31,,,,,,Y,
77419,73622,,FO,N,32,U,N,U,Observer,H,V,Lan,1968-02-01,,1968-02-01,,60,Crew,,,,,,,27.3.a.21,,NotApplicable,,,,,,OTT_CRU_70-89_2_35,OTT,,,,,NotRecorded,NotApplicable,NotRecorded,NotApplicable,,So,10,10,1.0000000000000000,1.0000000000000000,CENSUS,32,,,,,,Y,
77420,73623,,FO,N,33,U,N,U,Observer,H,V,Lan,1968-02-02,,1968-02-02,,60,Crew,,,,,,,27.3.a.21,,NotApplicable,,,,,,OTT_CRU_70-89_2_35,OTT,,,,,NotRecorded,NotApplicable,NotRecorded,NotApplicable,,So,10,10,1.0000000000000000,1.0000000000000000,CENSUS,33,,,,,,Y,
77421,73624,,FO,N,34,U,N,U,Observer,H,V,Lan,1968-02-03,,1968-02-03,,60,Crew,,,,,,,27.3.a.21,,NotApplicable,,,,,,OTT_CRU_70-89_2_35,OTT,,,,,NotRecorded,NotApplicable,NotRecorded,NotApplicable,,So,10,10,1.0000000000000000,1.0000000000000000,CENSUS,34,,,,,,Y,
77422,73625,,FO,N,35,U,N,U,Observer,H,V,Lan,1968-02-04,,1968-02-04,,60,Crew,,,,,,,27.3.a.21,,NotApplicable,,,,,,OTT_CRU_70-89_2_35,OTT,,,,,NotRecorded,NotApplicable,NotRecorded,NotApplicable,,So,10,10,1.0000000000000000,1.0000000000000000,CENSUS,35,,,,,,Y,
77423,73626,,FO,N,36,U,N,U,Observer,H,V,Lan,1968-02-05,,1968-02-05,,60,Crew,,,,,,,27.3.a.21,,NotApplicable,,,,,,OTT_CRU_70-89_2_35,OTT,,,,,NotRecorded,NotApplicable,NotRecorded,NotApplicable,,So,10,10,1.0000000000000000,1.0000000000000000,CENSUS,36,,,,,,Y,
77424,73627,,FO,N,37,U,N,U,Observer,H,V,Lan,1968-02-06,,1968-02-06,,60,Crew,,,,,,,27.3.a.21,,NotApplicable,,,,,,OTT_CRU_70-89_2_35,OTT,,,,,NotRecorded,NotApplicable,NotRecorded,NotApplicable,,So,10,10,1.0000000000000000,1.0000000000000000,CENSUS,37,,,,,,Y,
77425,73628,,FO,N,38,U,N,U,Observer,H,V,Lan,1968-02-07,,1968-02-07,,60,Crew,,,,,,,27.3.a.21,,NotApplicable,,,,,,OTT_CRU_70-89_2_35,OTT,,,,,NotRecorded,NotApplicable,NotRecorded,NotApplicable,,So,10,10,1.0000000000000000,1.0000000000000000,CENSUS,38,,,,,,Y,
77426,73629,,FO,N,39,U,N,U,Observer,H,V,Lan,1968-02-08,,1968-02-08,,60,Crew,,,,,,,27.3.a.21,,NotApplicable,,,,,,OTT_CRU_70-89_2_35,OTT,,,,,NotRecorded,NotApplicable,NotRecorded,NotApplicable,,So,10,10,1.0000000000000000,1.0000000000000000,CENSUS,39,,,,,,Y,
77427,73630,,FO,N,4,U,N,U,Observer,H,V,Lan,1968-01-04,,1968-01-04,,60,Crew,,,,,,,27.3.a.21,,NotApplicable,,,,,,OTT_CRU_70-89_2_35,OTT,,,,,NotRecorded,NotApplicable,NotRecorded,NotApplicable,,So,10,10,1.0000000000000000,1.0000000000000000,CENSUS,4,,,,,,Y,
77428,73631,,FO,N,40,U,N,U,Observer,H,V,Lan,1968-02-09,,1968-02-09,,60,Crew,,,,,,,27.3.a.21,,NotApplicable,,,,,,OTT_CRU_70-89_2_35,OTT,,,,,NotRecorded,NotApplicable,NotRecorded,NotApplicable,,So,10,10,1.0000000000000000,1.0000000000000000,CENSUS,40,,,,,,Y,
77429,73632,,FO,N,41,U,N,U,Observer,H,V,Lan,1968-02-10,,1968-02-10,,60,Crew,,,,,,,27.3.a.21,,NotApplicable,,,,,,OTT_CRU_70-89_2_35,OTT,,,,,NotRecorded,NotApplicable,NotRecorded,NotApplicable,,So,10,10,1.0000000000000000,1.0000000000000000,CENSUS,41,,,,,,Y,
77430,73633,,FO,N,42,U,N,U,Observer,H,V,Lan,1968-02-11,,1968-02-11,,60,Crew,,,,,,,27.3.a.21,,NotApplicable,,,,,,OTT_CRU_70-89_2_35,OTT,,,,,NotRecorded,NotApplicable,NotRecorded,NotApplicable,,So,10,10,1.0000000000000000,1.0000000000000000,CENSUS,42,,,,,,Y,
77431,73634,,FO,N,43,U,N,U,Observer,H,V,Lan,1968-02-12,,1968-02-12,,60,Crew,,,,,,,27.3.a.21,,NotApplicable,,,,,,OTT_CRU_70-89_2_35,OTT,,,,,NotRecorded,NotApplicable,NotRecorded,NotApplicable,,So,10,10,1.0000000000000000,1.0000000000000000,CENSUS,43,,,,,,Y,
77432,73635,,FO,N,44,U,N,U,Observer,H,V,Lan,1968-02-13,,1968-02-13,,60,Crew,,,,,,,27.3.a.21,,NotApplicable,,,,,,OTT_CRU_70-89_2_35,OTT,,,,,NotRecorded,NotApplicable,NotRecorded,NotApplicable,,So,10,10,1.0000000000000000,1.0000000000000000,CENSUS,44,,,,,,Y,
77433,73636,,FO,N,45,U,N,U,Observer,H,V,Lan,1968-02-14,,1968-02-14,,60,Crew,,,,,,,27.3.a.21,,NotApplicable,,,,,,OTT_CRU_70-89_2_35,OTT,,,,,NotRecorded,NotApplicable,NotRecorded,NotApplicable,,So,10,10,1.0000000000000000,1.0000000000000000,CENSUS,45,,,,,,Y,
77434,73637,,FO,N,46,U,N,U,Observer,H,V,Lan,1968-02-15,,1968-02-15,,60,Crew,,,,,,,27.3.a.21,,NotApplicable,,,,,,OTT_CRU_70-89_2_35,OTT,,,,,NotRecorded,NotApplicable,NotRecorded,NotApplicable,,So,10,10,1.0000000000000000,1.0000000000000000,CENSUS,46,,,,,,Y,
77435,73638,,FO,N,47,U,N,U,Observer,H,V,Lan,1968-02-16,,1968-02-16,,60,Crew,,,,,,,27.3.a.21,,NotApplicable,,,,,,OTT_CRU_70-89_2_35,OTT,,,,,NotRecorded,NotApplicable,NotRecorded,NotApplicable,,So,10,10,1.0000000000000000,1.0000000000000000,CENSUS,47,,,,,,Y,
77436,73639,,FO,N,48,U,N,U,Observer,H,V,Lan,1968-02-17,,1968-02-17,,60,Crew,,,,,,,27.3.a.21,,NotApplicable,,,,,,OTT_CRU_70-89_2_35,OTT,,,,,NotRecorded,NotApplicable,NotRecorded,NotApplicable,,So,10,10,1.0000000000000000,1.0000000000000000,CENSUS,48,,,,,,Y,
77437,73640,,FO,N,49,U,N,U,Observer,H,V,Lan,1968-02-18,,1968-02-18,,60,Crew,,,,,,,27.3.a.21,,NotApplicable,,,,,,OTT_CRU_70-89_2_35,OTT,,,,,NotRecorded,NotApplicable,NotRecorded,NotApplicable,,So,10,10,1.0000000000000000,1.0000000000000000,CENSUS,49,,,,,,Y,
77438,73641,,FO,N,5,U,N,U,Observer,H,V,Lan,1968-01-05,,1968-01-05,,60,Crew,,,,,,,27.3.a.21,,NotApplicable,,,,,,OTT_CRU_70-89_2_35,OTT,,,,,NotRecorded,NotApplicable,NotRecorded,NotApplicable,,So,10,10,1.0000000000000000,1.0000000000000000,CENSUS,5,,,,,,Y,
77439,73642,,FO,N,50,U,N,U,Observer,H,V,Lan,1968-02-19,,1968-02-19,,60,Crew,,,,,,,27.3.a.21,,NotApplicable,,,,,,OTT_CRU_70-89_2_35,OTT,,,,,NotRecorded,NotApplicable,NotRecorded,NotApplicable,,So,10,10,1.0000000000000000,1.0000000000000000,CENSUS,50,,,,,,Y,
77440,73643,,FO,N,51,U,N,U,Observer,H,V,Lan,1968-02-20,,1968-02-20,,60,Crew,,,,,,,27.3.a.21,,NotApplicable,,,,,,OTT_CRU_70-89_2_35,OTT,,,,,NotRecorded,NotApplicable,NotRecorded,NotApplicable,,So,10,10,1.0000000000000000,1.0000000000000000,CENSUS,51,,,,,,Y,
77441,73644,,FO,N,52,U,N,U,Observer,H,V,Lan,1968-02-21,,1968-02-21,,60,Crew,,,,,,,27.3.a.21,,NotApplicable,,,,,,OTT_CRU_70-89_2_35,OTT,,,,,NotRecorded,NotApplicable,NotRecorded,NotApplicable,,So,10,10,1.0000000000000000,1.0000000000000000,CENSUS,52,,,,,,Y,
77442,73645,,FO,N,53,U,N,U,Observer,H,V,Lan,1968-02-22,,1968-02-22,,60,Crew,,,,,,,27.3.a.21,,NotApplicable,,,,,,OTT_CRU_70-89_2_35,OTT,,,,,NotRecorded,NotApplicable,NotRecorded,NotApplicable,,So,10,10,1.0000000000000000,1.0000000000000000,CENSUS,53,,,,,,Y,
77443,73646,,FO,N,54,U,N,U,Observer,H,V,Lan,1968-02-23,,1968-02-23,,60,Crew,,,,,,,27.3.a.21,,NotApplicable,,,,,,OTT_CRU_70-89_2_35,OTT,,,,,NotRecorded,NotApplicable,NotRecorded,NotApplicable,,So,10,10,1.0000000000000000,1.0000000000000000,CENSUS,54,,,,,,Y,
77444,73647,,FO,N,55,U,N,U,Observer,H,V,Lan,1968-02-24,,1968-02-24,,60,Crew,,,,,,,27.3.a.21,,NotApplicable,,,,,,OTT_CRU_70-89_2_35,OTT,,,,,NotRecorded,NotApplicable,NotRecorded,NotApplicable,,So,10,10,1.0000000000000000,1.0000000000000000,CENSUS,55,,,,,,Y,
77445,73648,,FO,N,56,U,N,U,Observer,H,V,Lan,1968-02-25,,1968-02-25,,60,Crew,,,,,,,27.3.a.21,,NotApplicable,,,,,,OTT_CRU_70-89_2_35,OTT,,,,,NotRecorded,NotApplicable,NotRecorded,NotApplicable,,So,10,10,1.0000000000000000,1.0000000000000000,CENSUS,56,,,,,,Y,
77446,73649,,FO,N,57,U,N,U,Observer,H,V,Lan,1968-02-26,,1968-02-26,,60,Crew,,,,,,,27.3.a.21,,NotApplicable,,,,,,OTT_CRU_70-89_2_35,OTT,,,,,NotRecorded,NotApplicable,NotRecorded,NotApplicable,,So,10,10,1.0000000000000000,1.0000000000000000,CENSUS,57,,,,,,Y,
77447,73650,,FO,N,58,U,N,U,Observer,H,V,Lan,1968-02-27,,1968-02-27,,60,Crew,,,,,,,27.3.a.21,,NotApplicable,,,,,,OTT_CRU_70-89_2_35,OTT,,,,,NotRecorded,NotApplicable,NotRecorded,NotApplicable,,So,10,10,1.0000000000000000,1.0000000000000000,CENSUS,58,,,,,,Y,
77448,73651,,FO,N,59,U,N,U,Observer,H,V,Lan,1968-02-28,,1968-02-28,,60,Crew,,,,,,,27.3.a.21,,NotApplicable,,,,,,OTT_CRU_70-89_2_35,OTT,,,,,NotRecorded,NotApplicable,NotRecorded,NotApplicable,,So,10,10,1.0000000000000000,1.0000000000000000,CENSUS,59,,,,,,Y,
77449,73652,,FO,N,6,U,N,U,Observer,H,V,Lan,1968-01-06,,1968-01-06,,60,Crew,,,,,,,27.3.a.21,,NotApplicable,,,,,,OTT_CRU_70-89_2_35,OTT,,,,,NotRecorded,NotApplicable,NotRecorded,NotApplicable,,So,10,10,1.0000000000000000,1.0000000000000000,CENSUS,6,,,,,,Y,
77450,73653,,FO,N,60,U,N,U,Observer,H,V,Lan,1968-02-29,,1968-02-29,,60,Crew,,,,,,,27.3.a.21,,NotApplicable,,,,,,OTT_CRU_70-89_2_35,OTT,,,,,NotRecorded,NotApplicable,NotRecorded,NotApplicable,,So,10,10,1.0000000000000000,1.0000000000000000,CENSUS,60,,,,,,Y,
77451,73654,,FO,N,61,U,N,U,Observer,H,V,Lan,1968-03-01,,1968-03-01,,60,Crew,,,,,,,27.3.a.21,,NotApplicable,,,,,,OTT_CRU_70-89_2_35,OTT,,,,,NotRecorded,NotApplicable,NotRecorded,NotApplicable,,So,10,10,1.0000000000000000,1.0000000000000000,CENSUS,61,,,,,,Y,
77452,73655,,FO,N,62,U,N,U,Observer,H,V,Lan,1968-03-02,,1968-03-02,,60,Crew,,,,,,,27.3.a.21,,NotApplicable,,,,,,OTT_CRU_70-89_2_35,OTT,,,,,NotRecorded,NotApplicable,NotRecorded,NotApplicable,,So,10,10,1.0000000000000000,1.0000000000000000,CENSUS,62,,,,,,Y,
77453,73656,,FO,N,63,U,N,U,Observer,H,V,Lan,1968-03-03,,1968-03-03,,60,Crew,,,,,,,27.3.a.21,,NotApplicable,,,,,,OTT_CRU_70-89_2_35,OTT,,,,,NotRecorded,NotApplicable,NotRecorded,NotApplicable,,So,10,10,1.0000000000000000,1.0000000000000000,CENSUS,63,,,,,,Y,
77454,73657,,FO,N,64,U,N,U,Observer,H,V,Lan,1968-03-04,,1968-03-04,,60,Crew,,,,,,,27.3.a.21,,NotApplicable,,,,,,OTT_CRU_70-89_2_35,OTT,,,,,NotRecorded,NotApplicable,NotRecorded,NotApplicable,,So,10,10,1.0000000000000000,1.0000000000000000,CENSUS,64,,,,,,Y,
77455,73658,,FO,N,65,U,N,U,Observer,H,V,Lan,1968-03-05,,1968-03-05,,60,Crew,,,,,,,27.3.a.21,,NotApplicable,,,,,,OTT_CRU_70-89_2_35,OTT,,,,,NotRecorded,NotApplicable,NotRecorded,NotApplicable,,So,10,10,1.0000000000000000,1.0000000000000000,CENSUS,65,,,,,,Y,
77456,73659,,FO,N,66,U,N,U,Observer,H,V,Lan,1968-03-06,,1968-03-06,,60,Crew,,,,,,,27.3.a.21,,NotApplicable,,,,,,OTT_CRU_70-89_2_35,OTT,,,,,NotRecorded,NotApplicable,NotRecorded,NotApplicable,,So,10,10,1.0000000000000000,1.0000000000000000,CENSUS,66,,,,,,Y,
77457,73660,,FO,N,67,U,N,U,Observer,H,V,Lan,1968-03-07,,1968-03-07,,60,Crew,,,,,,,27.3.a.21,,NotApplicable,,,,,,OTT_CRU_70-89_2_35,OTT,,,,,NotRecorded,NotApplicable,NotRecorded,NotApplicable,,So,10,10,1.0000000000000000,1.0000000000000000,CENSUS,67,,,,,,Y,
77458,73661,,FO,N,68,U,N,U,Observer,H,V,Lan,1968-03-08,,1968-03-08,,60,Crew,,,,,,,27.3.a.21,,NotApplicable,,,,,,OTT_CRU_70-89_2_35,OTT,,,,,NotRecorded,NotApplicable,NotRecorded,NotApplicable,,So,10,10,1.0000000000000000,1.0000000000000000,CENSUS,68,,,,,,Y,
77459,73662,,FO,N,69,U,N,U,Observer,H,V,Lan,1968-03-09,,1968-03-09,,60,Crew,,,,,,,27.3.a.21,,NotApplicable,,,,,,OTT_CRU_70-89_2_35,OTT,,,,,NotRecorded,NotApplicable,NotRecorded,NotApplicable,,So,10,10,1.0000000000000000,1.0000000000000000,CENSUS,69,,,,,,Y,
77460,73663,,FO,N,7,U,N,U,Observer,H,V,Lan,1968-01-07,,1968-01-07,,60,Crew,,,,,,,27.3.a.21,,NotApplicable,,,,,,OTT_CRU_70-89_2_35,OTT,,,,,NotRecorded,NotApplicable,NotRecorded,NotApplicable,,So,10,10,1.0000000000000000,1.0000000000000000,CENSUS,7,,,,,,Y,
77461,73664,,FO,N,70,U,N,U,Observer,H,V,Lan,1968-03-10,,1968-03-10,,60,Crew,,,,,,,27.3.a.21,,NotApplicable,,,,,,OTT_CRU_70-89_2_35,OTT,,,,,NotRecorded,NotApplicable,NotRecorded,NotApplicable,,So,10,10,1.0000000000000000,1.0000000000000000,CENSUS,70,,,,,,Y,
77462,73665,,FO,N,71,U,N,U,Observer,H,V,Lan,1968-03-11,,1968-03-11,,60,Crew,,,,,,,27.3.a.21,,NotApplicable,,,,,,OTT_CRU_70-89_2_35,OTT,,,,,NotRecorded,NotApplicable,NotRecorded,NotApplicable,,So,10,10,1.0000000000000000,1.0000000000000000,CENSUS,71,,,,,,Y,
77463,73666,,FO,N,72,U,N,U,Observer,H,V,Lan,1968-03-12,,1968-03-12,,60,Crew,,,,,,,27.3.a.21,,NotApplicable,,,,,,OTT_CRU_70-89_2_35,OTT,,,,,NotRecorded,NotApplicable,NotRecorded,NotApplicable,,So,10,10,1.0000000000000000,1.0000000000000000,CENSUS,72,,,,,,Y,
77464,73667,,FO,N,73,U,N,U,Observer,H,V,Lan,1968-03-13,,1968-03-13,,60,Crew,,,,,,,27.3.a.21,,NotApplicable,,,,,,OTT_CRU_70-89_2_35,OTT,,,,,NotRecorded,NotApplicable,NotRecorded,NotApplicable,,So,10,10,1.0000000000000000,1.0000000000000000,CENSUS,73,,,,,,Y,
77465,73668,,FO,N,74,U,N,U,Observer,H,V,Lan,1968-03-14,,1968-03-14,,60,Crew,,,,,,,27.3.a.21,,NotApplicable,,,,,,OTT_CRU_70-89_2_35,OTT,,,,,NotRecorded,NotApplicable,NotRecorded,NotApplicable,,So,10,10,1.0000000000000000,1.0000000000000000,CENSUS,74,,,,,,Y,
77466,73669,,FO,N,75,U,N,U,Observer,H,V,Lan,1968-03-15,,1968-03-15,,60,Crew,,,,,,,27.3.a.21,,NotApplicable,,,,,,OTT_CRU_70-89_2_35,OTT,,,,,NotRecorded,NotApplicable,NotRecorded,NotApplicable,,So,10,10,1.0000000000000000,1.0000000000000000,CENSUS,75,,,,,,Y,
77467,73670,,FO,N,76,U,N,U,Observer,H,V,Lan,1968-03-16,,1968-03-16,,60,Crew,,,,,,,27.3.a.21,,NotApplicable,,,,,,OTT_CRU_70-89_2_35,OTT,,,,,NotRecorded,NotApplicable,NotRecorded,NotApplicable,,So,10,10,1.0000000000000000,1.0000000000000000,CENSUS,76,,,,,,Y,
77468,73671,,FO,N,77,U,N,U,Observer,H,V,Lan,1968-03-17,,1968-03-17,,60,Crew,,,,,,,27.3.a.21,,NotApplicable,,,,,,OTT_CRU_70-89_2_35,OTT,,,,,NotRecorded,NotApplicable,NotRecorded,NotApplicable,,So,10,10,1.0000000000000000,1.0000000000000000,CENSUS,77,,,,,,Y,
77469,73672,,FO,N,78,U,N,U,Observer,H,V,Lan,1968-03-18,,1968-03-18,,60,Crew,,,,,,,27.3.a.21,,NotApplicable,,,,,,OTT_CRU_70-89_2_35,OTT,,,,,NotRecorded,NotApplicable,NotRecorded,NotApplicable,,So,10,10,1.0000000000000000,1.0000000000000000,CENSUS,78,,,,,,Y,
77470,73673,,FO,N,79,U,N,U,Observer,H,V,Lan,1968-03-19,,1968-03-19,,60,Crew,,,,,,,27.3.a.21,,NotApplicable,,,,,,OTT_CRU_70-89_2_35,OTT,,,,,NotRecorded,NotApplicable,NotRecorded,NotApplicable,,So,10,10,1.0000000000000000,1.0000000000000000,CENSUS,79,,,,,,Y,
77471,73674,,FO,N,8,U,N,U,Observer,H,V,Lan,1968-01-08,,1968-01-08,,60,Crew,,,,,,,27.3.a.21,,NotApplicable,,,,,,OTT_CRU_70-89_2_35,OTT,,,,,NotRecorded,NotApplicable,NotRecorded,NotApplicable,,So,10,10,1.0000000000000000,1.0000000000000000,CENSUS,8,,,,,,Y,
77472,73675,,FO,N,80,U,N,U,Observer,H,V,Lan,1968-03-20,,1968-03-20,,60,Crew,,,,,,,27.3.a.21,,NotApplicable,,,,,,OTT_CRU_70-89_2_35,OTT,,,,,NotRecorded,NotApplicable,NotRecorded,NotApplicable,,So,10,10,1.0000000000000000,1.0000000000000000,CENSUS,80,,,,,,Y,
77473,73676,,FO,N,81,U,N,U,Observer,H,V,Lan,1968-03-21,,1968-03-21,,60,Crew,,,,,,,27.3.a.21,,NotApplicable,,,,,,OTT_CRU_70-89_2_35,OTT,,,,,NotRecorded,NotApplicable,NotRecorded,NotApplicable,,So,10,10,1.0000000000000000,1.0000000000000000,CENSUS,81,,,,,,Y,
77474,73677,,FO,N,82,U,N,U,Observer,H,V,Lan,1968-03-22,,1968-03-22,,60,Crew,,,,,,,27.3.a.21,,NotApplicable,,,,,,OTT_CRU_70-89_2_35,OTT,,,,,NotRecorded,NotApplicable,NotRecorded,NotApplicable,,So,10,10,1.0000000000000000,1.0000000000000000,CENSUS,82,,,,,,Y,
77475,73678,,FO,N,83,U,N,U,Observer,H,V,Lan,1968-03-23,,1968-03-23,,60,Crew,,,,,,,27.3.a.21,,NotApplicable,,,,,,OTT_CRU_70-89_2_35,OTT,,,,,NotRecorded,NotApplicable,NotRecorded,NotApplicable,,So,10,10,1.0000000000000000,1.0000000000000000,CENSUS,83,,,,,,Y,
77476,73679,,FO,N,84,U,N,U,Observer,H,V,Lan,1968-03-24,,1968-03-24,,60,Crew,,,,,,,27.3.a.21,,NotApplicable,,,,,,OTT_CRU_70-89_2_35,OTT,,,,,NotRecorded,NotApplicable,NotRecorded,NotApplicable,,So,10,10,1.0000000000000000,1.0000000000000000,CENSUS,84,,,,,,Y,
77477,73680,,FO,N,85,U,N,U,Observer,H,V,Lan,1968-03-25,,1968-03-25,,60,Crew,,,,,,,27.3.a.21,,NotApplicable,,,,,,OTT_CRU_70-89_2_35,OTT,,,,,NotRecorded,NotApplicable,NotRecorded,NotApplicable,,So,10,10,1.0000000000000000,1.0000000000000000,CENSUS,85,,,,,,Y,
77478,73681,,FO,N,86,U,N,U,Observer,H,V,Lan,1968-03-26,,1968-03-26,,60,Crew,,,,,,,27.3.a.21,,NotApplicable,,,,,,OTT_CRU_70-89_2_35,OTT,,,,,NotRecorded,NotApplicable,NotRecorded,NotApplicable,,So,10,10,1.0000000000000000,1.0000000000000000,CENSUS,86,,,,,,Y,
77479,73682,,FO,N,87,U,N,U,Observer,H,V,Lan,1968-03-27,,1968-03-27,,60,Crew,,,,,,,27.3.a.21,,NotApplicable,,,,,,OTT_CRU_70-89_2_35,OTT,,,,,NotRecorded,NotApplicable,NotRecorded,NotApplicable,,So,10,10,1.0000000000000000,1.0000000000000000,CENSUS,87,,,,,,Y,
77480,73683,,FO,N,88,U,N,U,Observer,H,V,Lan,1968-03-28,,1968-03-28,,60,Crew,,,,,,,27.3.a.21,,NotApplicable,,,,,,OTT_CRU_70-89_2_35,OTT,,,,,NotRecorded,NotApplicable,NotRecorded,NotApplicable,,So,10,10,1.0000000000000000,1.0000000000000000,CENSUS,88,,,,,,Y,
77481,73684,,FO,N,89,U,N,U,Observer,H,V,Lan,1968-03-29,,1968-03-29,,60,Crew,,,,,,,27.3.a.21,,NotApplicable,,,,,,OTT_CRU_70-89_2_35,OTT,,,,,NotRecorded,NotApplicable,NotRecorded,NotApplicable,,So,10,10,1.0000000000000000,1.0000000000000000,CENSUS,89,,,,,,Y,
77482,73685,,FO,N,9,U,N,U,Observer,H,V,Lan,1968-01-09,,1968-01-09,,60,Crew,,,,,,,27.3.a.21,,NotApplicable,,,,,,OTT_CRU_70-89_2_35,OTT,,,,,NotRecorded,NotApplicable,NotRecorded,NotApplicable,,So,10,10,1.0000000000000000,1.0000000000000000,CENSUS,9,,,,,,Y,
77483,73686,,FO,N,90,U,N,U,Observer,H,V,Lan,1968-03-30,,1968-03-30,,60,Crew,,,,,,,27.3.a.21,,NotApplicable,,,,,,OTT_CRU_70-89_2_35,OTT,,,,,NotRecorded,NotApplicable,NotRecorded,NotApplicable,,So,10,10,1.0000000000000000,1.0000000000000000,CENSUS,90,,,,,,Y,
77484,73687,,FO,N,91,U,N,U,Observer,H,V,Lan,1968-03-31,,1968-03-31,,60,Crew,,,,,,,27.3.a.21,,NotApplicable,,,,,,OTT_CRU_70-89_2_35,OTT,,,,,NotRecorded,NotApplicable,NotRecorded,NotApplicable,,So,10,10,1.0000000000000000,1.0000000000000000,CENSUS,91,,,,,,Y,
77485,73688,,FO,N,92,U,N,U,Observer,H,V,Lan,1968-04-01,,1968-04-01,,60,Crew,,,,,,,27.3.a.21,,NotApplicable,,,,,,OTT_CRU_70-89_2_35,OTT,,,,,NotRecorded,NotApplicable,NotRecorded,NotApplicable,,So,10,10,1.0000000000000000,1.0000000000000000,CENSUS,92,,,,,,Y,
77486,73689,,FO,N,93,U,N,U,Observer,H,V,Lan,1968-04-02,,1968-04-02,,60,Crew,,,,,,,27.3.a.21,,NotApplicable,,,,,,OTT_CRU_70-89_2_35,OTT,,,,,NotRecorded,NotApplicable,NotRecorded,NotApplicable,,So,10,10,1.0000000000000000,1.0000000000000000,CENSUS,93,,,,,,Y,
77487,73690,,FO,N,94,U,N,U,Observer,H,V,Lan,1968-04-03,,1968-04-03,,60,Crew,,,,,,,27.3.a.21,,NotApplicable,,,,,,OTT_CRU_70-89_2_35,OTT,,,,,NotRecorded,NotApplicable,NotRecorded,NotApplicable,,So,10,10,1.0000000000000000,1.0000000000000000,CENSUS,94,,,,,,Y,
77488,73691,,FO,N,95,U,N,U,Observer,H,V,Lan,1968-04-04,,1968-04-04,,60,Crew,,,,,,,27.3.a.21,,NotApplicable,,,,,,OTT_CRU_70-89_2_35,OTT,,,,,NotRecorded,NotApplicable,NotRecorded,NotApplicable,,So,10,10,1.0000000000000000,1.0000000000000000,CENSUS,95,,,,,,Y,
77489,73692,,FO,N,96,U,N,U,Observer,H,V,Lan,1968-04-05,,1968-04-05,,60,Crew,,,,,,,27.3.a.21,,NotApplicable,,,,,,OTT_CRU_70-89_2_35,OTT,,,,,NotRecorded,NotApplicable,NotRecorded,NotApplicable,,So,10,10,1.0000000000000000,1.0000000000000000,CENSUS,96,,,,,,Y,
77490,73693,,FO,N,97,U,N,U,Observer,H,V,Lan,1968-04-06,,1968-04-06,,60,Crew,,,,,,,27.3.a.21,,NotApplicable,,,,,,OTT_CRU_70-89_2_35,OTT,,,,,NotRecorded,NotApplicable,NotRecorded,NotApplicable,,So,10,10,1.0000000000000000,1.0000000000000000,CENSUS,97,,,,,,Y,
77491,73694,,FO,N,98,U,N,U,Observer,H,V,Lan,1968-04-07,,1968-04-07,,60,Crew,,,,,,,27.3.a.21,,NotApplicable,,,,,,OTT_CRU_70-89_2_35,OTT,,,,,NotRecorded,NotApplicable,NotRecorded,NotApplicable,,So,10,10,1.0000000000000000,1.0000000000000000,CENSUS,98,,,,,,Y,
77492,73695,,FO,N,99,U,N,U,Observer,H,V,Lan,1968-04-08,,1968-04-08,,60,Crew,,,,,,,27.3.a.21,,NotApplicable,,,,,,OTT_CRU_70-89_2_35,OTT,,,,,NotRecorded,NotApplicable,NotRecorded,NotApplicable,,So,10,10,1.0000000000000000,1.0000000000000000,CENSUS,99,,,,,,Y,
