SAid,SSid,LEid,SArecordType,SAsequenceNumber,SAparentSequenceNumber,SAstratification,SAstratumName,SAspeciesCode,SAspeciesCodeFAO,SAstateOfProcessing,SApresentation,SAspecimensState,SAcatchCategory,SAlandingCategory,SAcommSizeCatScale,SAcommSizeCat,SAsex,SAexclusiveEconomicZoneIndicator,SAarea,SArectangle,SAgsaSubarea,SAjurisdictionArea,SAnationalFishingActivity,SAmetier5,SAmetier6,SAgear,SAmeshSize,SAselectionDevice,SAselectionDeviceMeshSize,SAunitType,SAtotalWeightLive,SAsampleWeightLive,SAnumberTotal,SAnumberSampled,SAselectionProb,SAinclusionProb,SAselectionMethod,SAunitName,SAlowerHierarchy,SAsampler,SAsampled,SAreasonNotSampledFM,SAreasonNotSampledBV,SAtotalWeightMeasured,SAsampleWeightMeasured,SAconversionFactorMeasLive
668688,117657,,SA,1,,N,U,107254,NEP,FRE,WHL,DeadOrZeroProbSurvival,Lan,,,,U,,,,NotApplicable,,,,,,,,,Box,,,1.0,1.0,1.0000000000000000,1.0000000000000000,CENSUS,1,D,Observer,N,,,175209,175209,1.000
668689,117658,,SA,10,,N,U,107254,NEP,FRE,WHL,DeadOrZeroProbSurvival,Lan,,,,U,,,,NotApplicable,,,,,,,,,Box,,,1.0,1.0,1.0000000000000000,1.0000000000000000,CENSUS,10,D,Observer,N,,,219444,219444,1.000
668690,117659,,SA,100,,N,U,107254,NEP,FRE,WHL,DeadOrZeroProbSurvival,Lan,,,,U,,,,NotApplicable,,,,,,,,,Box,,,1.0,1.0,1.0000000000000000,1.0000000000000000,CENSUS,100,D,Observer,N,,,99527,99527,1.000
668691,117660,,SA,101,,N,U,107254,NEP,FRE,WHL,DeadOrZeroProbSurvival,Lan,,,,U,,,,NotApplicable,,,,,,,,,Box,,,1.0,1.0,1.0000000000000000,1.0000000000000000,CENSUS,101,D,Observer,N,,,144254,144254,1.000
668692,117661,,SA,102,,N,U,107254,NEP,FRE,WHL,DeadOrZeroProbSurvival,Lan,,,,U,,,,NotApplicable,,,,,,,,,Box,,,1.0,1.0,1.0000000000000000,1.0000000000000000,CENSUS,102,D,Observer,N,,,135179,135179,1.000
668693,117662,,SA,103,,N,U,107254,NEP,FRE,WHL,DeadOrZeroProbSurvival,Lan,,,,U,,,,NotApplicable,,,,,,,,,Box,,,1.0,1.0,1.0000000000000000,1.0000000000000000,CENSUS,103,D,Observer,N,,,117768,117768,1.000
668694,117663,,SA,104,,N,U,107254,NEP,FRE,WHL,DeadOrZeroProbSurvival,Lan,,,,U,,,,NotApplicable,,,,,,,,,Box,,,1.0,1.0,1.0000000000000000,1.0000000000000000,CENSUS,104,D,Observer,N,,,196701,196701,1.000
668695,117664,,SA,105,,N,U,107254,NEP,FRE,WHL,DeadOrZeroProbSurvival,Lan,,,,U,,,,NotApplicable,,,,,,,,,Box,,,1.0,1.0,1.0000000000000000,1.0000000000000000,CENSUS,105,D,Observer,N,,,264321,264321,1.000
668696,117665,,SA,106,,N,U,107254,NEP,FRE,WHL,DeadOrZeroProbSurvival,Lan,,,,U,,,,NotApplicable,,,,,,,,,Box,,,1.0,1.0,1.0000000000000000,1.0000000000000000,CENSUS,106,D,Observer,N,,,4127,4127,1.000
668697,117666,,SA,107,,N,U,107254,NEP,FRE,WHL,DeadOrZeroProbSurvival,Lan,,,,U,,,,NotApplicable,,,,,,,,,Box,,,1.0,1.0,1.0000000000000000,1.0000000000000000,CENSUS,107,D,Observer,N,,,87574,87574,1.000
668698,117667,,SA,108,,N,U,107254,NEP,FRE,WHL,DeadOrZeroProbSurvival,Lan,,,,U,,,,NotApplicable,,,,,,,,,Box,,,1.0,1.0,1.0000000000000000,1.0000000000000000,CENSUS,108,D,Observer,N,,,74678,74678,1.000
668699,117668,,SA,109,,N,U,107254,NEP,FRE,WHL,DeadOrZeroProbSurvival,Lan,,,,U,,,,NotApplicable,,,,,,,,,Box,,,1.0,1.0,1.0000000000000000,1.0000000000000000,CENSUS,109,D,Observer,N,,,316691,316691,1.000
668700,117669,,SA,11,,N,U,107254,NEP,FRE,WHL,DeadOrZeroProbSurvival,Lan,,,,U,,,,NotApplicable,,,,,,,,,Box,,,1.0,1.0,1.0000000000000000,1.0000000000000000,CENSUS,11,D,Observer,N,,,122871,122871,1.000
668701,117670,,SA,110,,N,U,107254,NEP,FRE,WHL,DeadOrZeroProbSurvival,Lan,,,,U,,,,NotApplicable,,,,,,,,,Box,,,1.0,1.0,1.0000000000000000,1.0000000000000000,CENSUS,110,D,Observer,N,,,126839,126839,1.000
668702,117671,,SA,111,,N,U,107254,NEP,FRE,WHL,DeadOrZeroProbSurvival,Lan,,,,U,,,,NotApplicable,,,,,,,,,Box,,,1.0,1.0,1.0000000000000000,1.0000000000000000,CENSUS,111,D,Observer,N,,,74484,74484,1.000
668703,117672,,SA,112,,N,U,107254,NEP,FRE,WHL,DeadOrZeroProbSurvival,Lan,,,,U,,,,NotApplicable,,,,,,,,,Box,,,1.0,1.0,1.0000000000000000,1.0000000000000000,CENSUS,112,D,Observer,N,,,80241,80241,1.000
668704,117673,,SA,113,,N,U,107254,NEP,FRE,WHL,DeadOrZeroProbSurvival,Lan,,,,U,,,,NotApplicable,,,,,,,,,Box,,,1.0,1.0,1.0000000000000000,1.0000000000000000,CENSUS,113,D,Observer,N,,,24350,24350,1.000
668705,117674,,SA,114,,N,U,107254,NEP,FRE,WHL,DeadOrZeroProbSurvival,Lan,,,,U,,,,NotApplicable,,,,,,,,,Box,,,1.0,1.0,1.0000000000000000,1.0000000000000000,CENSUS,114,D,Observer,N,,,227665,227665,1.000
668706,117675,,SA,115,,N,U,107254,NEP,FRE,WHL,DeadOrZeroProbSurvival,Lan,,,,U,,,,NotApplicable,,,,,,,,,Box,,,1.0,1.0,1.0000000000000000,1.0000000000000000,CENSUS,115,D,Observer,N,,,47308,47308,1.000
668707,117676,,SA,116,,N,U,107254,NEP,FRE,WHL,DeadOrZeroProbSurvival,Lan,,,,U,,,,NotApplicable,,,,,,,,,Box,,,1.0,1.0,1.0000000000000000,1.0000000000000000,CENSUS,116,D,Observer,N,,,48029,48029,1.000
668708,117677,,SA,117,,N,U,107254,NEP,FRE,WHL,DeadOrZeroProbSurvival,Lan,,,,U,,,,NotApplicable,,,,,,,,,Box,,,1.0,1.0,1.0000000000000000,1.0000000000000000,CENSUS,117,D,Observer,N,,,110014,110014,1.000
668709,117678,,SA,118,,N,U,107254,NEP,FRE,WHL,DeadOrZeroProbSurvival,Lan,,,,U,,,,NotApplicable,,,,,,,,,Box,,,1.0,1.0,1.0000000000000000,1.0000000000000000,CENSUS,118,D,Observer,N,,,22056,22056,1.000
668710,117679,,SA,119,,N,U,107254,NEP,FRE,WHL,DeadOrZeroProbSurvival,Lan,,,,U,,,,NotApplicable,,,,,,,,,Box,,,1.0,1.0,1.0000000000000000,1.0000000000000000,CENSUS,119,D,Observer,N,,,318125,318125,1.000
668711,117680,,SA,12,,N,U,107254,NEP,FRE,WHL,DeadOrZeroProbSurvival,Lan,,,,U,,,,NotApplicable,,,,,,,,,Box,,,1.0,1.0,1.0000000000000000,1.0000000000000000,CENSUS,12,D,Observer,N,,,313232,313232,1.000
668712,117681,,SA,120,,N,U,107254,NEP,FRE,WHL,DeadOrZeroProbSurvival,Lan,,,,U,,,,NotApplicable,,,,,,,,,Box,,,1.0,1.0,1.0000000000000000,1.0000000000000000,CENSUS,120,D,Observer,N,,,236799,236799,1.000
668713,117682,,SA,121,,N,U,107254,NEP,FRE,WHL,DeadOrZeroProbSurvival,Lan,,,,U,,,,NotApplicable,,,,,,,,,Box,,,1.0,1.0,1.0000000000000000,1.0000000000000000,CENSUS,121,D,Observer,N,,,234823,234823,1.000
668714,117683,,SA,122,,N,U,107254,NEP,FRE,WHL,DeadOrZeroProbSurvival,Lan,,,,U,,,,NotApplicable,,,,,,,,,Box,,,1.0,1.0,1.0000000000000000,1.0000000000000000,CENSUS,122,D,Observer,N,,,138594,138594,1.000
668715,117684,,SA,123,,N,U,107254,NEP,FRE,WHL,DeadOrZeroProbSurvival,Lan,,,,U,,,,NotApplicable,,,,,,,,,Box,,,1.0,1.0,1.0000000000000000,1.0000000000000000,CENSUS,123,D,Observer,N,,,210897,210897,1.000
668716,117685,,SA,124,,N,U,107254,NEP,FRE,WHL,DeadOrZeroProbSurvival,Lan,,,,U,,,,NotApplicable,,,,,,,,,Box,,,1.0,1.0,1.0000000000000000,1.0000000000000000,CENSUS,124,D,Observer,N,,,374920,374920,1.000
668717,117686,,SA,125,,N,U,107254,NEP,FRE,WHL,DeadOrZeroProbSurvival,Lan,,,,U,,,,NotApplicable,,,,,,,,,Box,,,1.0,1.0,1.0000000000000000,1.0000000000000000,CENSUS,125,D,Observer,N,,,221193,221193,1.000
668718,117687,,SA,126,,N,U,107254,NEP,FRE,WHL,DeadOrZeroProbSurvival,Lan,,,,U,,,,NotApplicable,,,,,,,,,Box,,,1.0,1.0,1.0000000000000000,1.0000000000000000,CENSUS,126,D,Observer,N,,,379603,379603,1.000
668719,117688,,SA,127,,N,U,107254,NEP,FRE,WHL,DeadOrZeroProbSurvival,Lan,,,,U,,,,NotApplicable,,,,,,,,,Box,,,1.0,1.0,1.0000000000000000,1.0000000000000000,CENSUS,127,D,Observer,N,,,482991,482991,1.000
668720,117689,,SA,128,,N,U,107254,NEP,FRE,WHL,DeadOrZeroProbSurvival,Lan,,,,U,,,,NotApplicable,,,,,,,,,Box,,,1.0,1.0,1.0000000000000000,1.0000000000000000,CENSUS,128,D,Observer,N,,,412660,412660,1.000
668721,117690,,SA,129,,N,U,107254,NEP,FRE,WHL,DeadOrZeroProbSurvival,Lan,,,,U,,,,NotApplicable,,,,,,,,,Box,,,1.0,1.0,1.0000000000000000,1.0000000000000000,CENSUS,129,D,Observer,N,,,252658,252658,1.000
668722,117691,,SA,13,,N,U,107254,NEP,FRE,WHL,DeadOrZeroProbSurvival,Lan,,,,U,,,,NotApplicable,,,,,,,,,Box,,,1.0,1.0,1.0000000000000000,1.0000000000000000,CENSUS,13,D,Observer,N,,,136309,136309,1.000
668723,117692,,SA,130,,N,U,107254,NEP,FRE,WHL,DeadOrZeroProbSurvival,Lan,,,,U,,,,NotApplicable,,,,,,,,,Box,,,1.0,1.0,1.0000000000000000,1.0000000000000000,CENSUS,130,D,Observer,N,,,183208,183208,1.000
668724,117693,,SA,131,,N,U,107254,NEP,FRE,WHL,DeadOrZeroProbSurvival,Lan,,,,U,,,,NotApplicable,,,,,,,,,Box,,,1.0,1.0,1.0000000000000000,1.0000000000000000,CENSUS,131,D,Observer,N,,,270332,270332,1.000
668725,117694,,SA,132,,N,U,107254,NEP,FRE,WHL,DeadOrZeroProbSurvival,Lan,,,,U,,,,NotApplicable,,,,,,,,,Box,,,1.0,1.0,1.0000000000000000,1.0000000000000000,CENSUS,132,D,Observer,N,,,232189,232189,1.000
668726,117695,,SA,133,,N,U,107254,NEP,FRE,WHL,DeadOrZeroProbSurvival,Lan,,,,U,,,,NotApplicable,,,,,,,,,Box,,,1.0,1.0,1.0000000000000000,1.0000000000000000,CENSUS,133,D,Observer,N,,,207611,207611,1.000
668727,117696,,SA,134,,N,U,107254,NEP,FRE,WHL,DeadOrZeroProbSurvival,Lan,,,,U,,,,NotApplicable,,,,,,,,,Box,,,1.0,1.0,1.0000000000000000,1.0000000000000000,CENSUS,134,D,Observer,N,,,278841,278841,1.000
668728,117697,,SA,135,,N,U,107254,NEP,FRE,WHL,DeadOrZeroProbSurvival,Lan,,,,U,,,,NotApplicable,,,,,,,,,Box,,,1.0,1.0,1.0000000000000000,1.0000000000000000,CENSUS,135,D,Observer,N,,,174314,174314,1.000
668729,117698,,SA,136,,N,U,107254,NEP,FRE,WHL,DeadOrZeroProbSurvival,Lan,,,,U,,,,NotApplicable,,,,,,,,,Box,,,1.0,1.0,1.0000000000000000,1.0000000000000000,CENSUS,136,D,Observer,N,,,270576,270576,1.000
668730,117699,,SA,137,,N,U,107254,NEP,FRE,WHL,DeadOrZeroProbSurvival,Lan,,,,U,,,,NotApplicable,,,,,,,,,Box,,,1.0,1.0,1.0000000000000000,1.0000000000000000,CENSUS,137,D,Observer,N,,,200766,200766,1.000
668731,117700,,SA,138,,N,U,107254,NEP,FRE,WHL,DeadOrZeroProbSurvival,Lan,,,,U,,,,NotApplicable,,,,,,,,,Box,,,1.0,1.0,1.0000000000000000,1.0000000000000000,CENSUS,138,D,Observer,N,,,323465,323465,1.000
668732,117701,,SA,139,,N,U,107254,NEP,FRE,WHL,DeadOrZeroProbSurvival,Lan,,,,U,,,,NotApplicable,,,,,,,,,Box,,,1.0,1.0,1.0000000000000000,1.0000000000000000,CENSUS,139,D,Observer,N,,,89683,89683,1.000
668733,117702,,SA,14,,N,U,107254,NEP,FRE,WHL,DeadOrZeroProbSurvival,Lan,,,,U,,,,NotApplicable,,,,,,,,,Box,,,1.0,1.0,1.0000000000000000,1.0000000000000000,CENSUS,14,D,Observer,N,,,352322,352322,1.000
668734,117703,,SA,140,,N,U,107254,NEP,FRE,WHL,DeadOrZeroProbSurvival,Lan,,,,U,,,,NotApplicable,,,,,,,,,Box,,,1.0,1.0,1.0000000000000000,1.0000000000000000,CENSUS,140,D,Observer,N,,,120036,120036,1.000
668735,117704,,SA,141,,N,U,107254,NEP,FRE,WHL,DeadOrZeroProbSurvival,Lan,,,,U,,,,NotApplicable,,,,,,,,,Box,,,1.0,1.0,1.0000000000000000,1.0000000000000000,CENSUS,141,D,Observer,N,,,273393,273393,1.000
668736,117705,,SA,142,,N,U,107254,NEP,FRE,WHL,DeadOrZeroProbSurvival,Lan,,,,U,,,,NotApplicable,,,,,,,,,Box,,,1.0,1.0,1.0000000000000000,1.0000000000000000,CENSUS,142,D,Observer,N,,,54082,54082,1.000
668737,117706,,SA,143,,N,U,107254,NEP,FRE,WHL,DeadOrZeroProbSurvival,Lan,,,,U,,,,NotApplicable,,,,,,,,,Box,,,1.0,1.0,1.0000000000000000,1.0000000000000000,CENSUS,143,D,Observer,N,,,294547,294547,1.000
668738,117707,,SA,144,,N,U,107254,NEP,FRE,WHL,DeadOrZeroProbSurvival,Lan,,,,U,,,,NotApplicable,,,,,,,,,Box,,,1.0,1.0,1.0000000000000000,1.0000000000000000,CENSUS,144,D,Observer,N,,,96919,96919,1.000
668739,117708,,SA,145,,N,U,107254,NEP,FRE,WHL,DeadOrZeroProbSurvival,Lan,,,,U,,,,NotApplicable,,,,,,,,,Box,,,1.0,1.0,1.0000000000000000,1.0000000000000000,CENSUS,145,D,Observer,N,,,201759,201759,1.000
668740,117709,,SA,146,,N,U,107254,NEP,FRE,WHL,DeadOrZeroProbSurvival,Lan,,,,U,,,,NotApplicable,,,,,,,,,Box,,,1.0,1.0,1.0000000000000000,1.0000000000000000,CENSUS,146,D,Observer,N,,,96540,96540,1.000
668741,117710,,SA,147,,N,U,107254,NEP,FRE,WHL,DeadOrZeroProbSurvival,Lan,,,,U,,,,NotApplicable,,,,,,,,,Box,,,1.0,1.0,1.0000000000000000,1.0000000000000000,CENSUS,147,D,Observer,N,,,114083,114083,1.000
668742,117711,,SA,148,,N,U,107254,NEP,FRE,WHL,DeadOrZeroProbSurvival,Lan,,,,U,,,,NotApplicable,,,,,,,,,Box,,,1.0,1.0,1.0000000000000000,1.0000000000000000,CENSUS,148,D,Observer,N,,,1342484,1342484,1.000
668743,117712,,SA,149,,N,U,107254,NEP,FRE,WHL,DeadOrZeroProbSurvival,Lan,,,,U,,,,NotApplicable,,,,,,,,,Box,,,1.0,1.0,1.0000000000000000,1.0000000000000000,CENSUS,149,D,Observer,N,,,1334041,1334041,1.000
668744,117713,,SA,15,,N,U,107254,NEP,FRE,WHL,DeadOrZeroProbSurvival,Lan,,,,U,,,,NotApplicable,,,,,,,,,Box,,,1.0,1.0,1.0000000000000000,1.0000000000000000,CENSUS,15,D,Observer,N,,,236222,236222,1.000
668745,117714,,SA,150,,N,U,107254,NEP,FRE,WHL,DeadOrZeroProbSurvival,Lan,,,,U,,,,NotApplicable,,,,,,,,,Box,,,1.0,1.0,1.0000000000000000,1.0000000000000000,CENSUS,150,D,Observer,N,,,1290134,1290134,1.000
668746,117715,,SA,151,,N,U,107254,NEP,FRE,WHL,DeadOrZeroProbSurvival,Lan,,,,U,,,,NotApplicable,,,,,,,,,Box,,,1.0,1.0,1.0000000000000000,1.0000000000000000,CENSUS,151,D,Observer,N,,,675569,675569,1.000
668747,117716,,SA,152,,N,U,107254,NEP,FRE,WHL,DeadOrZeroProbSurvival,Lan,,,,U,,,,NotApplicable,,,,,,,,,Box,,,1.0,1.0,1.0000000000000000,1.0000000000000000,CENSUS,152,D,Observer,N,,,31671,31671,1.000
668748,117717,,SA,153,,N,U,107254,NEP,FRE,WHL,DeadOrZeroProbSurvival,Lan,,,,U,,,,NotApplicable,,,,,,,,,Box,,,1.0,1.0,1.0000000000000000,1.0000000000000000,CENSUS,153,D,Observer,N,,,98531,98531,1.000
668749,117718,,SA,154,,N,U,107254,NEP,FRE,WHL,DeadOrZeroProbSurvival,Lan,,,,U,,,,NotApplicable,,,,,,,,,Box,,,1.0,1.0,1.0000000000000000,1.0000000000000000,CENSUS,154,D,Observer,N,,,112291,112291,1.000
668750,117719,,SA,155,,N,U,107254,NEP,FRE,WHL,DeadOrZeroProbSurvival,Lan,,,,U,,,,NotApplicable,,,,,,,,,Box,,,1.0,1.0,1.0000000000000000,1.0000000000000000,CENSUS,155,D,Observer,N,,,144858,144858,1.000
668751,117720,,SA,156,,N,U,107254,NEP,FRE,WHL,DeadOrZeroProbSurvival,Lan,,,,U,,,,NotApplicable,,,,,,,,,Box,,,1.0,1.0,1.0000000000000000,1.0000000000000000,CENSUS,156,D,Observer,N,,,130879,130879,1.000
668752,117721,,SA,157,,N,U,107254,NEP,FRE,WHL,DeadOrZeroProbSurvival,Lan,,,,U,,,,NotApplicable,,,,,,,,,Box,,,1.0,1.0,1.0000000000000000,1.0000000000000000,CENSUS,157,D,Observer,N,,,55309,55309,1.000
668753,117722,,SA,158,,N,U,107254,NEP,FRE,WHL,DeadOrZeroProbSurvival,Lan,,,,U,,,,NotApplicable,,,,,,,,,Box,,,1.0,1.0,1.0000000000000000,1.0000000000000000,CENSUS,158,D,Observer,N,,,89063,89063,1.000
668754,117723,,SA,159,,N,U,107254,NEP,FRE,WHL,DeadOrZeroProbSurvival,Lan,,,,U,,,,NotApplicable,,,,,,,,,Box,,,1.0,1.0,1.0000000000000000,1.0000000000000000,CENSUS,159,D,Observer,N,,,121404,121404,1.000
668755,117724,,SA,16,,N,U,107254,NEP,FRE,WHL,DeadOrZeroProbSurvival,Lan,,,,U,,,,NotApplicable,,,,,,,,,Box,,,1.0,1.0,1.0000000000000000,1.0000000000000000,CENSUS,16,D,Observer,N,,,168879,168879,1.000
668756,117725,,SA,160,,N,U,107254,NEP,FRE,WHL,DeadOrZeroProbSurvival,Lan,,,,U,,,,NotApplicable,,,,,,,,,Box,,,1.0,1.0,1.0000000000000000,1.0000000000000000,CENSUS,160,D,Observer,N,,,505461,505461,1.000
668757,117726,,SA,161,,N,U,107254,NEP,FRE,WHL,DeadOrZeroProbSurvival,Lan,,,,U,,,,NotApplicable,,,,,,,,,Box,,,1.0,1.0,1.0000000000000000,1.0000000000000000,CENSUS,161,D,Observer,N,,,1019300,1019300,1.000
668758,117727,,SA,162,,N,U,107254,NEP,FRE,WHL,DeadOrZeroProbSurvival,Lan,,,,U,,,,NotApplicable,,,,,,,,,Box,,,1.0,1.0,1.0000000000000000,1.0000000000000000,CENSUS,162,D,Observer,N,,,1233663,1233663,1.000
668759,117728,,SA,163,,N,U,107254,NEP,FRE,WHL,DeadOrZeroProbSurvival,Lan,,,,U,,,,NotApplicable,,,,,,,,,Box,,,1.0,1.0,1.0000000000000000,1.0000000000000000,CENSUS,163,D,Observer,N,,,745815,745815,1.000
668760,117729,,SA,164,,N,U,107254,NEP,FRE,WHL,DeadOrZeroProbSurvival,Lan,,,,U,,,,NotApplicable,,,,,,,,,Box,,,1.0,1.0,1.0000000000000000,1.0000000000000000,CENSUS,164,D,Observer,N,,,591185,591185,1.000
668761,117730,,SA,165,,N,U,107254,NEP,FRE,WHL,DeadOrZeroProbSurvival,Lan,,,,U,,,,NotApplicable,,,,,,,,,Box,,,1.0,1.0,1.0000000000000000,1.0000000000000000,CENSUS,165,D,Observer,N,,,1182658,1182658,1.000
668762,117731,,SA,166,,N,U,107254,NEP,FRE,WHL,DeadOrZeroProbSurvival,Lan,,,,U,,,,NotApplicable,,,,,,,,,Box,,,1.0,1.0,1.0000000000000000,1.0000000000000000,CENSUS,166,D,Observer,N,,,649612,649612,1.000
668763,117732,,SA,167,,N,U,107254,NEP,FRE,WHL,DeadOrZeroProbSurvival,Lan,,,,U,,,,NotApplicable,,,,,,,,,Box,,,1.0,1.0,1.0000000000000000,1.0000000000000000,CENSUS,167,D,Observer,N,,,296164,296164,1.000
668764,117733,,SA,168,,N,U,107254,NEP,FRE,WHL,DeadOrZeroProbSurvival,Lan,,,,U,,,,NotApplicable,,,,,,,,,Box,,,1.0,1.0,1.0000000000000000,1.0000000000000000,CENSUS,168,D,Observer,N,,,242898,242898,1.000
668765,117734,,SA,169,,N,U,107254,NEP,FRE,WHL,DeadOrZeroProbSurvival,Lan,,,,U,,,,NotApplicable,,,,,,,,,Box,,,1.0,1.0,1.0000000000000000,1.0000000000000000,CENSUS,169,D,Observer,N,,,338136,338136,1.000
668766,117735,,SA,17,,N,U,107254,NEP,FRE,WHL,DeadOrZeroProbSurvival,Lan,,,,U,,,,NotApplicable,,,,,,,,,Box,,,1.0,1.0,1.0000000000000000,1.0000000000000000,CENSUS,17,D,Observer,N,,,235290,235290,1.000
668767,117736,,SA,170,,N,U,107254,NEP,FRE,WHL,DeadOrZeroProbSurvival,Lan,,,,U,,,,NotApplicable,,,,,,,,,Box,,,1.0,1.0,1.0000000000000000,1.0000000000000000,CENSUS,170,D,Observer,N,,,668957,668957,1.000
668768,117737,,SA,171,,N,U,107254,NEP,FRE,WHL,DeadOrZeroProbSurvival,Lan,,,,U,,,,NotApplicable,,,,,,,,,Box,,,1.0,1.0,1.0000000000000000,1.0000000000000000,CENSUS,171,D,Observer,N,,,446007,446007,1.000
668769,117738,,SA,172,,N,U,107254,NEP,FRE,WHL,DeadOrZeroProbSurvival,Lan,,,,U,,,,NotApplicable,,,,,,,,,Box,,,1.0,1.0,1.0000000000000000,1.0000000000000000,CENSUS,172,D,Observer,N,,,724458,724458,1.000
668770,117739,,SA,173,,N,U,107254,NEP,FRE,WHL,DeadOrZeroProbSurvival,Lan,,,,U,,,,NotApplicable,,,,,,,,,Box,,,1.0,1.0,1.0000000000000000,1.0000000000000000,CENSUS,173,D,Observer,N,,,657906,657906,1.000
668771,117740,,SA,174,,N,U,107254,NEP,FRE,WHL,DeadOrZeroProbSurvival,Lan,,,,U,,,,NotApplicable,,,,,,,,,Box,,,1.0,1.0,1.0000000000000000,1.0000000000000000,CENSUS,174,D,Observer,N,,,345509,345509,1.000
668772,117741,,SA,175,,N,U,107254,NEP,FRE,WHL,DeadOrZeroProbSurvival,Lan,,,,U,,,,NotApplicable,,,,,,,,,Box,,,1.0,1.0,1.0000000000000000,1.0000000000000000,CENSUS,175,D,Observer,N,,,20910,20910,1.000
668773,117742,,SA,176,,N,U,107254,NEP,FRE,WHL,DeadOrZeroProbSurvival,Lan,,,,U,,,,NotApplicable,,,,,,,,,Box,,,1.0,1.0,1.0000000000000000,1.0000000000000000,CENSUS,176,D,Observer,N,,,75733,75733,1.000
668774,117743,,SA,177,,N,U,107254,NEP,FRE,WHL,DeadOrZeroProbSurvival,Lan,,,,U,,,,NotApplicable,,,,,,,,,Box,,,1.0,1.0,1.0000000000000000,1.0000000000000000,CENSUS,177,D,Observer,N,,,29606,29606,1.000
668775,117744,,SA,178,,N,U,107254,NEP,FRE,WHL,DeadOrZeroProbSurvival,Lan,,,,U,,,,NotApplicable,,,,,,,,,Box,,,1.0,1.0,1.0000000000000000,1.0000000000000000,CENSUS,178,D,Observer,N,,,613,613,1.000
668776,117745,,SA,179,,N,U,107254,NEP,FRE,WHL,DeadOrZeroProbSurvival,Lan,,,,U,,,,NotApplicable,,,,,,,,,Box,,,1.0,1.0,1.0000000000000000,1.0000000000000000,CENSUS,179,D,Observer,N,,,0,0,1.000
668777,117746,,SA,18,,N,U,107254,NEP,FRE,WHL,DeadOrZeroProbSurvival,Lan,,,,U,,,,NotApplicable,,,,,,,,,Box,,,1.0,1.0,1.0000000000000000,1.0000000000000000,CENSUS,18,D,Observer,N,,,119514,119514,1.000
668778,117747,,SA,180,,N,U,107254,NEP,FRE,WHL,DeadOrZeroProbSurvival,Lan,,,,U,,,,NotApplicable,,,,,,,,,Box,,,1.0,1.0,1.0000000000000000,1.0000000000000000,CENSUS,180,D,Observer,N,,,325,325,1.000
668779,117748,,SA,181,,N,U,107254,NEP,FRE,WHL,DeadOrZeroProbSurvival,Lan,,,,U,,,,NotApplicable,,,,,,,,,Box,,,1.0,1.0,1.0000000000000000,1.0000000000000000,CENSUS,181,D,Observer,N,,,924678,924678,1.000
668780,117749,,SA,182,,N,U,107254,NEP,FRE,WHL,DeadOrZeroProbSurvival,Lan,,,,U,,,,NotApplicable,,,,,,,,,Box,,,1.0,1.0,1.0000000000000000,1.0000000000000000,CENSUS,182,D,Observer,N,,,1343237,1343237,1.000
668781,117750,,SA,183,,N,U,107254,NEP,FRE,WHL,DeadOrZeroProbSurvival,Lan,,,,U,,,,NotApplicable,,,,,,,,,Box,,,1.0,1.0,1.0000000000000000,1.0000000000000000,CENSUS,183,D,Observer,N,,,1209335,1209335,1.000
668782,117751,,SA,184,,N,U,107254,NEP,FRE,WHL,DeadOrZeroProbSurvival,Lan,,,,U,,,,NotApplicable,,,,,,,,,Box,,,1.0,1.0,1.0000000000000000,1.0000000000000000,CENSUS,184,D,Observer,N,,,905235,905235,1.000
668783,117752,,SA,185,,N,U,107254,NEP,FRE,WHL,DeadOrZeroProbSurvival,Lan,,,,U,,,,NotApplicable,,,,,,,,,Box,,,1.0,1.0,1.0000000000000000,1.0000000000000000,CENSUS,185,D,Observer,N,,,1896131,1896131,1.000
668784,117753,,SA,186,,N,U,107254,NEP,FRE,WHL,DeadOrZeroProbSurvival,Lan,,,,U,,,,NotApplicable,,,,,,,,,Box,,,1.0,1.0,1.0000000000000000,1.0000000000000000,CENSUS,186,D,Observer,N,,,349231,349231,1.000
668785,117754,,SA,187,,N,U,107254,NEP,FRE,WHL,DeadOrZeroProbSurvival,Lan,,,,U,,,,NotApplicable,,,,,,,,,Box,,,1.0,1.0,1.0000000000000000,1.0000000000000000,CENSUS,187,D,Observer,N,,,268043,268043,1.000
668786,117755,,SA,188,,N,U,107254,NEP,FRE,WHL,DeadOrZeroProbSurvival,Lan,,,,U,,,,NotApplicable,,,,,,,,,Box,,,1.0,1.0,1.0000000000000000,1.0000000000000000,CENSUS,188,D,Observer,N,,,494304,494304,1.000
668787,117756,,SA,189,,N,U,107254,NEP,FRE,WHL,DeadOrZeroProbSurvival,Lan,,,,U,,,,NotApplicable,,,,,,,,,Box,,,1.0,1.0,1.0000000000000000,1.0000000000000000,CENSUS,189,D,Observer,N,,,140380,140380,1.000
668788,117757,,SA,19,,N,U,107254,NEP,FRE,WHL,DeadOrZeroProbSurvival,Lan,,,,U,,,,NotApplicable,,,,,,,,,Box,,,1.0,1.0,1.0000000000000000,1.0000000000000000,CENSUS,19,D,Observer,N,,,647446,647446,1.000
668789,117758,,SA,190,,N,U,107254,NEP,FRE,WHL,DeadOrZeroProbSurvival,Lan,,,,U,,,,NotApplicable,,,,,,,,,Box,,,1.0,1.0,1.0000000000000000,1.0000000000000000,CENSUS,190,D,Observer,N,,,163072,163072,1.000
668790,117759,,SA,191,,N,U,107254,NEP,FRE,WHL,DeadOrZeroProbSurvival,Lan,,,,U,,,,NotApplicable,,,,,,,,,Box,,,1.0,1.0,1.0000000000000000,1.0000000000000000,CENSUS,191,D,Observer,N,,,145329,145329,1.000
668791,117760,,SA,192,,N,U,107254,NEP,FRE,WHL,DeadOrZeroProbSurvival,Lan,,,,U,,,,NotApplicable,,,,,,,,,Box,,,1.0,1.0,1.0000000000000000,1.0000000000000000,CENSUS,192,D,Observer,N,,,831,831,1.000
668792,117761,,SA,193,,N,U,107254,NEP,FRE,WHL,DeadOrZeroProbSurvival,Lan,,,,U,,,,NotApplicable,,,,,,,,,Box,,,1.0,1.0,1.0000000000000000,1.0000000000000000,CENSUS,193,D,Observer,N,,,70404,70404,1.000
668793,117762,,SA,194,,N,U,107254,NEP,FRE,WHL,DeadOrZeroProbSurvival,Lan,,,,U,,,,NotApplicable,,,,,,,,,Box,,,1.0,1.0,1.0000000000000000,1.0000000000000000,CENSUS,194,D,Observer,N,,,91822,91822,1.000
668794,117763,,SA,195,,N,U,107254,NEP,FRE,WHL,DeadOrZeroProbSurvival,Lan,,,,U,,,,NotApplicable,,,,,,,,,Box,,,1.0,1.0,1.0000000000000000,1.0000000000000000,CENSUS,195,D,Observer,N,,,205954,205954,1.000
668795,117764,,SA,196,,N,U,107254,NEP,FRE,WHL,DeadOrZeroProbSurvival,Lan,,,,U,,,,NotApplicable,,,,,,,,,Box,,,1.0,1.0,1.0000000000000000,1.0000000000000000,CENSUS,196,D,Observer,N,,,205105,205105,1.000
668796,117765,,SA,197,,N,U,107254,NEP,FRE,WHL,DeadOrZeroProbSurvival,Lan,,,,U,,,,NotApplicable,,,,,,,,,Box,,,1.0,1.0,1.0000000000000000,1.0000000000000000,CENSUS,197,D,Observer,N,,,202188,202188,1.000
668797,117766,,SA,198,,N,U,107254,NEP,FRE,WHL,DeadOrZeroProbSurvival,Lan,,,,U,,,,NotApplicable,,,,,,,,,Box,,,1.0,1.0,1.0000000000000000,1.0000000000000000,CENSUS,198,D,Observer,N,,,99214,99214,1.000
668798,117767,,SA,199,,N,U,107254,NEP,FRE,WHL,DeadOrZeroProbSurvival,Lan,,,,U,,,,NotApplicable,,,,,,,,,Box,,,1.0,1.0,1.0000000000000000,1.0000000000000000,CENSUS,199,D,Observer,N,,,184280,184280,1.000
668799,117768,,SA,2,,N,U,107254,NEP,FRE,WHL,DeadOrZeroProbSurvival,Lan,,,,U,,,,NotApplicable,,,,,,,,,Box,,,1.0,1.0,1.0000000000000000,1.0000000000000000,CENSUS,2,D,Observer,N,,,138135,138135,1.000
668800,117769,,SA,20,,N,U,107254,NEP,FRE,WHL,DeadOrZeroProbSurvival,Lan,,,,U,,,,NotApplicable,,,,,,,,,Box,,,1.0,1.0,1.0000000000000000,1.0000000000000000,CENSUS,20,D,Observer,N,,,234781,234781,1.000
668801,117770,,SA,200,,N,U,107254,NEP,FRE,WHL,DeadOrZeroProbSurvival,Lan,,,,U,,,,NotApplicable,,,,,,,,,Box,,,1.0,1.0,1.0000000000000000,1.0000000000000000,CENSUS,200,D,Observer,N,,,127867,127867,1.000
668802,117771,,SA,201,,N,U,107254,NEP,FRE,WHL,DeadOrZeroProbSurvival,Lan,,,,U,,,,NotApplicable,,,,,,,,,Box,,,1.0,1.0,1.0000000000000000,1.0000000000000000,CENSUS,201,D,Observer,N,,,17138,17138,1.000
668803,117772,,SA,202,,N,U,107254,NEP,FRE,WHL,DeadOrZeroProbSurvival,Lan,,,,U,,,,NotApplicable,,,,,,,,,Box,,,1.0,1.0,1.0000000000000000,1.0000000000000000,CENSUS,202,D,Observer,N,,,261320,261320,1.000
668804,117773,,SA,203,,N,U,107254,NEP,FRE,WHL,DeadOrZeroProbSurvival,Lan,,,,U,,,,NotApplicable,,,,,,,,,Box,,,1.0,1.0,1.0000000000000000,1.0000000000000000,CENSUS,203,D,Observer,N,,,253383,253383,1.000
668805,117774,,SA,204,,N,U,107254,NEP,FRE,WHL,DeadOrZeroProbSurvival,Lan,,,,U,,,,NotApplicable,,,,,,,,,Box,,,1.0,1.0,1.0000000000000000,1.0000000000000000,CENSUS,204,D,Observer,N,,,136612,136612,1.000
668806,117775,,SA,205,,N,U,107254,NEP,FRE,WHL,DeadOrZeroProbSurvival,Lan,,,,U,,,,NotApplicable,,,,,,,,,Box,,,1.0,1.0,1.0000000000000000,1.0000000000000000,CENSUS,205,D,Observer,N,,,129416,129416,1.000
668807,117776,,SA,206,,N,U,107254,NEP,FRE,WHL,DeadOrZeroProbSurvival,Lan,,,,U,,,,NotApplicable,,,,,,,,,Box,,,1.0,1.0,1.0000000000000000,1.0000000000000000,CENSUS,206,D,Observer,N,,,372901,372901,1.000
668808,117777,,SA,207,,N,U,107254,NEP,FRE,WHL,DeadOrZeroProbSurvival,Lan,,,,U,,,,NotApplicable,,,,,,,,,Box,,,1.0,1.0,1.0000000000000000,1.0000000000000000,CENSUS,207,D,Observer,N,,,469883,469883,1.000
668809,117778,,SA,208,,N,U,107254,NEP,FRE,WHL,DeadOrZeroProbSurvival,Lan,,,,U,,,,NotApplicable,,,,,,,,,Box,,,1.0,1.0,1.0000000000000000,1.0000000000000000,CENSUS,208,D,Observer,N,,,397909,397909,1.000
668810,117779,,SA,209,,N,U,107254,NEP,FRE,WHL,DeadOrZeroProbSurvival,Lan,,,,U,,,,NotApplicable,,,,,,,,,Box,,,1.0,1.0,1.0000000000000000,1.0000000000000000,CENSUS,209,D,Observer,N,,,134096,134096,1.000
668811,117780,,SA,21,,N,U,107254,NEP,FRE,WHL,DeadOrZeroProbSurvival,Lan,,,,U,,,,NotApplicable,,,,,,,,,Box,,,1.0,1.0,1.0000000000000000,1.0000000000000000,CENSUS,21,D,Observer,N,,,796892,796892,1.000
668812,117781,,SA,210,,N,U,107254,NEP,FRE,WHL,DeadOrZeroProbSurvival,Lan,,,,U,,,,NotApplicable,,,,,,,,,Box,,,1.0,1.0,1.0000000000000000,1.0000000000000000,CENSUS,210,D,Observer,N,,,894853,894853,1.000
668813,117782,,SA,211,,N,U,107254,NEP,FRE,WHL,DeadOrZeroProbSurvival,Lan,,,,U,,,,NotApplicable,,,,,,,,,Box,,,1.0,1.0,1.0000000000000000,1.0000000000000000,CENSUS,211,D,Observer,N,,,74375,74375,1.000
668814,117783,,SA,212,,N,U,107254,NEP,FRE,WHL,DeadOrZeroProbSurvival,Lan,,,,U,,,,NotApplicable,,,,,,,,,Box,,,1.0,1.0,1.0000000000000000,1.0000000000000000,CENSUS,212,D,Observer,N,,,728131,728131,1.000
668815,117784,,SA,213,,N,U,107254,NEP,FRE,WHL,DeadOrZeroProbSurvival,Lan,,,,U,,,,NotApplicable,,,,,,,,,Box,,,1.0,1.0,1.0000000000000000,1.0000000000000000,CENSUS,213,D,Observer,N,,,57960,57960,1.000
668816,117785,,SA,214,,N,U,107254,NEP,FRE,WHL,DeadOrZeroProbSurvival,Lan,,,,U,,,,NotApplicable,,,,,,,,,Box,,,1.0,1.0,1.0000000000000000,1.0000000000000000,CENSUS,214,D,Observer,N,,,129323,129323,1.000
668817,117786,,SA,215,,N,U,107254,NEP,FRE,WHL,DeadOrZeroProbSurvival,Lan,,,,U,,,,NotApplicable,,,,,,,,,Box,,,1.0,1.0,1.0000000000000000,1.0000000000000000,CENSUS,215,D,Observer,N,,,19026,19026,1.000
668818,117787,,SA,216,,N,U,107254,NEP,FRE,WHL,DeadOrZeroProbSurvival,Lan,,,,U,,,,NotApplicable,,,,,,,,,Box,,,1.0,1.0,1.0000000000000000,1.0000000000000000,CENSUS,216,D,Observer,N,,,211037,211037,1.000
668819,117788,,SA,217,,N,U,107254,NEP,FRE,WHL,DeadOrZeroProbSurvival,Lan,,,,U,,,,NotApplicable,,,,,,,,,Box,,,1.0,1.0,1.0000000000000000,1.0000000000000000,CENSUS,217,D,Observer,N,,,90298,90298,1.000
668820,117789,,SA,218,,N,U,107254,NEP,FRE,WHL,DeadOrZeroProbSurvival,Lan,,,,U,,,,NotApplicable,,,,,,,,,Box,,,1.0,1.0,1.0000000000000000,1.0000000000000000,CENSUS,218,D,Observer,N,,,16371,16371,1.000
668821,117790,,SA,219,,N,U,107254,NEP,FRE,WHL,DeadOrZeroProbSurvival,Lan,,,,U,,,,NotApplicable,,,,,,,,,Box,,,1.0,1.0,1.0000000000000000,1.0000000000000000,CENSUS,219,D,Observer,N,,,36963,36963,1.000
668822,117791,,SA,22,,N,U,107254,NEP,FRE,WHL,DeadOrZeroProbSurvival,Lan,,,,U,,,,NotApplicable,,,,,,,,,Box,,,1.0,1.0,1.0000000000000000,1.0000000000000000,CENSUS,22,D,Observer,N,,,1660146,1660146,1.000
668823,117792,,SA,220,,N,U,107254,NEP,FRE,WHL,DeadOrZeroProbSurvival,Lan,,,,U,,,,NotApplicable,,,,,,,,,Box,,,1.0,1.0,1.0000000000000000,1.0000000000000000,CENSUS,220,D,Observer,N,,,20777,20777,1.000
668824,117793,,SA,221,,N,U,107254,NEP,FRE,WHL,DeadOrZeroProbSurvival,Lan,,,,U,,,,NotApplicable,,,,,,,,,Box,,,1.0,1.0,1.0000000000000000,1.0000000000000000,CENSUS,221,D,Observer,N,,,109438,109438,1.000
668825,117794,,SA,222,,N,U,107254,NEP,FRE,WHL,DeadOrZeroProbSurvival,Lan,,,,U,,,,NotApplicable,,,,,,,,,Box,,,1.0,1.0,1.0000000000000000,1.0000000000000000,CENSUS,222,D,Observer,N,,,44800,44800,1.000
668826,117795,,SA,223,,N,U,107254,NEP,FRE,WHL,DeadOrZeroProbSurvival,Lan,,,,U,,,,NotApplicable,,,,,,,,,Box,,,1.0,1.0,1.0000000000000000,1.0000000000000000,CENSUS,223,D,Observer,N,,,51020,51020,1.000
668827,117796,,SA,224,,N,U,107254,NEP,FRE,WHL,DeadOrZeroProbSurvival,Lan,,,,U,,,,NotApplicable,,,,,,,,,Box,,,1.0,1.0,1.0000000000000000,1.0000000000000000,CENSUS,224,D,Observer,N,,,82634,82634,1.000
668828,117797,,SA,225,,N,U,107254,NEP,FRE,WHL,DeadOrZeroProbSurvival,Lan,,,,U,,,,NotApplicable,,,,,,,,,Box,,,1.0,1.0,1.0000000000000000,1.0000000000000000,CENSUS,225,D,Observer,N,,,69897,69897,1.000
668829,117798,,SA,226,,N,U,107254,NEP,FRE,WHL,DeadOrZeroProbSurvival,Lan,,,,U,,,,NotApplicable,,,,,,,,,Box,,,1.0,1.0,1.0000000000000000,1.0000000000000000,CENSUS,226,D,Observer,N,,,262093,262093,1.000
668830,117799,,SA,227,,N,U,107254,NEP,FRE,WHL,DeadOrZeroProbSurvival,Lan,,,,U,,,,NotApplicable,,,,,,,,,Box,,,1.0,1.0,1.0000000000000000,1.0000000000000000,CENSUS,227,D,Observer,N,,,110679,110679,1.000
668831,117800,,SA,228,,N,U,107254,NEP,FRE,WHL,DeadOrZeroProbSurvival,Lan,,,,U,,,,NotApplicable,,,,,,,,,Box,,,1.0,1.0,1.0000000000000000,1.0000000000000000,CENSUS,228,D,Observer,N,,,1243168,1243168,1.000
668832,117801,,SA,229,,N,U,107254,NEP,FRE,WHL,DeadOrZeroProbSurvival,Lan,,,,U,,,,NotApplicable,,,,,,,,,Box,,,1.0,1.0,1.0000000000000000,1.0000000000000000,CENSUS,229,D,Observer,N,,,1701991,1701991,1.000
668833,117802,,SA,23,,N,U,107254,NEP,FRE,WHL,DeadOrZeroProbSurvival,Lan,,,,U,,,,NotApplicable,,,,,,,,,Box,,,1.0,1.0,1.0000000000000000,1.0000000000000000,CENSUS,23,D,Observer,N,,,834018,834018,1.000
668834,117803,,SA,230,,N,U,107254,NEP,FRE,WHL,DeadOrZeroProbSurvival,Lan,,,,U,,,,NotApplicable,,,,,,,,,Box,,,1.0,1.0,1.0000000000000000,1.0000000000000000,CENSUS,230,D,Observer,N,,,462238,462238,1.000
668835,117804,,SA,231,,N,U,107254,NEP,FRE,WHL,DeadOrZeroProbSurvival,Lan,,,,U,,,,NotApplicable,,,,,,,,,Box,,,1.0,1.0,1.0000000000000000,1.0000000000000000,CENSUS,231,D,Observer,N,,,252419,252419,1.000
668836,117805,,SA,232,,N,U,107254,NEP,FRE,WHL,DeadOrZeroProbSurvival,Lan,,,,U,,,,NotApplicable,,,,,,,,,Box,,,1.0,1.0,1.0000000000000000,1.0000000000000000,CENSUS,232,D,Observer,N,,,1657305,1657305,1.000
668837,117806,,SA,233,,N,U,107254,NEP,FRE,WHL,DeadOrZeroProbSurvival,Lan,,,,U,,,,NotApplicable,,,,,,,,,Box,,,1.0,1.0,1.0000000000000000,1.0000000000000000,CENSUS,233,D,Observer,N,,,460063,460063,1.000
668838,117807,,SA,234,,N,U,107254,NEP,FRE,WHL,DeadOrZeroProbSurvival,Lan,,,,U,,,,NotApplicable,,,,,,,,,Box,,,1.0,1.0,1.0000000000000000,1.0000000000000000,CENSUS,234,D,Observer,N,,,507101,507101,1.000
668839,117808,,SA,235,,N,U,107254,NEP,FRE,WHL,DeadOrZeroProbSurvival,Lan,,,,U,,,,NotApplicable,,,,,,,,,Box,,,1.0,1.0,1.0000000000000000,1.0000000000000000,CENSUS,235,D,Observer,N,,,448834,448834,1.000
668840,117809,,SA,236,,N,U,107254,NEP,FRE,WHL,DeadOrZeroProbSurvival,Lan,,,,U,,,,NotApplicable,,,,,,,,,Box,,,1.0,1.0,1.0000000000000000,1.0000000000000000,CENSUS,236,D,Observer,N,,,271200,271200,1.000
668841,117810,,SA,237,,N,U,107254,NEP,FRE,WHL,DeadOrZeroProbSurvival,Lan,,,,U,,,,NotApplicable,,,,,,,,,Box,,,1.0,1.0,1.0000000000000000,1.0000000000000000,CENSUS,237,D,Observer,N,,,47319,47319,1.000
668842,117811,,SA,238,,N,U,107254,NEP,FRE,WHL,DeadOrZeroProbSurvival,Lan,,,,U,,,,NotApplicable,,,,,,,,,Box,,,1.0,1.0,1.0000000000000000,1.0000000000000000,CENSUS,238,D,Observer,N,,,104457,104457,1.000
668843,117812,,SA,239,,N,U,107254,NEP,FRE,WHL,DeadOrZeroProbSurvival,Lan,,,,U,,,,NotApplicable,,,,,,,,,Box,,,1.0,1.0,1.0000000000000000,1.0000000000000000,CENSUS,239,D,Observer,N,,,87298,87298,1.000
668844,117813,,SA,24,,N,U,107254,NEP,FRE,WHL,DeadOrZeroProbSurvival,Lan,,,,U,,,,NotApplicable,,,,,,,,,Box,,,1.0,1.0,1.0000000000000000,1.0000000000000000,CENSUS,24,D,Observer,N,,,38467,38467,1.000
668845,117814,,SA,240,,N,U,107254,NEP,FRE,WHL,DeadOrZeroProbSurvival,Lan,,,,U,,,,NotApplicable,,,,,,,,,Box,,,1.0,1.0,1.0000000000000000,1.0000000000000000,CENSUS,240,D,Observer,N,,,54518,54518,1.000
668846,117815,,SA,241,,N,U,107254,NEP,FRE,WHL,DeadOrZeroProbSurvival,Lan,,,,U,,,,NotApplicable,,,,,,,,,Box,,,1.0,1.0,1.0000000000000000,1.0000000000000000,CENSUS,241,D,Observer,N,,,196733,196733,1.000
668847,117816,,SA,242,,N,U,107254,NEP,FRE,WHL,DeadOrZeroProbSurvival,Lan,,,,U,,,,NotApplicable,,,,,,,,,Box,,,1.0,1.0,1.0000000000000000,1.0000000000000000,CENSUS,242,D,Observer,N,,,275219,275219,1.000
668848,117817,,SA,243,,N,U,107254,NEP,FRE,WHL,DeadOrZeroProbSurvival,Lan,,,,U,,,,NotApplicable,,,,,,,,,Box,,,1.0,1.0,1.0000000000000000,1.0000000000000000,CENSUS,243,D,Observer,N,,,74107,74107,1.000
668849,117818,,SA,244,,N,U,107254,NEP,FRE,WHL,DeadOrZeroProbSurvival,Lan,,,,U,,,,NotApplicable,,,,,,,,,Box,,,1.0,1.0,1.0000000000000000,1.0000000000000000,CENSUS,244,D,Observer,N,,,150309,150309,1.000
668850,117819,,SA,245,,N,U,107254,NEP,FRE,WHL,DeadOrZeroProbSurvival,Lan,,,,U,,,,NotApplicable,,,,,,,,,Box,,,1.0,1.0,1.0000000000000000,1.0000000000000000,CENSUS,245,D,Observer,N,,,49452,49452,1.000
668851,117820,,SA,246,,N,U,107254,NEP,FRE,WHL,DeadOrZeroProbSurvival,Lan,,,,U,,,,NotApplicable,,,,,,,,,Box,,,1.0,1.0,1.0000000000000000,1.0000000000000000,CENSUS,246,D,Observer,N,,,103063,103063,1.000
668852,117821,,SA,247,,N,U,107254,NEP,FRE,WHL,DeadOrZeroProbSurvival,Lan,,,,U,,,,NotApplicable,,,,,,,,,Box,,,1.0,1.0,1.0000000000000000,1.0000000000000000,CENSUS,247,D,Observer,N,,,432939,432939,1.000
668853,117822,,SA,248,,N,U,107254,NEP,FRE,WHL,DeadOrZeroProbSurvival,Lan,,,,U,,,,NotApplicable,,,,,,,,,Box,,,1.0,1.0,1.0000000000000000,1.0000000000000000,CENSUS,248,D,Observer,N,,,548351,548351,1.000
668854,117823,,SA,249,,N,U,107254,NEP,FRE,WHL,DeadOrZeroProbSurvival,Lan,,,,U,,,,NotApplicable,,,,,,,,,Box,,,1.0,1.0,1.0000000000000000,1.0000000000000000,CENSUS,249,D,Observer,N,,,670459,670459,1.000
668855,117824,,SA,25,,N,U,107254,NEP,FRE,WHL,DeadOrZeroProbSurvival,Lan,,,,U,,,,NotApplicable,,,,,,,,,Box,,,1.0,1.0,1.0000000000000000,1.0000000000000000,CENSUS,25,D,Observer,N,,,104010,104010,1.000
668856,117825,,SA,250,,N,U,107254,NEP,FRE,WHL,DeadOrZeroProbSurvival,Lan,,,,U,,,,NotApplicable,,,,,,,,,Box,,,1.0,1.0,1.0000000000000000,1.0000000000000000,CENSUS,250,D,Observer,N,,,581776,581776,1.000
668857,117826,,SA,251,,N,U,107254,NEP,FRE,WHL,DeadOrZeroProbSurvival,Lan,,,,U,,,,NotApplicable,,,,,,,,,Box,,,1.0,1.0,1.0000000000000000,1.0000000000000000,CENSUS,251,D,Observer,N,,,412632,412632,1.000
668858,117827,,SA,252,,N,U,107254,NEP,FRE,WHL,DeadOrZeroProbSurvival,Lan,,,,U,,,,NotApplicable,,,,,,,,,Box,,,1.0,1.0,1.0000000000000000,1.0000000000000000,CENSUS,252,D,Observer,N,,,749504,749504,1.000
668859,117828,,SA,253,,N,U,107254,NEP,FRE,WHL,DeadOrZeroProbSurvival,Lan,,,,U,,,,NotApplicable,,,,,,,,,Box,,,1.0,1.0,1.0000000000000000,1.0000000000000000,CENSUS,253,D,Observer,N,,,576013,576013,1.000
668860,117829,,SA,254,,N,U,107254,NEP,FRE,WHL,DeadOrZeroProbSurvival,Lan,,,,U,,,,NotApplicable,,,,,,,,,Box,,,1.0,1.0,1.0000000000000000,1.0000000000000000,CENSUS,254,D,Observer,N,,,443027,443027,1.000
668861,117830,,SA,255,,N,U,107254,NEP,FRE,WHL,DeadOrZeroProbSurvival,Lan,,,,U,,,,NotApplicable,,,,,,,,,Box,,,1.0,1.0,1.0000000000000000,1.0000000000000000,CENSUS,255,D,Observer,N,,,461249,461249,1.000
668862,117831,,SA,256,,N,U,107254,NEP,FRE,WHL,DeadOrZeroProbSurvival,Lan,,,,U,,,,NotApplicable,,,,,,,,,Box,,,1.0,1.0,1.0000000000000000,1.0000000000000000,CENSUS,256,D,Observer,N,,,463450,463450,1.000
668863,117832,,SA,257,,N,U,107254,NEP,FRE,WHL,DeadOrZeroProbSurvival,Lan,,,,U,,,,NotApplicable,,,,,,,,,Box,,,1.0,1.0,1.0000000000000000,1.0000000000000000,CENSUS,257,D,Observer,N,,,2234262,2234262,1.000
668864,117833,,SA,258,,N,U,107254,NEP,FRE,WHL,DeadOrZeroProbSurvival,Lan,,,,U,,,,NotApplicable,,,,,,,,,Box,,,1.0,1.0,1.0000000000000000,1.0000000000000000,CENSUS,258,D,Observer,N,,,517671,517671,1.000
668865,117834,,SA,259,,N,U,107254,NEP,FRE,WHL,DeadOrZeroProbSurvival,Lan,,,,U,,,,NotApplicable,,,,,,,,,Box,,,1.0,1.0,1.0000000000000000,1.0000000000000000,CENSUS,259,D,Observer,N,,,531206,531206,1.000
668866,117835,,SA,26,,N,U,107254,NEP,FRE,WHL,DeadOrZeroProbSurvival,Lan,,,,U,,,,NotApplicable,,,,,,,,,Box,,,1.0,1.0,1.0000000000000000,1.0000000000000000,CENSUS,26,D,Observer,N,,,70672,70672,1.000
668867,117836,,SA,260,,N,U,107254,NEP,FRE,WHL,DeadOrZeroProbSurvival,Lan,,,,U,,,,NotApplicable,,,,,,,,,Box,,,1.0,1.0,1.0000000000000000,1.0000000000000000,CENSUS,260,D,Observer,N,,,424701,424701,1.000
668868,117837,,SA,261,,N,U,107254,NEP,FRE,WHL,DeadOrZeroProbSurvival,Lan,,,,U,,,,NotApplicable,,,,,,,,,Box,,,1.0,1.0,1.0000000000000000,1.0000000000000000,CENSUS,261,D,Observer,N,,,318658,318658,1.000
668869,117838,,SA,262,,N,U,107254,NEP,FRE,WHL,DeadOrZeroProbSurvival,Lan,,,,U,,,,NotApplicable,,,,,,,,,Box,,,1.0,1.0,1.0000000000000000,1.0000000000000000,CENSUS,262,D,Observer,N,,,243989,243989,1.000
668870,117839,,SA,263,,N,U,107254,NEP,FRE,WHL,DeadOrZeroProbSurvival,Lan,,,,U,,,,NotApplicable,,,,,,,,,Box,,,1.0,1.0,1.0000000000000000,1.0000000000000000,CENSUS,263,D,Observer,N,,,443224,443224,1.000
668871,117840,,SA,264,,N,U,107254,NEP,FRE,WHL,DeadOrZeroProbSurvival,Lan,,,,U,,,,NotApplicable,,,,,,,,,Box,,,1.0,1.0,1.0000000000000000,1.0000000000000000,CENSUS,264,D,Observer,N,,,517272,517272,1.000
668872,117841,,SA,265,,N,U,107254,NEP,FRE,WHL,DeadOrZeroProbSurvival,Lan,,,,U,,,,NotApplicable,,,,,,,,,Box,,,1.0,1.0,1.0000000000000000,1.0000000000000000,CENSUS,265,D,Observer,N,,,1695484,1695484,1.000
668873,117842,,SA,266,,N,U,107254,NEP,FRE,WHL,DeadOrZeroProbSurvival,Lan,,,,U,,,,NotApplicable,,,,,,,,,Box,,,1.0,1.0,1.0000000000000000,1.0000000000000000,CENSUS,266,D,Observer,N,,,425281,425281,1.000
668874,117843,,SA,267,,N,U,107254,NEP,FRE,WHL,DeadOrZeroProbSurvival,Lan,,,,U,,,,NotApplicable,,,,,,,,,Box,,,1.0,1.0,1.0000000000000000,1.0000000000000000,CENSUS,267,D,Observer,N,,,572607,572607,1.000
668875,117844,,SA,268,,N,U,107254,NEP,FRE,WHL,DeadOrZeroProbSurvival,Lan,,,,U,,,,NotApplicable,,,,,,,,,Box,,,1.0,1.0,1.0000000000000000,1.0000000000000000,CENSUS,268,D,Observer,N,,,54580,54580,1.000
668876,117845,,SA,269,,N,U,107254,NEP,FRE,WHL,DeadOrZeroProbSurvival,Lan,,,,U,,,,NotApplicable,,,,,,,,,Box,,,1.0,1.0,1.0000000000000000,1.0000000000000000,CENSUS,269,D,Observer,N,,,505140,505140,1.000
668877,117846,,SA,27,,N,U,107254,NEP,FRE,WHL,DeadOrZeroProbSurvival,Lan,,,,U,,,,NotApplicable,,,,,,,,,Box,,,1.0,1.0,1.0000000000000000,1.0000000000000000,CENSUS,27,D,Observer,N,,,96968,96968,1.000
668878,117847,,SA,270,,N,U,107254,NEP,FRE,WHL,DeadOrZeroProbSurvival,Lan,,,,U,,,,NotApplicable,,,,,,,,,Box,,,1.0,1.0,1.0000000000000000,1.0000000000000000,CENSUS,270,D,Observer,N,,,260892,260892,1.000
668879,117848,,SA,271,,N,U,107254,NEP,FRE,WHL,DeadOrZeroProbSurvival,Lan,,,,U,,,,NotApplicable,,,,,,,,,Box,,,1.0,1.0,1.0000000000000000,1.0000000000000000,CENSUS,271,D,Observer,N,,,81768,81768,1.000
668880,117849,,SA,272,,N,U,107254,NEP,FRE,WHL,DeadOrZeroProbSurvival,Lan,,,,U,,,,NotApplicable,,,,,,,,,Box,,,1.0,1.0,1.0000000000000000,1.0000000000000000,CENSUS,272,D,Observer,N,,,51604,51604,1.000
668881,117850,,SA,273,,N,U,107254,NEP,FRE,WHL,DeadOrZeroProbSurvival,Lan,,,,U,,,,NotApplicable,,,,,,,,,Box,,,1.0,1.0,1.0000000000000000,1.0000000000000000,CENSUS,273,D,Observer,N,,,85954,85954,1.000
668882,117851,,SA,274,,N,U,107254,NEP,FRE,WHL,DeadOrZeroProbSurvival,Lan,,,,U,,,,NotApplicable,,,,,,,,,Box,,,1.0,1.0,1.0000000000000000,1.0000000000000000,CENSUS,274,D,Observer,N,,,51442,51442,1.000
668883,117852,,SA,275,,N,U,107254,NEP,FRE,WHL,DeadOrZeroProbSurvival,Lan,,,,U,,,,NotApplicable,,,,,,,,,Box,,,1.0,1.0,1.0000000000000000,1.0000000000000000,CENSUS,275,D,Observer,N,,,96910,96910,1.000
668884,117853,,SA,276,,N,U,107254,NEP,FRE,WHL,DeadOrZeroProbSurvival,Lan,,,,U,,,,NotApplicable,,,,,,,,,Box,,,1.0,1.0,1.0000000000000000,1.0000000000000000,CENSUS,276,D,Observer,N,,,86247,86247,1.000
668885,117854,,SA,277,,N,U,107254,NEP,FRE,WHL,DeadOrZeroProbSurvival,Lan,,,,U,,,,NotApplicable,,,,,,,,,Box,,,1.0,1.0,1.0000000000000000,1.0000000000000000,CENSUS,277,D,Observer,N,,,52469,52469,1.000
668886,117855,,SA,278,,N,U,107254,NEP,FRE,WHL,DeadOrZeroProbSurvival,Lan,,,,U,,,,NotApplicable,,,,,,,,,Box,,,1.0,1.0,1.0000000000000000,1.0000000000000000,CENSUS,278,D,Observer,N,,,41290,41290,1.000
668887,117856,,SA,279,,N,U,107254,NEP,FRE,WHL,DeadOrZeroProbSurvival,Lan,,,,U,,,,NotApplicable,,,,,,,,,Box,,,1.0,1.0,1.0000000000000000,1.0000000000000000,CENSUS,279,D,Observer,N,,,63991,63991,1.000
668888,117857,,SA,28,,N,U,107254,NEP,FRE,WHL,DeadOrZeroProbSurvival,Lan,,,,U,,,,NotApplicable,,,,,,,,,Box,,,1.0,1.0,1.0000000000000000,1.0000000000000000,CENSUS,28,D,Observer,N,,,265443,265443,1.000
668889,117858,,SA,280,,N,U,107254,NEP,FRE,WHL,DeadOrZeroProbSurvival,Lan,,,,U,,,,NotApplicable,,,,,,,,,Box,,,1.0,1.0,1.0000000000000000,1.0000000000000000,CENSUS,280,D,Observer,N,,,297064,297064,1.000
668890,117859,,SA,281,,N,U,107254,NEP,FRE,WHL,DeadOrZeroProbSurvival,Lan,,,,U,,,,NotApplicable,,,,,,,,,Box,,,1.0,1.0,1.0000000000000000,1.0000000000000000,CENSUS,281,D,Observer,N,,,48889,48889,1.000
668891,117860,,SA,282,,N,U,107254,NEP,FRE,WHL,DeadOrZeroProbSurvival,Lan,,,,U,,,,NotApplicable,,,,,,,,,Box,,,1.0,1.0,1.0000000000000000,1.0000000000000000,CENSUS,282,D,Observer,N,,,160973,160973,1.000
668892,117861,,SA,283,,N,U,107254,NEP,FRE,WHL,DeadOrZeroProbSurvival,Lan,,,,U,,,,NotApplicable,,,,,,,,,Box,,,1.0,1.0,1.0000000000000000,1.0000000000000000,CENSUS,283,D,Observer,N,,,119973,119973,1.000
668893,117862,,SA,284,,N,U,107254,NEP,FRE,WHL,DeadOrZeroProbSurvival,Lan,,,,U,,,,NotApplicable,,,,,,,,,Box,,,1.0,1.0,1.0000000000000000,1.0000000000000000,CENSUS,284,D,Observer,N,,,83047,83047,1.000
668894,117863,,SA,285,,N,U,107254,NEP,FRE,WHL,DeadOrZeroProbSurvival,Lan,,,,U,,,,NotApplicable,,,,,,,,,Box,,,1.0,1.0,1.0000000000000000,1.0000000000000000,CENSUS,285,D,Observer,N,,,138531,138531,1.000
668895,117864,,SA,286,,N,U,107254,NEP,FRE,WHL,DeadOrZeroProbSurvival,Lan,,,,U,,,,NotApplicable,,,,,,,,,Box,,,1.0,1.0,1.0000000000000000,1.0000000000000000,CENSUS,286,D,Observer,N,,,56289,56289,1.000
668896,117865,,SA,287,,N,U,107254,NEP,FRE,WHL,DeadOrZeroProbSurvival,Lan,,,,U,,,,NotApplicable,,,,,,,,,Box,,,1.0,1.0,1.0000000000000000,1.0000000000000000,CENSUS,287,D,Observer,N,,,132674,132674,1.000
668897,117866,,SA,288,,N,U,107254,NEP,FRE,WHL,DeadOrZeroProbSurvival,Lan,,,,U,,,,NotApplicable,,,,,,,,,Box,,,1.0,1.0,1.0000000000000000,1.0000000000000000,CENSUS,288,D,Observer,N,,,112085,112085,1.000
668898,117867,,SA,289,,N,U,107254,NEP,FRE,WHL,DeadOrZeroProbSurvival,Lan,,,,U,,,,NotApplicable,,,,,,,,,Box,,,1.0,1.0,1.0000000000000000,1.0000000000000000,CENSUS,289,D,Observer,N,,,748088,748088,1.000
668899,117868,,SA,29,,N,U,107254,NEP,FRE,WHL,DeadOrZeroProbSurvival,Lan,,,,U,,,,NotApplicable,,,,,,,,,Box,,,1.0,1.0,1.0000000000000000,1.0000000000000000,CENSUS,29,D,Observer,N,,,351885,351885,1.000
668900,117869,,SA,290,,N,U,107254,NEP,FRE,WHL,DeadOrZeroProbSurvival,Lan,,,,U,,,,NotApplicable,,,,,,,,,Box,,,1.0,1.0,1.0000000000000000,1.0000000000000000,CENSUS,290,D,Observer,N,,,325472,325472,1.000
668901,117870,,SA,291,,N,U,107254,NEP,FRE,WHL,DeadOrZeroProbSurvival,Lan,,,,U,,,,NotApplicable,,,,,,,,,Box,,,1.0,1.0,1.0000000000000000,1.0000000000000000,CENSUS,291,D,Observer,N,,,55360,55360,1.000
668902,117871,,SA,292,,N,U,107254,NEP,FRE,WHL,DeadOrZeroProbSurvival,Lan,,,,U,,,,NotApplicable,,,,,,,,,Box,,,1.0,1.0,1.0000000000000000,1.0000000000000000,CENSUS,292,D,Observer,N,,,58750,58750,1.000
668903,117872,,SA,293,,N,U,107254,NEP,FRE,WHL,DeadOrZeroProbSurvival,Lan,,,,U,,,,NotApplicable,,,,,,,,,Box,,,1.0,1.0,1.0000000000000000,1.0000000000000000,CENSUS,293,D,Observer,N,,,1404289,1404289,1.000
668904,117873,,SA,294,,N,U,107254,NEP,FRE,WHL,DeadOrZeroProbSurvival,Lan,,,,U,,,,NotApplicable,,,,,,,,,Box,,,1.0,1.0,1.0000000000000000,1.0000000000000000,CENSUS,294,D,Observer,N,,,170228,170228,1.000
668905,117874,,SA,295,,N,U,107254,NEP,FRE,WHL,DeadOrZeroProbSurvival,Lan,,,,U,,,,NotApplicable,,,,,,,,,Box,,,1.0,1.0,1.0000000000000000,1.0000000000000000,CENSUS,295,D,Observer,N,,,182339,182339,1.000
668906,117875,,SA,296,,N,U,107254,NEP,FRE,WHL,DeadOrZeroProbSurvival,Lan,,,,U,,,,NotApplicable,,,,,,,,,Box,,,1.0,1.0,1.0000000000000000,1.0000000000000000,CENSUS,296,D,Observer,N,,,78772,78772,1.000
668907,117876,,SA,297,,N,U,107254,NEP,FRE,WHL,DeadOrZeroProbSurvival,Lan,,,,U,,,,NotApplicable,,,,,,,,,Box,,,1.0,1.0,1.0000000000000000,1.0000000000000000,CENSUS,297,D,Observer,N,,,343115,343115,1.000
668908,117877,,SA,298,,N,U,107254,NEP,FRE,WHL,DeadOrZeroProbSurvival,Lan,,,,U,,,,NotApplicable,,,,,,,,,Box,,,1.0,1.0,1.0000000000000000,1.0000000000000000,CENSUS,298,D,Observer,N,,,19956,19956,1.000
668909,117878,,SA,299,,N,U,107254,NEP,FRE,WHL,DeadOrZeroProbSurvival,Lan,,,,U,,,,NotApplicable,,,,,,,,,Box,,,1.0,1.0,1.0000000000000000,1.0000000000000000,CENSUS,299,D,Observer,N,,,15650,15650,1.000
668910,117879,,SA,3,,N,U,107254,NEP,FRE,WHL,DeadOrZeroProbSurvival,Lan,,,,U,,,,NotApplicable,,,,,,,,,Box,,,1.0,1.0,1.0000000000000000,1.0000000000000000,CENSUS,3,D,Observer,N,,,56102,56102,1.000
668911,117880,,SA,30,,N,U,107254,NEP,FRE,WHL,DeadOrZeroProbSurvival,Lan,,,,U,,,,NotApplicable,,,,,,,,,Box,,,1.0,1.0,1.0000000000000000,1.0000000000000000,CENSUS,30,D,Observer,N,,,35851,35851,1.000
668912,117881,,SA,300,,N,U,107254,NEP,FRE,WHL,DeadOrZeroProbSurvival,Lan,,,,U,,,,NotApplicable,,,,,,,,,Box,,,1.0,1.0,1.0000000000000000,1.0000000000000000,CENSUS,300,D,Observer,N,,,55827,55827,1.000
668913,117882,,SA,31,,N,U,107254,NEP,FRE,WHL,DeadOrZeroProbSurvival,Lan,,,,U,,,,NotApplicable,,,,,,,,,Box,,,1.0,1.0,1.0000000000000000,1.0000000000000000,CENSUS,31,D,Observer,N,,,8518,8518,1.000
668914,117883,,SA,32,,N,U,107254,NEP,FRE,WHL,DeadOrZeroProbSurvival,Lan,,,,U,,,,NotApplicable,,,,,,,,,Box,,,1.0,1.0,1.0000000000000000,1.0000000000000000,CENSUS,32,D,Observer,N,,,26984,26984,1.000
668915,117884,,SA,33,,N,U,107254,NEP,FRE,WHL,DeadOrZeroProbSurvival,Lan,,,,U,,,,NotApplicable,,,,,,,,,Box,,,1.0,1.0,1.0000000000000000,1.0000000000000000,CENSUS,33,D,Observer,N,,,40608,40608,1.000
668916,117885,,SA,34,,N,U,107254,NEP,FRE,WHL,DeadOrZeroProbSurvival,Lan,,,,U,,,,NotApplicable,,,,,,,,,Box,,,1.0,1.0,1.0000000000000000,1.0000000000000000,CENSUS,34,D,Observer,N,,,36074,36074,1.000
668917,117886,,SA,35,,N,U,107254,NEP,FRE,WHL,DeadOrZeroProbSurvival,Lan,,,,U,,,,NotApplicable,,,,,,,,,Box,,,1.0,1.0,1.0000000000000000,1.0000000000000000,CENSUS,35,D,Observer,N,,,72626,72626,1.000
668918,117887,,SA,36,,N,U,107254,NEP,FRE,WHL,DeadOrZeroProbSurvival,Lan,,,,U,,,,NotApplicable,,,,,,,,,Box,,,1.0,1.0,1.0000000000000000,1.0000000000000000,CENSUS,36,D,Observer,N,,,168051,168051,1.000
668919,117888,,SA,37,,N,U,107254,NEP,FRE,WHL,DeadOrZeroProbSurvival,Lan,,,,U,,,,NotApplicable,,,,,,,,,Box,,,1.0,1.0,1.0000000000000000,1.0000000000000000,CENSUS,37,D,Observer,N,,,32657,32657,1.000
668920,117889,,SA,38,,N,U,107254,NEP,FRE,WHL,DeadOrZeroProbSurvival,Lan,,,,U,,,,NotApplicable,,,,,,,,,Box,,,1.0,1.0,1.0000000000000000,1.0000000000000000,CENSUS,38,D,Observer,N,,,45448,45448,1.000
668921,117890,,SA,39,,N,U,107254,NEP,FRE,WHL,DeadOrZeroProbSurvival,Lan,,,,U,,,,NotApplicable,,,,,,,,,Box,,,1.0,1.0,1.0000000000000000,1.0000000000000000,CENSUS,39,D,Observer,N,,,51836,51836,1.000
668922,117891,,SA,4,,N,U,107254,NEP,FRE,WHL,DeadOrZeroProbSurvival,Lan,,,,U,,,,NotApplicable,,,,,,,,,Box,,,1.0,1.0,1.0000000000000000,1.0000000000000000,CENSUS,4,D,Observer,N,,,199117,199117,1.000
668923,117892,,SA,40,,N,U,107254,NEP,FRE,WHL,DeadOrZeroProbSurvival,Lan,,,,U,,,,NotApplicable,,,,,,,,,Box,,,1.0,1.0,1.0000000000000000,1.0000000000000000,CENSUS,40,D,Observer,N,,,34746,34746,1.000
668924,117893,,SA,41,,N,U,107254,NEP,FRE,WHL,DeadOrZeroProbSurvival,Lan,,,,U,,,,NotApplicable,,,,,,,,,Box,,,1.0,1.0,1.0000000000000000,1.0000000000000000,CENSUS,41,D,Observer,N,,,138803,138803,1.000
668925,117894,,SA,42,,N,U,107254,NEP,FRE,WHL,DeadOrZeroProbSurvival,Lan,,,,U,,,,NotApplicable,,,,,,,,,Box,,,1.0,1.0,1.0000000000000000,1.0000000000000000,CENSUS,42,D,Observer,N,,,49043,49043,1.000
668926,117895,,SA,43,,N,U,107254,NEP,FRE,WHL,DeadOrZeroProbSurvival,Lan,,,,U,,,,NotApplicable,,,,,,,,,Box,,,1.0,1.0,1.0000000000000000,1.0000000000000000,CENSUS,43,D,Observer,N,,,19314,19314,1.000
668927,117896,,SA,44,,N,U,107254,NEP,FRE,WHL,DeadOrZeroProbSurvival,Lan,,,,U,,,,NotApplicable,,,,,,,,,Box,,,1.0,1.0,1.0000000000000000,1.0000000000000000,CENSUS,44,D,Observer,N,,,21973,21973,1.000
668928,117897,,SA,45,,N,U,107254,NEP,FRE,WHL,DeadOrZeroProbSurvival,Lan,,,,U,,,,NotApplicable,,,,,,,,,Box,,,1.0,1.0,1.0000000000000000,1.0000000000000000,CENSUS,45,D,Observer,N,,,88829,88829,1.000
668929,117898,,SA,46,,N,U,107254,NEP,FRE,WHL,DeadOrZeroProbSurvival,Lan,,,,U,,,,NotApplicable,,,,,,,,,Box,,,1.0,1.0,1.0000000000000000,1.0000000000000000,CENSUS,46,D,Observer,N,,,47000,47000,1.000
668930,117899,,SA,47,,N,U,107254,NEP,FRE,WHL,DeadOrZeroProbSurvival,Lan,,,,U,,,,NotApplicable,,,,,,,,,Box,,,1.0,1.0,1.0000000000000000,1.0000000000000000,CENSUS,47,D,Observer,N,,,111801,111801,1.000
668931,117900,,SA,48,,N,U,107254,NEP,FRE,WHL,DeadOrZeroProbSurvival,Lan,,,,U,,,,NotApplicable,,,,,,,,,Box,,,1.0,1.0,1.0000000000000000,1.0000000000000000,CENSUS,48,D,Observer,N,,,115516,115516,1.000
668932,117901,,SA,49,,N,U,107254,NEP,FRE,WHL,DeadOrZeroProbSurvival,Lan,,,,U,,,,NotApplicable,,,,,,,,,Box,,,1.0,1.0,1.0000000000000000,1.0000000000000000,CENSUS,49,D,Observer,N,,,427215,427215,1.000
668933,117902,,SA,5,,N,U,107254,NEP,FRE,WHL,DeadOrZeroProbSurvival,Lan,,,,U,,,,NotApplicable,,,,,,,,,Box,,,1.0,1.0,1.0000000000000000,1.0000000000000000,CENSUS,5,D,Observer,N,,,89228,89228,1.000
668934,117903,,SA,50,,N,U,107254,NEP,FRE,WHL,DeadOrZeroProbSurvival,Lan,,,,U,,,,NotApplicable,,,,,,,,,Box,,,1.0,1.0,1.0000000000000000,1.0000000000000000,CENSUS,50,D,Observer,N,,,338801,338801,1.000
668935,117904,,SA,51,,N,U,107254,NEP,FRE,WHL,DeadOrZeroProbSurvival,Lan,,,,U,,,,NotApplicable,,,,,,,,,Box,,,1.0,1.0,1.0000000000000000,1.0000000000000000,CENSUS,51,D,Observer,N,,,302352,302352,1.000
668936,117905,,SA,52,,N,U,107254,NEP,FRE,WHL,DeadOrZeroProbSurvival,Lan,,,,U,,,,NotApplicable,,,,,,,,,Box,,,1.0,1.0,1.0000000000000000,1.0000000000000000,CENSUS,52,D,Observer,N,,,317205,317205,1.000
668937,117906,,SA,53,,N,U,107254,NEP,FRE,WHL,DeadOrZeroProbSurvival,Lan,,,,U,,,,NotApplicable,,,,,,,,,Box,,,1.0,1.0,1.0000000000000000,1.0000000000000000,CENSUS,53,D,Observer,N,,,399155,399155,1.000
668938,117907,,SA,54,,N,U,107254,NEP,FRE,WHL,DeadOrZeroProbSurvival,Lan,,,,U,,,,NotApplicable,,,,,,,,,Box,,,1.0,1.0,1.0000000000000000,1.0000000000000000,CENSUS,54,D,Observer,N,,,260781,260781,1.000
668939,117908,,SA,55,,N,U,107254,NEP,FRE,WHL,DeadOrZeroProbSurvival,Lan,,,,U,,,,NotApplicable,,,,,,,,,Box,,,1.0,1.0,1.0000000000000000,1.0000000000000000,CENSUS,55,D,Observer,N,,,340982,340982,1.000
668940,117909,,SA,56,,N,U,107254,NEP,FRE,WHL,DeadOrZeroProbSurvival,Lan,,,,U,,,,NotApplicable,,,,,,,,,Box,,,1.0,1.0,1.0000000000000000,1.0000000000000000,CENSUS,56,D,Observer,N,,,293266,293266,1.000
668941,117910,,SA,57,,N,U,107254,NEP,FRE,WHL,DeadOrZeroProbSurvival,Lan,,,,U,,,,NotApplicable,,,,,,,,,Box,,,1.0,1.0,1.0000000000000000,1.0000000000000000,CENSUS,57,D,Observer,N,,,221209,221209,1.000
668942,117911,,SA,58,,N,U,107254,NEP,FRE,WHL,DeadOrZeroProbSurvival,Lan,,,,U,,,,NotApplicable,,,,,,,,,Box,,,1.0,1.0,1.0000000000000000,1.0000000000000000,CENSUS,58,D,Observer,N,,,111510,111510,1.000
668943,117912,,SA,59,,N,U,107254,NEP,FRE,WHL,DeadOrZeroProbSurvival,Lan,,,,U,,,,NotApplicable,,,,,,,,,Box,,,1.0,1.0,1.0000000000000000,1.0000000000000000,CENSUS,59,D,Observer,N,,,587693,587693,1.000
668944,117913,,SA,6,,N,U,107254,NEP,FRE,WHL,DeadOrZeroProbSurvival,Lan,,,,U,,,,NotApplicable,,,,,,,,,Box,,,1.0,1.0,1.0000000000000000,1.0000000000000000,CENSUS,6,D,Observer,N,,,96194,96194,1.000
668945,117914,,SA,60,,N,U,107254,NEP,FRE,WHL,DeadOrZeroProbSurvival,Lan,,,,U,,,,NotApplicable,,,,,,,,,Box,,,1.0,1.0,1.0000000000000000,1.0000000000000000,CENSUS,60,D,Observer,N,,,103246,103246,1.000
668946,117915,,SA,61,,N,U,107254,NEP,FRE,WHL,DeadOrZeroProbSurvival,Lan,,,,U,,,,NotApplicable,,,,,,,,,Box,,,1.0,1.0,1.0000000000000000,1.0000000000000000,CENSUS,61,D,Observer,N,,,197176,197176,1.000
668947,117916,,SA,62,,N,U,107254,NEP,FRE,WHL,DeadOrZeroProbSurvival,Lan,,,,U,,,,NotApplicable,,,,,,,,,Box,,,1.0,1.0,1.0000000000000000,1.0000000000000000,CENSUS,62,D,Observer,N,,,477839,477839,1.000
668948,117917,,SA,63,,N,U,107254,NEP,FRE,WHL,DeadOrZeroProbSurvival,Lan,,,,U,,,,NotApplicable,,,,,,,,,Box,,,1.0,1.0,1.0000000000000000,1.0000000000000000,CENSUS,63,D,Observer,N,,,390149,390149,1.000
668949,117918,,SA,64,,N,U,107254,NEP,FRE,WHL,DeadOrZeroProbSurvival,Lan,,,,U,,,,NotApplicable,,,,,,,,,Box,,,1.0,1.0,1.0000000000000000,1.0000000000000000,CENSUS,64,D,Observer,N,,,223764,223764,1.000
668950,117919,,SA,65,,N,U,107254,NEP,FRE,WHL,DeadOrZeroProbSurvival,Lan,,,,U,,,,NotApplicable,,,,,,,,,Box,,,1.0,1.0,1.0000000000000000,1.0000000000000000,CENSUS,65,D,Observer,N,,,263425,263425,1.000
668951,117920,,SA,66,,N,U,107254,NEP,FRE,WHL,DeadOrZeroProbSurvival,Lan,,,,U,,,,NotApplicable,,,,,,,,,Box,,,1.0,1.0,1.0000000000000000,1.0000000000000000,CENSUS,66,D,Observer,N,,,358920,358920,1.000
668952,117921,,SA,67,,N,U,107254,NEP,FRE,WHL,DeadOrZeroProbSurvival,Lan,,,,U,,,,NotApplicable,,,,,,,,,Box,,,1.0,1.0,1.0000000000000000,1.0000000000000000,CENSUS,67,D,Observer,N,,,253916,253916,1.000
668953,117922,,SA,68,,N,U,107254,NEP,FRE,WHL,DeadOrZeroProbSurvival,Lan,,,,U,,,,NotApplicable,,,,,,,,,Box,,,1.0,1.0,1.0000000000000000,1.0000000000000000,CENSUS,68,D,Observer,N,,,709106,709106,1.000
668954,117923,,SA,69,,N,U,107254,NEP,FRE,WHL,DeadOrZeroProbSurvival,Lan,,,,U,,,,NotApplicable,,,,,,,,,Box,,,1.0,1.0,1.0000000000000000,1.0000000000000000,CENSUS,69,D,Observer,N,,,312128,312128,1.000
668955,117924,,SA,7,,N,U,107254,NEP,FRE,WHL,DeadOrZeroProbSurvival,Lan,,,,U,,,,NotApplicable,,,,,,,,,Box,,,1.0,1.0,1.0000000000000000,1.0000000000000000,CENSUS,7,D,Observer,N,,,57253,57253,1.000
668956,117925,,SA,70,,N,U,107254,NEP,FRE,WHL,DeadOrZeroProbSurvival,Lan,,,,U,,,,NotApplicable,,,,,,,,,Box,,,1.0,1.0,1.0000000000000000,1.0000000000000000,CENSUS,70,D,Observer,N,,,392639,392639,1.000
668957,117926,,SA,71,,N,U,107254,NEP,FRE,WHL,DeadOrZeroProbSurvival,Lan,,,,U,,,,NotApplicable,,,,,,,,,Box,,,1.0,1.0,1.0000000000000000,1.0000000000000000,CENSUS,71,D,Observer,N,,,82426,82426,1.000
668958,117927,,SA,72,,N,U,107254,NEP,FRE,WHL,DeadOrZeroProbSurvival,Lan,,,,U,,,,NotApplicable,,,,,,,,,Box,,,1.0,1.0,1.0000000000000000,1.0000000000000000,CENSUS,72,D,Observer,N,,,446750,446750,1.000
668959,117928,,SA,73,,N,U,107254,NEP,FRE,WHL,DeadOrZeroProbSurvival,Lan,,,,U,,,,NotApplicable,,,,,,,,,Box,,,1.0,1.0,1.0000000000000000,1.0000000000000000,CENSUS,73,D,Observer,N,,,402212,402212,1.000
668960,117929,,SA,74,,N,U,107254,NEP,FRE,WHL,DeadOrZeroProbSurvival,Lan,,,,U,,,,NotApplicable,,,,,,,,,Box,,,1.0,1.0,1.0000000000000000,1.0000000000000000,CENSUS,74,D,Observer,N,,,314886,314886,1.000
668961,117930,,SA,75,,N,U,107254,NEP,FRE,WHL,DeadOrZeroProbSurvival,Lan,,,,U,,,,NotApplicable,,,,,,,,,Box,,,1.0,1.0,1.0000000000000000,1.0000000000000000,CENSUS,75,D,Observer,N,,,297003,297003,1.000
668962,117931,,SA,76,,N,U,107254,NEP,FRE,WHL,DeadOrZeroProbSurvival,Lan,,,,U,,,,NotApplicable,,,,,,,,,Box,,,1.0,1.0,1.0000000000000000,1.0000000000000000,CENSUS,76,D,Observer,N,,,223429,223429,1.000
668963,117932,,SA,77,,N,U,107254,NEP,FRE,WHL,DeadOrZeroProbSurvival,Lan,,,,U,,,,NotApplicable,,,,,,,,,Box,,,1.0,1.0,1.0000000000000000,1.0000000000000000,CENSUS,77,D,Observer,N,,,22555,22555,1.000
668964,117933,,SA,78,,N,U,107254,NEP,FRE,WHL,DeadOrZeroProbSurvival,Lan,,,,U,,,,NotApplicable,,,,,,,,,Box,,,1.0,1.0,1.0000000000000000,1.0000000000000000,CENSUS,78,D,Observer,N,,,192311,192311,1.000
668965,117934,,SA,79,,N,U,107254,NEP,FRE,WHL,DeadOrZeroProbSurvival,Lan,,,,U,,,,NotApplicable,,,,,,,,,Box,,,1.0,1.0,1.0000000000000000,1.0000000000000000,CENSUS,79,D,Observer,N,,,229097,229097,1.000
668966,117935,,SA,8,,N,U,107254,NEP,FRE,WHL,DeadOrZeroProbSurvival,Lan,,,,U,,,,NotApplicable,,,,,,,,,Box,,,1.0,1.0,1.0000000000000000,1.0000000000000000,CENSUS,8,D,Observer,N,,,210692,210692,1.000
668967,117936,,SA,80,,N,U,107254,NEP,FRE,WHL,DeadOrZeroProbSurvival,Lan,,,,U,,,,NotApplicable,,,,,,,,,Box,,,1.0,1.0,1.0000000000000000,1.0000000000000000,CENSUS,80,D,Observer,N,,,241049,241049,1.000
668968,117937,,SA,81,,N,U,107254,NEP,FRE,WHL,DeadOrZeroProbSurvival,Lan,,,,U,,,,NotApplicable,,,,,,,,,Box,,,1.0,1.0,1.0000000000000000,1.0000000000000000,CENSUS,81,D,Observer,N,,,139638,139638,1.000
668969,117938,,SA,82,,N,U,107254,NEP,FRE,WHL,DeadOrZeroProbSurvival,Lan,,,,U,,,,NotApplicable,,,,,,,,,Box,,,1.0,1.0,1.0000000000000000,1.0000000000000000,CENSUS,82,D,Observer,N,,,144305,144305,1.000
668970,117939,,SA,83,,N,U,107254,NEP,FRE,WHL,DeadOrZeroProbSurvival,Lan,,,,U,,,,NotApplicable,,,,,,,,,Box,,,1.0,1.0,1.0000000000000000,1.0000000000000000,CENSUS,83,D,Observer,N,,,139523,139523,1.000
668971,117940,,SA,84,,N,U,107254,NEP,FRE,WHL,DeadOrZeroProbSurvival,Lan,,,,U,,,,NotApplicable,,,,,,,,,Box,,,1.0,1.0,1.0000000000000000,1.0000000000000000,CENSUS,84,D,Observer,N,,,119318,119318,1.000
668972,117941,,SA,85,,N,U,107254,NEP,FRE,WHL,DeadOrZeroProbSurvival,Lan,,,,U,,,,NotApplicable,,,,,,,,,Box,,,1.0,1.0,1.0000000000000000,1.0000000000000000,CENSUS,85,D,Observer,N,,,144722,144722,1.000
668973,117942,,SA,86,,N,U,107254,NEP,FRE,WHL,DeadOrZeroProbSurvival,Lan,,,,U,,,,NotApplicable,,,,,,,,,Box,,,1.0,1.0,1.0000000000000000,1.0000000000000000,CENSUS,86,D,Observer,N,,,189136,189136,1.000
668974,117943,,SA,87,,N,U,107254,NEP,FRE,WHL,DeadOrZeroProbSurvival,Lan,,,,U,,,,NotApplicable,,,,,,,,,Box,,,1.0,1.0,1.0000000000000000,1.0000000000000000,CENSUS,87,D,Observer,N,,,189467,189467,1.000
668975,117944,,SA,88,,N,U,107254,NEP,FRE,WHL,DeadOrZeroProbSurvival,Lan,,,,U,,,,NotApplicable,,,,,,,,,Box,,,1.0,1.0,1.0000000000000000,1.0000000000000000,CENSUS,88,D,Observer,N,,,339138,339138,1.000
668976,117945,,SA,89,,N,U,107254,NEP,FRE,WHL,DeadOrZeroProbSurvival,Lan,,,,U,,,,NotApplicable,,,,,,,,,Box,,,1.0,1.0,1.0000000000000000,1.0000000000000000,CENSUS,89,D,Observer,N,,,380969,380969,1.000
668977,117946,,SA,9,,N,U,107254,NEP,FRE,WHL,DeadOrZeroProbSurvival,Lan,,,,U,,,,NotApplicable,,,,,,,,,Box,,,1.0,1.0,1.0000000000000000,1.0000000000000000,CENSUS,9,D,Observer,N,,,78498,78498,1.000
668978,117947,,SA,90,,N,U,107254,NEP,FRE,WHL,DeadOrZeroProbSurvival,Lan,,,,U,,,,NotApplicable,,,,,,,,,Box,,,1.0,1.0,1.0000000000000000,1.0000000000000000,CENSUS,90,D,Observer,N,,,316317,316317,1.000
668979,117948,,SA,91,,N,U,107254,NEP,FRE,WHL,DeadOrZeroProbSurvival,Lan,,,,U,,,,NotApplicable,,,,,,,,,Box,,,1.0,1.0,1.0000000000000000,1.0000000000000000,CENSUS,91,D,Observer,N,,,482434,482434,1.000
668980,117949,,SA,92,,N,U,107254,NEP,FRE,WHL,DeadOrZeroProbSurvival,Lan,,,,U,,,,NotApplicable,,,,,,,,,Box,,,1.0,1.0,1.0000000000000000,1.0000000000000000,CENSUS,92,D,Observer,N,,,485656,485656,1.000
668981,117950,,SA,93,,N,U,107254,NEP,FRE,WHL,DeadOrZeroProbSurvival,Lan,,,,U,,,,NotApplicable,,,,,,,,,Box,,,1.0,1.0,1.0000000000000000,1.0000000000000000,CENSUS,93,D,Observer,N,,,484415,484415,1.000
668982,117951,,SA,94,,N,U,107254,NEP,FRE,WHL,DeadOrZeroProbSurvival,Lan,,,,U,,,,NotApplicable,,,,,,,,,Box,,,1.0,1.0,1.0000000000000000,1.0000000000000000,CENSUS,94,D,Observer,N,,,450829,450829,1.000
668983,117952,,SA,95,,N,U,107254,NEP,FRE,WHL,DeadOrZeroProbSurvival,Lan,,,,U,,,,NotApplicable,,,,,,,,,Box,,,1.0,1.0,1.0000000000000000,1.0000000000000000,CENSUS,95,D,Observer,N,,,27836,27836,1.000
668984,117953,,SA,96,,N,U,107254,NEP,FRE,WHL,DeadOrZeroProbSurvival,Lan,,,,U,,,,NotApplicable,,,,,,,,,Box,,,1.0,1.0,1.0000000000000000,1.0000000000000000,CENSUS,96,D,Observer,N,,,108291,108291,1.000
668985,117954,,SA,97,,N,U,107254,NEP,FRE,WHL,DeadOrZeroProbSurvival,Lan,,,,U,,,,NotApplicable,,,,,,,,,Box,,,1.0,1.0,1.0000000000000000,1.0000000000000000,CENSUS,97,D,Observer,N,,,96829,96829,1.000
668986,117955,,SA,98,,N,U,107254,NEP,FRE,WHL,DeadOrZeroProbSurvival,Lan,,,,U,,,,NotApplicable,,,,,,,,,Box,,,1.0,1.0,1.0000000000000000,1.0000000000000000,CENSUS,98,D,Observer,N,,,127161,127161,1.000
668987,117956,,SA,99,,N,U,107254,NEP,FRE,WHL,DeadOrZeroProbSurvival,Lan,,,,U,,,,NotApplicable,,,,,,,,,Box,,,1.0,1.0,1.0000000000000000,1.0000000000000000,CENSUS,99,D,Observer,N,,,210275,210275,1.000
