SSid,LEid,FOid,TEid,FTid,SLid,OSid,SSrecordType,SSsequenceNumber,SSstratification,SSstratumName,SSclustering,SSclusterName,SSobservationActivityType,SScatchFraction,SSobservationType,SSsampler,SSspeciesListName,SSuseForCalculateZero,SStimeTotal,SStimeSampled,SSnumberTotal,SSnumberSampled,SSselectionProb,SSinclusionProb,SSselectionMethod,SSunitName,SSselectionMethodCluster,SSnumberTotalClusters,SSnumberSampledClusters,SSselectionProbCluster,SSinclusionProbCluster,SSsampled,SSreasonNotSampled
117657,,77193,,,31832,,SS,1,N,U,N,U,Sort,Lan,Volume,Observer,Pckg_SDAResources_agsrs_H1,N,,,1,1,1.0000000000000000,1.0000000000000000,CENSUS,1,,,,,,Y,
117658,,77194,,,31832,,SS,10,N,U,N,U,Sort,Lan,Volume,Observer,Pckg_SDAResources_agsrs_H1,N,,,1,1,1.0000000000000000,1.0000000000000000,CENSUS,10,,,,,,Y,
117659,,77195,,,31832,,SS,100,N,U,N,U,Sort,Lan,Volume,Observer,Pckg_SDAResources_agsrs_H1,N,,,1,1,1.0000000000000000,1.0000000000000000,CENSUS,100,,,,,,Y,
117660,,77196,,,31832,,SS,101,N,U,N,U,Sort,Lan,Volume,Observer,Pckg_SDAResources_agsrs_H1,N,,,1,1,1.0000000000000000,1.0000000000000000,CENSUS,101,,,,,,Y,
117661,,77197,,,31832,,SS,102,N,U,N,U,Sort,Lan,Volume,Observer,Pckg_SDAResources_agsrs_H1,N,,,1,1,1.0000000000000000,1.0000000000000000,CENSUS,102,,,,,,Y,
117662,,77198,,,31832,,SS,103,N,U,N,U,Sort,Lan,Volume,Observer,Pckg_SDAResources_agsrs_H1,N,,,1,1,1.0000000000000000,1.0000000000000000,CENSUS,103,,,,,,Y,
117663,,77199,,,31832,,SS,104,N,U,N,U,Sort,Lan,Volume,Observer,Pckg_SDAResources_agsrs_H1,N,,,1,1,1.0000000000000000,1.0000000000000000,CENSUS,104,,,,,,Y,
117664,,77200,,,31832,,SS,105,N,U,N,U,Sort,Lan,Volume,Observer,Pckg_SDAResources_agsrs_H1,N,,,1,1,1.0000000000000000,1.0000000000000000,CENSUS,105,,,,,,Y,
117665,,77201,,,31832,,SS,106,N,U,N,U,Sort,Lan,Volume,Observer,Pckg_SDAResources_agsrs_H1,N,,,1,1,1.0000000000000000,1.0000000000000000,CENSUS,106,,,,,,Y,
117666,,77202,,,31832,,SS,107,N,U,N,U,Sort,Lan,Volume,Observer,Pckg_SDAResources_agsrs_H1,N,,,1,1,1.0000000000000000,1.0000000000000000,CENSUS,107,,,,,,Y,
117667,,77203,,,31832,,SS,108,N,U,N,U,Sort,Lan,Volume,Observer,Pckg_SDAResources_agsrs_H1,N,,,1,1,1.0000000000000000,1.0000000000000000,CENSUS,108,,,,,,Y,
117668,,77204,,,31832,,SS,109,N,U,N,U,Sort,Lan,Volume,Observer,Pckg_SDAResources_agsrs_H1,N,,,1,1,1.0000000000000000,1.0000000000000000,CENSUS,109,,,,,,Y,
117669,,77205,,,31832,,SS,11,N,U,N,U,Sort,Lan,Volume,Observer,Pckg_SDAResources_agsrs_H1,N,,,1,1,1.0000000000000000,1.0000000000000000,CENSUS,11,,,,,,Y,
117670,,77206,,,31832,,SS,110,N,U,N,U,Sort,Lan,Volume,Observer,Pckg_SDAResources_agsrs_H1,N,,,1,1,1.0000000000000000,1.0000000000000000,CENSUS,110,,,,,,Y,
117671,,77207,,,31832,,SS,111,N,U,N,U,Sort,Lan,Volume,Observer,Pckg_SDAResources_agsrs_H1,N,,,1,1,1.0000000000000000,1.0000000000000000,CENSUS,111,,,,,,Y,
117672,,77208,,,31832,,SS,112,N,U,N,U,Sort,Lan,Volume,Observer,Pckg_SDAResources_agsrs_H1,N,,,1,1,1.0000000000000000,1.0000000000000000,CENSUS,112,,,,,,Y,
117673,,77209,,,31832,,SS,113,N,U,N,U,Sort,Lan,Volume,Observer,Pckg_SDAResources_agsrs_H1,N,,,1,1,1.0000000000000000,1.0000000000000000,CENSUS,113,,,,,,Y,
117674,,77210,,,31832,,SS,114,N,U,N,U,Sort,Lan,Volume,Observer,Pckg_SDAResources_agsrs_H1,N,,,1,1,1.0000000000000000,1.0000000000000000,CENSUS,114,,,,,,Y,
117675,,77211,,,31832,,SS,115,N,U,N,U,Sort,Lan,Volume,Observer,Pckg_SDAResources_agsrs_H1,N,,,1,1,1.0000000000000000,1.0000000000000000,CENSUS,115,,,,,,Y,
117676,,77212,,,31832,,SS,116,N,U,N,U,Sort,Lan,Volume,Observer,Pckg_SDAResources_agsrs_H1,N,,,1,1,1.0000000000000000,1.0000000000000000,CENSUS,116,,,,,,Y,
117677,,77213,,,31832,,SS,117,N,U,N,U,Sort,Lan,Volume,Observer,Pckg_SDAResources_agsrs_H1,N,,,1,1,1.0000000000000000,1.0000000000000000,CENSUS,117,,,,,,Y,
117678,,77214,,,31832,,SS,118,N,U,N,U,Sort,Lan,Volume,Observer,Pckg_SDAResources_agsrs_H1,N,,,1,1,1.0000000000000000,1.0000000000000000,CENSUS,118,,,,,,Y,
117679,,77215,,,31832,,SS,119,N,U,N,U,Sort,Lan,Volume,Observer,Pckg_SDAResources_agsrs_H1,N,,,1,1,1.0000000000000000,1.0000000000000000,CENSUS,119,,,,,,Y,
117680,,77216,,,31832,,SS,12,N,U,N,U,Sort,Lan,Volume,Observer,Pckg_SDAResources_agsrs_H1,N,,,1,1,1.0000000000000000,1.0000000000000000,CENSUS,12,,,,,,Y,
117681,,77217,,,31832,,SS,120,N,U,N,U,Sort,Lan,Volume,Observer,Pckg_SDAResources_agsrs_H1,N,,,1,1,1.0000000000000000,1.0000000000000000,CENSUS,120,,,,,,Y,
117682,,77218,,,31832,,SS,121,N,U,N,U,Sort,Lan,Volume,Observer,Pckg_SDAResources_agsrs_H1,N,,,1,1,1.0000000000000000,1.0000000000000000,CENSUS,121,,,,,,Y,
117683,,77219,,,31832,,SS,122,N,U,N,U,Sort,Lan,Volume,Observer,Pckg_SDAResources_agsrs_H1,N,,,1,1,1.0000000000000000,1.0000000000000000,CENSUS,122,,,,,,Y,
117684,,77220,,,31832,,SS,123,N,U,N,U,Sort,Lan,Volume,Observer,Pckg_SDAResources_agsrs_H1,N,,,1,1,1.0000000000000000,1.0000000000000000,CENSUS,123,,,,,,Y,
117685,,77221,,,31832,,SS,124,N,U,N,U,Sort,Lan,Volume,Observer,Pckg_SDAResources_agsrs_H1,N,,,1,1,1.0000000000000000,1.0000000000000000,CENSUS,124,,,,,,Y,
117686,,77222,,,31832,,SS,125,N,U,N,U,Sort,Lan,Volume,Observer,Pckg_SDAResources_agsrs_H1,N,,,1,1,1.0000000000000000,1.0000000000000000,CENSUS,125,,,,,,Y,
117687,,77223,,,31832,,SS,126,N,U,N,U,Sort,Lan,Volume,Observer,Pckg_SDAResources_agsrs_H1,N,,,1,1,1.0000000000000000,1.0000000000000000,CENSUS,126,,,,,,Y,
117688,,77224,,,31832,,SS,127,N,U,N,U,Sort,Lan,Volume,Observer,Pckg_SDAResources_agsrs_H1,N,,,1,1,1.0000000000000000,1.0000000000000000,CENSUS,127,,,,,,Y,
117689,,77225,,,31832,,SS,128,N,U,N,U,Sort,Lan,Volume,Observer,Pckg_SDAResources_agsrs_H1,N,,,1,1,1.0000000000000000,1.0000000000000000,CENSUS,128,,,,,,Y,
117690,,77226,,,31832,,SS,129,N,U,N,U,Sort,Lan,Volume,Observer,Pckg_SDAResources_agsrs_H1,N,,,1,1,1.0000000000000000,1.0000000000000000,CENSUS,129,,,,,,Y,
117691,,77227,,,31832,,SS,13,N,U,N,U,Sort,Lan,Volume,Observer,Pckg_SDAResources_agsrs_H1,N,,,1,1,1.0000000000000000,1.0000000000000000,CENSUS,13,,,,,,Y,
117692,,77228,,,31832,,SS,130,N,U,N,U,Sort,Lan,Volume,Observer,Pckg_SDAResources_agsrs_H1,N,,,1,1,1.0000000000000000,1.0000000000000000,CENSUS,130,,,,,,Y,
117693,,77229,,,31832,,SS,131,N,U,N,U,Sort,Lan,Volume,Observer,Pckg_SDAResources_agsrs_H1,N,,,1,1,1.0000000000000000,1.0000000000000000,CENSUS,131,,,,,,Y,
117694,,77230,,,31832,,SS,132,N,U,N,U,Sort,Lan,Volume,Observer,Pckg_SDAResources_agsrs_H1,N,,,1,1,1.0000000000000000,1.0000000000000000,CENSUS,132,,,,,,Y,
117695,,77231,,,31832,,SS,133,N,U,N,U,Sort,Lan,Volume,Observer,Pckg_SDAResources_agsrs_H1,N,,,1,1,1.0000000000000000,1.0000000000000000,CENSUS,133,,,,,,Y,
117696,,77232,,,31832,,SS,134,N,U,N,U,Sort,Lan,Volume,Observer,Pckg_SDAResources_agsrs_H1,N,,,1,1,1.0000000000000000,1.0000000000000000,CENSUS,134,,,,,,Y,
117697,,77233,,,31832,,SS,135,N,U,N,U,Sort,Lan,Volume,Observer,Pckg_SDAResources_agsrs_H1,N,,,1,1,1.0000000000000000,1.0000000000000000,CENSUS,135,,,,,,Y,
117698,,77234,,,31832,,SS,136,N,U,N,U,Sort,Lan,Volume,Observer,Pckg_SDAResources_agsrs_H1,N,,,1,1,1.0000000000000000,1.0000000000000000,CENSUS,136,,,,,,Y,
117699,,77235,,,31832,,SS,137,N,U,N,U,Sort,Lan,Volume,Observer,Pckg_SDAResources_agsrs_H1,N,,,1,1,1.0000000000000000,1.0000000000000000,CENSUS,137,,,,,,Y,
117700,,77236,,,31832,,SS,138,N,U,N,U,Sort,Lan,Volume,Observer,Pckg_SDAResources_agsrs_H1,N,,,1,1,1.0000000000000000,1.0000000000000000,CENSUS,138,,,,,,Y,
117701,,77237,,,31832,,SS,139,N,U,N,U,Sort,Lan,Volume,Observer,Pckg_SDAResources_agsrs_H1,N,,,1,1,1.0000000000000000,1.0000000000000000,CENSUS,139,,,,,,Y,
117702,,77238,,,31832,,SS,14,N,U,N,U,Sort,Lan,Volume,Observer,Pckg_SDAResources_agsrs_H1,N,,,1,1,1.0000000000000000,1.0000000000000000,CENSUS,14,,,,,,Y,
117703,,77239,,,31832,,SS,140,N,U,N,U,Sort,Lan,Volume,Observer,Pckg_SDAResources_agsrs_H1,N,,,1,1,1.0000000000000000,1.0000000000000000,CENSUS,140,,,,,,Y,
117704,,77240,,,31832,,SS,141,N,U,N,U,Sort,Lan,Volume,Observer,Pckg_SDAResources_agsrs_H1,N,,,1,1,1.0000000000000000,1.0000000000000000,CENSUS,141,,,,,,Y,
117705,,77241,,,31832,,SS,142,N,U,N,U,Sort,Lan,Volume,Observer,Pckg_SDAResources_agsrs_H1,N,,,1,1,1.0000000000000000,1.0000000000000000,CENSUS,142,,,,,,Y,
117706,,77242,,,31832,,SS,143,N,U,N,U,Sort,Lan,Volume,Observer,Pckg_SDAResources_agsrs_H1,N,,,1,1,1.0000000000000000,1.0000000000000000,CENSUS,143,,,,,,Y,
117707,,77243,,,31832,,SS,144,N,U,N,U,Sort,Lan,Volume,Observer,Pckg_SDAResources_agsrs_H1,N,,,1,1,1.0000000000000000,1.0000000000000000,CENSUS,144,,,,,,Y,
117708,,77244,,,31832,,SS,145,N,U,N,U,Sort,Lan,Volume,Observer,Pckg_SDAResources_agsrs_H1,N,,,1,1,1.0000000000000000,1.0000000000000000,CENSUS,145,,,,,,Y,
117709,,77245,,,31832,,SS,146,N,U,N,U,Sort,Lan,Volume,Observer,Pckg_SDAResources_agsrs_H1,N,,,1,1,1.0000000000000000,1.0000000000000000,CENSUS,146,,,,,,Y,
117710,,77246,,,31832,,SS,147,N,U,N,U,Sort,Lan,Volume,Observer,Pckg_SDAResources_agsrs_H1,N,,,1,1,1.0000000000000000,1.0000000000000000,CENSUS,147,,,,,,Y,
117711,,77247,,,31832,,SS,148,N,U,N,U,Sort,Lan,Volume,Observer,Pckg_SDAResources_agsrs_H1,N,,,1,1,1.0000000000000000,1.0000000000000000,CENSUS,148,,,,,,Y,
117712,,77248,,,31832,,SS,149,N,U,N,U,Sort,Lan,Volume,Observer,Pckg_SDAResources_agsrs_H1,N,,,1,1,1.0000000000000000,1.0000000000000000,CENSUS,149,,,,,,Y,
117713,,77249,,,31832,,SS,15,N,U,N,U,Sort,Lan,Volume,Observer,Pckg_SDAResources_agsrs_H1,N,,,1,1,1.0000000000000000,1.0000000000000000,CENSUS,15,,,,,,Y,
117714,,77250,,,31832,,SS,150,N,U,N,U,Sort,Lan,Volume,Observer,Pckg_SDAResources_agsrs_H1,N,,,1,1,1.0000000000000000,1.0000000000000000,CENSUS,150,,,,,,Y,
117715,,77251,,,31832,,SS,151,N,U,N,U,Sort,Lan,Volume,Observer,Pckg_SDAResources_agsrs_H1,N,,,1,1,1.0000000000000000,1.0000000000000000,CENSUS,151,,,,,,Y,
117716,,77252,,,31832,,SS,152,N,U,N,U,Sort,Lan,Volume,Observer,Pckg_SDAResources_agsrs_H1,N,,,1,1,1.0000000000000000,1.0000000000000000,CENSUS,152,,,,,,Y,
117717,,77253,,,31832,,SS,153,N,U,N,U,Sort,Lan,Volume,Observer,Pckg_SDAResources_agsrs_H1,N,,,1,1,1.0000000000000000,1.0000000000000000,CENSUS,153,,,,,,Y,
117718,,77254,,,31832,,SS,154,N,U,N,U,Sort,Lan,Volume,Observer,Pckg_SDAResources_agsrs_H1,N,,,1,1,1.0000000000000000,1.0000000000000000,CENSUS,154,,,,,,Y,
117719,,77255,,,31832,,SS,155,N,U,N,U,Sort,Lan,Volume,Observer,Pckg_SDAResources_agsrs_H1,N,,,1,1,1.0000000000000000,1.0000000000000000,CENSUS,155,,,,,,Y,
117720,,77256,,,31832,,SS,156,N,U,N,U,Sort,Lan,Volume,Observer,Pckg_SDAResources_agsrs_H1,N,,,1,1,1.0000000000000000,1.0000000000000000,CENSUS,156,,,,,,Y,
117721,,77257,,,31832,,SS,157,N,U,N,U,Sort,Lan,Volume,Observer,Pckg_SDAResources_agsrs_H1,N,,,1,1,1.0000000000000000,1.0000000000000000,CENSUS,157,,,,,,Y,
117722,,77258,,,31832,,SS,158,N,U,N,U,Sort,Lan,Volume,Observer,Pckg_SDAResources_agsrs_H1,N,,,1,1,1.0000000000000000,1.0000000000000000,CENSUS,158,,,,,,Y,
117723,,77259,,,31832,,SS,159,N,U,N,U,Sort,Lan,Volume,Observer,Pckg_SDAResources_agsrs_H1,N,,,1,1,1.0000000000000000,1.0000000000000000,CENSUS,159,,,,,,Y,
117724,,77260,,,31832,,SS,16,N,U,N,U,Sort,Lan,Volume,Observer,Pckg_SDAResources_agsrs_H1,N,,,1,1,1.0000000000000000,1.0000000000000000,CENSUS,16,,,,,,Y,
117725,,77261,,,31832,,SS,160,N,U,N,U,Sort,Lan,Volume,Observer,Pckg_SDAResources_agsrs_H1,N,,,1,1,1.0000000000000000,1.0000000000000000,CENSUS,160,,,,,,Y,
117726,,77262,,,31832,,SS,161,N,U,N,U,Sort,Lan,Volume,Observer,Pckg_SDAResources_agsrs_H1,N,,,1,1,1.0000000000000000,1.0000000000000000,CENSUS,161,,,,,,Y,
117727,,77263,,,31832,,SS,162,N,U,N,U,Sort,Lan,Volume,Observer,Pckg_SDAResources_agsrs_H1,N,,,1,1,1.0000000000000000,1.0000000000000000,CENSUS,162,,,,,,Y,
117728,,77264,,,31832,,SS,163,N,U,N,U,Sort,Lan,Volume,Observer,Pckg_SDAResources_agsrs_H1,N,,,1,1,1.0000000000000000,1.0000000000000000,CENSUS,163,,,,,,Y,
117729,,77265,,,31832,,SS,164,N,U,N,U,Sort,Lan,Volume,Observer,Pckg_SDAResources_agsrs_H1,N,,,1,1,1.0000000000000000,1.0000000000000000,CENSUS,164,,,,,,Y,
117730,,77266,,,31832,,SS,165,N,U,N,U,Sort,Lan,Volume,Observer,Pckg_SDAResources_agsrs_H1,N,,,1,1,1.0000000000000000,1.0000000000000000,CENSUS,165,,,,,,Y,
117731,,77267,,,31832,,SS,166,N,U,N,U,Sort,Lan,Volume,Observer,Pckg_SDAResources_agsrs_H1,N,,,1,1,1.0000000000000000,1.0000000000000000,CENSUS,166,,,,,,Y,
117732,,77268,,,31832,,SS,167,N,U,N,U,Sort,Lan,Volume,Observer,Pckg_SDAResources_agsrs_H1,N,,,1,1,1.0000000000000000,1.0000000000000000,CENSUS,167,,,,,,Y,
117733,,77269,,,31832,,SS,168,N,U,N,U,Sort,Lan,Volume,Observer,Pckg_SDAResources_agsrs_H1,N,,,1,1,1.0000000000000000,1.0000000000000000,CENSUS,168,,,,,,Y,
117734,,77270,,,31832,,SS,169,N,U,N,U,Sort,Lan,Volume,Observer,Pckg_SDAResources_agsrs_H1,N,,,1,1,1.0000000000000000,1.0000000000000000,CENSUS,169,,,,,,Y,
117735,,77271,,,31832,,SS,17,N,U,N,U,Sort,Lan,Volume,Observer,Pckg_SDAResources_agsrs_H1,N,,,1,1,1.0000000000000000,1.0000000000000000,CENSUS,17,,,,,,Y,
117736,,77272,,,31832,,SS,170,N,U,N,U,Sort,Lan,Volume,Observer,Pckg_SDAResources_agsrs_H1,N,,,1,1,1.0000000000000000,1.0000000000000000,CENSUS,170,,,,,,Y,
117737,,77273,,,31832,,SS,171,N,U,N,U,Sort,Lan,Volume,Observer,Pckg_SDAResources_agsrs_H1,N,,,1,1,1.0000000000000000,1.0000000000000000,CENSUS,171,,,,,,Y,
117738,,77274,,,31832,,SS,172,N,U,N,U,Sort,Lan,Volume,Observer,Pckg_SDAResources_agsrs_H1,N,,,1,1,1.0000000000000000,1.0000000000000000,CENSUS,172,,,,,,Y,
117739,,77275,,,31832,,SS,173,N,U,N,U,Sort,Lan,Volume,Observer,Pckg_SDAResources_agsrs_H1,N,,,1,1,1.0000000000000000,1.0000000000000000,CENSUS,173,,,,,,Y,
117740,,77276,,,31832,,SS,174,N,U,N,U,Sort,Lan,Volume,Observer,Pckg_SDAResources_agsrs_H1,N,,,1,1,1.0000000000000000,1.0000000000000000,CENSUS,174,,,,,,Y,
117741,,77277,,,31832,,SS,175,N,U,N,U,Sort,Lan,Volume,Observer,Pckg_SDAResources_agsrs_H1,N,,,1,1,1.0000000000000000,1.0000000000000000,CENSUS,175,,,,,,Y,
117742,,77278,,,31832,,SS,176,N,U,N,U,Sort,Lan,Volume,Observer,Pckg_SDAResources_agsrs_H1,N,,,1,1,1.0000000000000000,1.0000000000000000,CENSUS,176,,,,,,Y,
117743,,77279,,,31832,,SS,177,N,U,N,U,Sort,Lan,Volume,Observer,Pckg_SDAResources_agsrs_H1,N,,,1,1,1.0000000000000000,1.0000000000000000,CENSUS,177,,,,,,Y,
117744,,77280,,,31832,,SS,178,N,U,N,U,Sort,Lan,Volume,Observer,Pckg_SDAResources_agsrs_H1,N,,,1,1,1.0000000000000000,1.0000000000000000,CENSUS,178,,,,,,Y,
117745,,77281,,,31832,,SS,179,N,U,N,U,Sort,Lan,Volume,Observer,Pckg_SDAResources_agsrs_H1,N,,,1,1,1.0000000000000000,1.0000000000000000,CENSUS,179,,,,,,Y,
117746,,77282,,,31832,,SS,18,N,U,N,U,Sort,Lan,Volume,Observer,Pckg_SDAResources_agsrs_H1,N,,,1,1,1.0000000000000000,1.0000000000000000,CENSUS,18,,,,,,Y,
117747,,77283,,,31832,,SS,180,N,U,N,U,Sort,Lan,Volume,Observer,Pckg_SDAResources_agsrs_H1,N,,,1,1,1.0000000000000000,1.0000000000000000,CENSUS,180,,,,,,Y,
117748,,77284,,,31832,,SS,181,N,U,N,U,Sort,Lan,Volume,Observer,Pckg_SDAResources_agsrs_H1,N,,,1,1,1.0000000000000000,1.0000000000000000,CENSUS,181,,,,,,Y,
117749,,77285,,,31832,,SS,182,N,U,N,U,Sort,Lan,Volume,Observer,Pckg_SDAResources_agsrs_H1,N,,,1,1,1.0000000000000000,1.0000000000000000,CENSUS,182,,,,,,Y,
117750,,77286,,,31832,,SS,183,N,U,N,U,Sort,Lan,Volume,Observer,Pckg_SDAResources_agsrs_H1,N,,,1,1,1.0000000000000000,1.0000000000000000,CENSUS,183,,,,,,Y,
117751,,77287,,,31832,,SS,184,N,U,N,U,Sort,Lan,Volume,Observer,Pckg_SDAResources_agsrs_H1,N,,,1,1,1.0000000000000000,1.0000000000000000,CENSUS,184,,,,,,Y,
117752,,77288,,,31832,,SS,185,N,U,N,U,Sort,Lan,Volume,Observer,Pckg_SDAResources_agsrs_H1,N,,,1,1,1.0000000000000000,1.0000000000000000,CENSUS,185,,,,,,Y,
117753,,77289,,,31832,,SS,186,N,U,N,U,Sort,Lan,Volume,Observer,Pckg_SDAResources_agsrs_H1,N,,,1,1,1.0000000000000000,1.0000000000000000,CENSUS,186,,,,,,Y,
117754,,77290,,,31832,,SS,187,N,U,N,U,Sort,Lan,Volume,Observer,Pckg_SDAResources_agsrs_H1,N,,,1,1,1.0000000000000000,1.0000000000000000,CENSUS,187,,,,,,Y,
117755,,77291,,,31832,,SS,188,N,U,N,U,Sort,Lan,Volume,Observer,Pckg_SDAResources_agsrs_H1,N,,,1,1,1.0000000000000000,1.0000000000000000,CENSUS,188,,,,,,Y,
117756,,77292,,,31832,,SS,189,N,U,N,U,Sort,Lan,Volume,Observer,Pckg_SDAResources_agsrs_H1,N,,,1,1,1.0000000000000000,1.0000000000000000,CENSUS,189,,,,,,Y,
117757,,77293,,,31832,,SS,19,N,U,N,U,Sort,Lan,Volume,Observer,Pckg_SDAResources_agsrs_H1,N,,,1,1,1.0000000000000000,1.0000000000000000,CENSUS,19,,,,,,Y,
117758,,77294,,,31832,,SS,190,N,U,N,U,Sort,Lan,Volume,Observer,Pckg_SDAResources_agsrs_H1,N,,,1,1,1.0000000000000000,1.0000000000000000,CENSUS,190,,,,,,Y,
117759,,77295,,,31832,,SS,191,N,U,N,U,Sort,Lan,Volume,Observer,Pckg_SDAResources_agsrs_H1,N,,,1,1,1.0000000000000000,1.0000000000000000,CENSUS,191,,,,,,Y,
117760,,77296,,,31832,,SS,192,N,U,N,U,Sort,Lan,Volume,Observer,Pckg_SDAResources_agsrs_H1,N,,,1,1,1.0000000000000000,1.0000000000000000,CENSUS,192,,,,,,Y,
117761,,77297,,,31832,,SS,193,N,U,N,U,Sort,Lan,Volume,Observer,Pckg_SDAResources_agsrs_H1,N,,,1,1,1.0000000000000000,1.0000000000000000,CENSUS,193,,,,,,Y,
117762,,77298,,,31832,,SS,194,N,U,N,U,Sort,Lan,Volume,Observer,Pckg_SDAResources_agsrs_H1,N,,,1,1,1.0000000000000000,1.0000000000000000,CENSUS,194,,,,,,Y,
117763,,77299,,,31832,,SS,195,N,U,N,U,Sort,Lan,Volume,Observer,Pckg_SDAResources_agsrs_H1,N,,,1,1,1.0000000000000000,1.0000000000000000,CENSUS,195,,,,,,Y,
117764,,77300,,,31832,,SS,196,N,U,N,U,Sort,Lan,Volume,Observer,Pckg_SDAResources_agsrs_H1,N,,,1,1,1.0000000000000000,1.0000000000000000,CENSUS,196,,,,,,Y,
117765,,77301,,,31832,,SS,197,N,U,N,U,Sort,Lan,Volume,Observer,Pckg_SDAResources_agsrs_H1,N,,,1,1,1.0000000000000000,1.0000000000000000,CENSUS,197,,,,,,Y,
117766,,77302,,,31832,,SS,198,N,U,N,U,Sort,Lan,Volume,Observer,Pckg_SDAResources_agsrs_H1,N,,,1,1,1.0000000000000000,1.0000000000000000,CENSUS,198,,,,,,Y,
117767,,77303,,,31832,,SS,199,N,U,N,U,Sort,Lan,Volume,Observer,Pckg_SDAResources_agsrs_H1,N,,,1,1,1.0000000000000000,1.0000000000000000,CENSUS,199,,,,,,Y,
117768,,77304,,,31832,,SS,2,N,U,N,U,Sort,Lan,Volume,Observer,Pckg_SDAResources_agsrs_H1,N,,,1,1,1.0000000000000000,1.0000000000000000,CENSUS,2,,,,,,Y,
117769,,77305,,,31832,,SS,20,N,U,N,U,Sort,Lan,Volume,Observer,Pckg_SDAResources_agsrs_H1,N,,,1,1,1.0000000000000000,1.0000000000000000,CENSUS,20,,,,,,Y,
117770,,77306,,,31832,,SS,200,N,U,N,U,Sort,Lan,Volume,Observer,Pckg_SDAResources_agsrs_H1,N,,,1,1,1.0000000000000000,1.0000000000000000,CENSUS,200,,,,,,Y,
117771,,77307,,,31832,,SS,201,N,U,N,U,Sort,Lan,Volume,Observer,Pckg_SDAResources_agsrs_H1,N,,,1,1,1.0000000000000000,1.0000000000000000,CENSUS,201,,,,,,Y,
117772,,77308,,,31832,,SS,202,N,U,N,U,Sort,Lan,Volume,Observer,Pckg_SDAResources_agsrs_H1,N,,,1,1,1.0000000000000000,1.0000000000000000,CENSUS,202,,,,,,Y,
117773,,77309,,,31832,,SS,203,N,U,N,U,Sort,Lan,Volume,Observer,Pckg_SDAResources_agsrs_H1,N,,,1,1,1.0000000000000000,1.0000000000000000,CENSUS,203,,,,,,Y,
117774,,77310,,,31832,,SS,204,N,U,N,U,Sort,Lan,Volume,Observer,Pckg_SDAResources_agsrs_H1,N,,,1,1,1.0000000000000000,1.0000000000000000,CENSUS,204,,,,,,Y,
117775,,77311,,,31832,,SS,205,N,U,N,U,Sort,Lan,Volume,Observer,Pckg_SDAResources_agsrs_H1,N,,,1,1,1.0000000000000000,1.0000000000000000,CENSUS,205,,,,,,Y,
117776,,77312,,,31832,,SS,206,N,U,N,U,Sort,Lan,Volume,Observer,Pckg_SDAResources_agsrs_H1,N,,,1,1,1.0000000000000000,1.0000000000000000,CENSUS,206,,,,,,Y,
117777,,77313,,,31832,,SS,207,N,U,N,U,Sort,Lan,Volume,Observer,Pckg_SDAResources_agsrs_H1,N,,,1,1,1.0000000000000000,1.0000000000000000,CENSUS,207,,,,,,Y,
117778,,77314,,,31832,,SS,208,N,U,N,U,Sort,Lan,Volume,Observer,Pckg_SDAResources_agsrs_H1,N,,,1,1,1.0000000000000000,1.0000000000000000,CENSUS,208,,,,,,Y,
117779,,77315,,,31832,,SS,209,N,U,N,U,Sort,Lan,Volume,Observer,Pckg_SDAResources_agsrs_H1,N,,,1,1,1.0000000000000000,1.0000000000000000,CENSUS,209,,,,,,Y,
117780,,77316,,,31832,,SS,21,N,U,N,U,Sort,Lan,Volume,Observer,Pckg_SDAResources_agsrs_H1,N,,,1,1,1.0000000000000000,1.0000000000000000,CENSUS,21,,,,,,Y,
117781,,77317,,,31832,,SS,210,N,U,N,U,Sort,Lan,Volume,Observer,Pckg_SDAResources_agsrs_H1,N,,,1,1,1.0000000000000000,1.0000000000000000,CENSUS,210,,,,,,Y,
117782,,77318,,,31832,,SS,211,N,U,N,U,Sort,Lan,Volume,Observer,Pckg_SDAResources_agsrs_H1,N,,,1,1,1.0000000000000000,1.0000000000000000,CENSUS,211,,,,,,Y,
117783,,77319,,,31832,,SS,212,N,U,N,U,Sort,Lan,Volume,Observer,Pckg_SDAResources_agsrs_H1,N,,,1,1,1.0000000000000000,1.0000000000000000,CENSUS,212,,,,,,Y,
117784,,77320,,,31832,,SS,213,N,U,N,U,Sort,Lan,Volume,Observer,Pckg_SDAResources_agsrs_H1,N,,,1,1,1.0000000000000000,1.0000000000000000,CENSUS,213,,,,,,Y,
117785,,77321,,,31832,,SS,214,N,U,N,U,Sort,Lan,Volume,Observer,Pckg_SDAResources_agsrs_H1,N,,,1,1,1.0000000000000000,1.0000000000000000,CENSUS,214,,,,,,Y,
117786,,77322,,,31832,,SS,215,N,U,N,U,Sort,Lan,Volume,Observer,Pckg_SDAResources_agsrs_H1,N,,,1,1,1.0000000000000000,1.0000000000000000,CENSUS,215,,,,,,Y,
117787,,77323,,,31832,,SS,216,N,U,N,U,Sort,Lan,Volume,Observer,Pckg_SDAResources_agsrs_H1,N,,,1,1,1.0000000000000000,1.0000000000000000,CENSUS,216,,,,,,Y,
117788,,77324,,,31832,,SS,217,N,U,N,U,Sort,Lan,Volume,Observer,Pckg_SDAResources_agsrs_H1,N,,,1,1,1.0000000000000000,1.0000000000000000,CENSUS,217,,,,,,Y,
117789,,77325,,,31832,,SS,218,N,U,N,U,Sort,Lan,Volume,Observer,Pckg_SDAResources_agsrs_H1,N,,,1,1,1.0000000000000000,1.0000000000000000,CENSUS,218,,,,,,Y,
117790,,77326,,,31832,,SS,219,N,U,N,U,Sort,Lan,Volume,Observer,Pckg_SDAResources_agsrs_H1,N,,,1,1,1.0000000000000000,1.0000000000000000,CENSUS,219,,,,,,Y,
117791,,77327,,,31832,,SS,22,N,U,N,U,Sort,Lan,Volume,Observer,Pckg_SDAResources_agsrs_H1,N,,,1,1,1.0000000000000000,1.0000000000000000,CENSUS,22,,,,,,Y,
117792,,77328,,,31832,,SS,220,N,U,N,U,Sort,Lan,Volume,Observer,Pckg_SDAResources_agsrs_H1,N,,,1,1,1.0000000000000000,1.0000000000000000,CENSUS,220,,,,,,Y,
117793,,77329,,,31832,,SS,221,N,U,N,U,Sort,Lan,Volume,Observer,Pckg_SDAResources_agsrs_H1,N,,,1,1,1.0000000000000000,1.0000000000000000,CENSUS,221,,,,,,Y,
117794,,77330,,,31832,,SS,222,N,U,N,U,Sort,Lan,Volume,Observer,Pckg_SDAResources_agsrs_H1,N,,,1,1,1.0000000000000000,1.0000000000000000,CENSUS,222,,,,,,Y,
117795,,77331,,,31832,,SS,223,N,U,N,U,Sort,Lan,Volume,Observer,Pckg_SDAResources_agsrs_H1,N,,,1,1,1.0000000000000000,1.0000000000000000,CENSUS,223,,,,,,Y,
117796,,77332,,,31832,,SS,224,N,U,N,U,Sort,Lan,Volume,Observer,Pckg_SDAResources_agsrs_H1,N,,,1,1,1.0000000000000000,1.0000000000000000,CENSUS,224,,,,,,Y,
117797,,77333,,,31832,,SS,225,N,U,N,U,Sort,Lan,Volume,Observer,Pckg_SDAResources_agsrs_H1,N,,,1,1,1.0000000000000000,1.0000000000000000,CENSUS,225,,,,,,Y,
117798,,77334,,,31832,,SS,226,N,U,N,U,Sort,Lan,Volume,Observer,Pckg_SDAResources_agsrs_H1,N,,,1,1,1.0000000000000000,1.0000000000000000,CENSUS,226,,,,,,Y,
117799,,77335,,,31832,,SS,227,N,U,N,U,Sort,Lan,Volume,Observer,Pckg_SDAResources_agsrs_H1,N,,,1,1,1.0000000000000000,1.0000000000000000,CENSUS,227,,,,,,Y,
117800,,77336,,,31832,,SS,228,N,U,N,U,Sort,Lan,Volume,Observer,Pckg_SDAResources_agsrs_H1,N,,,1,1,1.0000000000000000,1.0000000000000000,CENSUS,228,,,,,,Y,
117801,,77337,,,31832,,SS,229,N,U,N,U,Sort,Lan,Volume,Observer,Pckg_SDAResources_agsrs_H1,N,,,1,1,1.0000000000000000,1.0000000000000000,CENSUS,229,,,,,,Y,
117802,,77338,,,31832,,SS,23,N,U,N,U,Sort,Lan,Volume,Observer,Pckg_SDAResources_agsrs_H1,N,,,1,1,1.0000000000000000,1.0000000000000000,CENSUS,23,,,,,,Y,
117803,,77339,,,31832,,SS,230,N,U,N,U,Sort,Lan,Volume,Observer,Pckg_SDAResources_agsrs_H1,N,,,1,1,1.0000000000000000,1.0000000000000000,CENSUS,230,,,,,,Y,
117804,,77340,,,31832,,SS,231,N,U,N,U,Sort,Lan,Volume,Observer,Pckg_SDAResources_agsrs_H1,N,,,1,1,1.0000000000000000,1.0000000000000000,CENSUS,231,,,,,,Y,
117805,,77341,,,31832,,SS,232,N,U,N,U,Sort,Lan,Volume,Observer,Pckg_SDAResources_agsrs_H1,N,,,1,1,1.0000000000000000,1.0000000000000000,CENSUS,232,,,,,,Y,
117806,,77342,,,31832,,SS,233,N,U,N,U,Sort,Lan,Volume,Observer,Pckg_SDAResources_agsrs_H1,N,,,1,1,1.0000000000000000,1.0000000000000000,CENSUS,233,,,,,,Y,
117807,,77343,,,31832,,SS,234,N,U,N,U,Sort,Lan,Volume,Observer,Pckg_SDAResources_agsrs_H1,N,,,1,1,1.0000000000000000,1.0000000000000000,CENSUS,234,,,,,,Y,
117808,,77344,,,31832,,SS,235,N,U,N,U,Sort,Lan,Volume,Observer,Pckg_SDAResources_agsrs_H1,N,,,1,1,1.0000000000000000,1.0000000000000000,CENSUS,235,,,,,,Y,
117809,,77345,,,31832,,SS,236,N,U,N,U,Sort,Lan,Volume,Observer,Pckg_SDAResources_agsrs_H1,N,,,1,1,1.0000000000000000,1.0000000000000000,CENSUS,236,,,,,,Y,
117810,,77346,,,31832,,SS,237,N,U,N,U,Sort,Lan,Volume,Observer,Pckg_SDAResources_agsrs_H1,N,,,1,1,1.0000000000000000,1.0000000000000000,CENSUS,237,,,,,,Y,
117811,,77347,,,31832,,SS,238,N,U,N,U,Sort,Lan,Volume,Observer,Pckg_SDAResources_agsrs_H1,N,,,1,1,1.0000000000000000,1.0000000000000000,CENSUS,238,,,,,,Y,
117812,,77348,,,31832,,SS,239,N,U,N,U,Sort,Lan,Volume,Observer,Pckg_SDAResources_agsrs_H1,N,,,1,1,1.0000000000000000,1.0000000000000000,CENSUS,239,,,,,,Y,
117813,,77349,,,31832,,SS,24,N,U,N,U,Sort,Lan,Volume,Observer,Pckg_SDAResources_agsrs_H1,N,,,1,1,1.0000000000000000,1.0000000000000000,CENSUS,24,,,,,,Y,
117814,,77350,,,31832,,SS,240,N,U,N,U,Sort,Lan,Volume,Observer,Pckg_SDAResources_agsrs_H1,N,,,1,1,1.0000000000000000,1.0000000000000000,CENSUS,240,,,,,,Y,
117815,,77351,,,31832,,SS,241,N,U,N,U,Sort,Lan,Volume,Observer,Pckg_SDAResources_agsrs_H1,N,,,1,1,1.0000000000000000,1.0000000000000000,CENSUS,241,,,,,,Y,
117816,,77352,,,31832,,SS,242,N,U,N,U,Sort,Lan,Volume,Observer,Pckg_SDAResources_agsrs_H1,N,,,1,1,1.0000000000000000,1.0000000000000000,CENSUS,242,,,,,,Y,
117817,,77353,,,31832,,SS,243,N,U,N,U,Sort,Lan,Volume,Observer,Pckg_SDAResources_agsrs_H1,N,,,1,1,1.0000000000000000,1.0000000000000000,CENSUS,243,,,,,,Y,
117818,,77354,,,31832,,SS,244,N,U,N,U,Sort,Lan,Volume,Observer,Pckg_SDAResources_agsrs_H1,N,,,1,1,1.0000000000000000,1.0000000000000000,CENSUS,244,,,,,,Y,
117819,,77355,,,31832,,SS,245,N,U,N,U,Sort,Lan,Volume,Observer,Pckg_SDAResources_agsrs_H1,N,,,1,1,1.0000000000000000,1.0000000000000000,CENSUS,245,,,,,,Y,
117820,,77356,,,31832,,SS,246,N,U,N,U,Sort,Lan,Volume,Observer,Pckg_SDAResources_agsrs_H1,N,,,1,1,1.0000000000000000,1.0000000000000000,CENSUS,246,,,,,,Y,
117821,,77357,,,31832,,SS,247,N,U,N,U,Sort,Lan,Volume,Observer,Pckg_SDAResources_agsrs_H1,N,,,1,1,1.0000000000000000,1.0000000000000000,CENSUS,247,,,,,,Y,
117822,,77358,,,31832,,SS,248,N,U,N,U,Sort,Lan,Volume,Observer,Pckg_SDAResources_agsrs_H1,N,,,1,1,1.0000000000000000,1.0000000000000000,CENSUS,248,,,,,,Y,
117823,,77359,,,31832,,SS,249,N,U,N,U,Sort,Lan,Volume,Observer,Pckg_SDAResources_agsrs_H1,N,,,1,1,1.0000000000000000,1.0000000000000000,CENSUS,249,,,,,,Y,
117824,,77360,,,31832,,SS,25,N,U,N,U,Sort,Lan,Volume,Observer,Pckg_SDAResources_agsrs_H1,N,,,1,1,1.0000000000000000,1.0000000000000000,CENSUS,25,,,,,,Y,
117825,,77361,,,31832,,SS,250,N,U,N,U,Sort,Lan,Volume,Observer,Pckg_SDAResources_agsrs_H1,N,,,1,1,1.0000000000000000,1.0000000000000000,CENSUS,250,,,,,,Y,
117826,,77362,,,31832,,SS,251,N,U,N,U,Sort,Lan,Volume,Observer,Pckg_SDAResources_agsrs_H1,N,,,1,1,1.0000000000000000,1.0000000000000000,CENSUS,251,,,,,,Y,
117827,,77363,,,31832,,SS,252,N,U,N,U,Sort,Lan,Volume,Observer,Pckg_SDAResources_agsrs_H1,N,,,1,1,1.0000000000000000,1.0000000000000000,CENSUS,252,,,,,,Y,
117828,,77364,,,31832,,SS,253,N,U,N,U,Sort,Lan,Volume,Observer,Pckg_SDAResources_agsrs_H1,N,,,1,1,1.0000000000000000,1.0000000000000000,CENSUS,253,,,,,,Y,
117829,,77365,,,31832,,SS,254,N,U,N,U,Sort,Lan,Volume,Observer,Pckg_SDAResources_agsrs_H1,N,,,1,1,1.0000000000000000,1.0000000000000000,CENSUS,254,,,,,,Y,
117830,,77366,,,31832,,SS,255,N,U,N,U,Sort,Lan,Volume,Observer,Pckg_SDAResources_agsrs_H1,N,,,1,1,1.0000000000000000,1.0000000000000000,CENSUS,255,,,,,,Y,
117831,,77367,,,31832,,SS,256,N,U,N,U,Sort,Lan,Volume,Observer,Pckg_SDAResources_agsrs_H1,N,,,1,1,1.0000000000000000,1.0000000000000000,CENSUS,256,,,,,,Y,
117832,,77368,,,31832,,SS,257,N,U,N,U,Sort,Lan,Volume,Observer,Pckg_SDAResources_agsrs_H1,N,,,1,1,1.0000000000000000,1.0000000000000000,CENSUS,257,,,,,,Y,
117833,,77369,,,31832,,SS,258,N,U,N,U,Sort,Lan,Volume,Observer,Pckg_SDAResources_agsrs_H1,N,,,1,1,1.0000000000000000,1.0000000000000000,CENSUS,258,,,,,,Y,
117834,,77370,,,31832,,SS,259,N,U,N,U,Sort,Lan,Volume,Observer,Pckg_SDAResources_agsrs_H1,N,,,1,1,1.0000000000000000,1.0000000000000000,CENSUS,259,,,,,,Y,
117835,,77371,,,31832,,SS,26,N,U,N,U,Sort,Lan,Volume,Observer,Pckg_SDAResources_agsrs_H1,N,,,1,1,1.0000000000000000,1.0000000000000000,CENSUS,26,,,,,,Y,
117836,,77372,,,31832,,SS,260,N,U,N,U,Sort,Lan,Volume,Observer,Pckg_SDAResources_agsrs_H1,N,,,1,1,1.0000000000000000,1.0000000000000000,CENSUS,260,,,,,,Y,
117837,,77373,,,31832,,SS,261,N,U,N,U,Sort,Lan,Volume,Observer,Pckg_SDAResources_agsrs_H1,N,,,1,1,1.0000000000000000,1.0000000000000000,CENSUS,261,,,,,,Y,
117838,,77374,,,31832,,SS,262,N,U,N,U,Sort,Lan,Volume,Observer,Pckg_SDAResources_agsrs_H1,N,,,1,1,1.0000000000000000,1.0000000000000000,CENSUS,262,,,,,,Y,
117839,,77375,,,31832,,SS,263,N,U,N,U,Sort,Lan,Volume,Observer,Pckg_SDAResources_agsrs_H1,N,,,1,1,1.0000000000000000,1.0000000000000000,CENSUS,263,,,,,,Y,
117840,,77376,,,31832,,SS,264,N,U,N,U,Sort,Lan,Volume,Observer,Pckg_SDAResources_agsrs_H1,N,,,1,1,1.0000000000000000,1.0000000000000000,CENSUS,264,,,,,,Y,
117841,,77377,,,31832,,SS,265,N,U,N,U,Sort,Lan,Volume,Observer,Pckg_SDAResources_agsrs_H1,N,,,1,1,1.0000000000000000,1.0000000000000000,CENSUS,265,,,,,,Y,
117842,,77378,,,31832,,SS,266,N,U,N,U,Sort,Lan,Volume,Observer,Pckg_SDAResources_agsrs_H1,N,,,1,1,1.0000000000000000,1.0000000000000000,CENSUS,266,,,,,,Y,
117843,,77379,,,31832,,SS,267,N,U,N,U,Sort,Lan,Volume,Observer,Pckg_SDAResources_agsrs_H1,N,,,1,1,1.0000000000000000,1.0000000000000000,CENSUS,267,,,,,,Y,
117844,,77380,,,31832,,SS,268,N,U,N,U,Sort,Lan,Volume,Observer,Pckg_SDAResources_agsrs_H1,N,,,1,1,1.0000000000000000,1.0000000000000000,CENSUS,268,,,,,,Y,
117845,,77381,,,31832,,SS,269,N,U,N,U,Sort,Lan,Volume,Observer,Pckg_SDAResources_agsrs_H1,N,,,1,1,1.0000000000000000,1.0000000000000000,CENSUS,269,,,,,,Y,
117846,,77382,,,31832,,SS,27,N,U,N,U,Sort,Lan,Volume,Observer,Pckg_SDAResources_agsrs_H1,N,,,1,1,1.0000000000000000,1.0000000000000000,CENSUS,27,,,,,,Y,
117847,,77383,,,31832,,SS,270,N,U,N,U,Sort,Lan,Volume,Observer,Pckg_SDAResources_agsrs_H1,N,,,1,1,1.0000000000000000,1.0000000000000000,CENSUS,270,,,,,,Y,
117848,,77384,,,31832,,SS,271,N,U,N,U,Sort,Lan,Volume,Observer,Pckg_SDAResources_agsrs_H1,N,,,1,1,1.0000000000000000,1.0000000000000000,CENSUS,271,,,,,,Y,
117849,,77385,,,31832,,SS,272,N,U,N,U,Sort,Lan,Volume,Observer,Pckg_SDAResources_agsrs_H1,N,,,1,1,1.0000000000000000,1.0000000000000000,CENSUS,272,,,,,,Y,
117850,,77386,,,31832,,SS,273,N,U,N,U,Sort,Lan,Volume,Observer,Pckg_SDAResources_agsrs_H1,N,,,1,1,1.0000000000000000,1.0000000000000000,CENSUS,273,,,,,,Y,
117851,,77387,,,31832,,SS,274,N,U,N,U,Sort,Lan,Volume,Observer,Pckg_SDAResources_agsrs_H1,N,,,1,1,1.0000000000000000,1.0000000000000000,CENSUS,274,,,,,,Y,
117852,,77388,,,31832,,SS,275,N,U,N,U,Sort,Lan,Volume,Observer,Pckg_SDAResources_agsrs_H1,N,,,1,1,1.0000000000000000,1.0000000000000000,CENSUS,275,,,,,,Y,
117853,,77389,,,31832,,SS,276,N,U,N,U,Sort,Lan,Volume,Observer,Pckg_SDAResources_agsrs_H1,N,,,1,1,1.0000000000000000,1.0000000000000000,CENSUS,276,,,,,,Y,
117854,,77390,,,31832,,SS,277,N,U,N,U,Sort,Lan,Volume,Observer,Pckg_SDAResources_agsrs_H1,N,,,1,1,1.0000000000000000,1.0000000000000000,CENSUS,277,,,,,,Y,
117855,,77391,,,31832,,SS,278,N,U,N,U,Sort,Lan,Volume,Observer,Pckg_SDAResources_agsrs_H1,N,,,1,1,1.0000000000000000,1.0000000000000000,CENSUS,278,,,,,,Y,
117856,,77392,,,31832,,SS,279,N,U,N,U,Sort,Lan,Volume,Observer,Pckg_SDAResources_agsrs_H1,N,,,1,1,1.0000000000000000,1.0000000000000000,CENSUS,279,,,,,,Y,
117857,,77393,,,31832,,SS,28,N,U,N,U,Sort,Lan,Volume,Observer,Pckg_SDAResources_agsrs_H1,N,,,1,1,1.0000000000000000,1.0000000000000000,CENSUS,28,,,,,,Y,
117858,,77394,,,31832,,SS,280,N,U,N,U,Sort,Lan,Volume,Observer,Pckg_SDAResources_agsrs_H1,N,,,1,1,1.0000000000000000,1.0000000000000000,CENSUS,280,,,,,,Y,
117859,,77395,,,31832,,SS,281,N,U,N,U,Sort,Lan,Volume,Observer,Pckg_SDAResources_agsrs_H1,N,,,1,1,1.0000000000000000,1.0000000000000000,CENSUS,281,,,,,,Y,
117860,,77396,,,31832,,SS,282,N,U,N,U,Sort,Lan,Volume,Observer,Pckg_SDAResources_agsrs_H1,N,,,1,1,1.0000000000000000,1.0000000000000000,CENSUS,282,,,,,,Y,
117861,,77397,,,31832,,SS,283,N,U,N,U,Sort,Lan,Volume,Observer,Pckg_SDAResources_agsrs_H1,N,,,1,1,1.0000000000000000,1.0000000000000000,CENSUS,283,,,,,,Y,
117862,,77398,,,31832,,SS,284,N,U,N,U,Sort,Lan,Volume,Observer,Pckg_SDAResources_agsrs_H1,N,,,1,1,1.0000000000000000,1.0000000000000000,CENSUS,284,,,,,,Y,
117863,,77399,,,31832,,SS,285,N,U,N,U,Sort,Lan,Volume,Observer,Pckg_SDAResources_agsrs_H1,N,,,1,1,1.0000000000000000,1.0000000000000000,CENSUS,285,,,,,,Y,
117864,,77400,,,31832,,SS,286,N,U,N,U,Sort,Lan,Volume,Observer,Pckg_SDAResources_agsrs_H1,N,,,1,1,1.0000000000000000,1.0000000000000000,CENSUS,286,,,,,,Y,
117865,,77401,,,31832,,SS,287,N,U,N,U,Sort,Lan,Volume,Observer,Pckg_SDAResources_agsrs_H1,N,,,1,1,1.0000000000000000,1.0000000000000000,CENSUS,287,,,,,,Y,
117866,,77402,,,31832,,SS,288,N,U,N,U,Sort,Lan,Volume,Observer,Pckg_SDAResources_agsrs_H1,N,,,1,1,1.0000000000000000,1.0000000000000000,CENSUS,288,,,,,,Y,
117867,,77403,,,31832,,SS,289,N,U,N,U,Sort,Lan,Volume,Observer,Pckg_SDAResources_agsrs_H1,N,,,1,1,1.0000000000000000,1.0000000000000000,CENSUS,289,,,,,,Y,
117868,,77404,,,31832,,SS,29,N,U,N,U,Sort,Lan,Volume,Observer,Pckg_SDAResources_agsrs_H1,N,,,1,1,1.0000000000000000,1.0000000000000000,CENSUS,29,,,,,,Y,
117869,,77405,,,31832,,SS,290,N,U,N,U,Sort,Lan,Volume,Observer,Pckg_SDAResources_agsrs_H1,N,,,1,1,1.0000000000000000,1.0000000000000000,CENSUS,290,,,,,,Y,
117870,,77406,,,31832,,SS,291,N,U,N,U,Sort,Lan,Volume,Observer,Pckg_SDAResources_agsrs_H1,N,,,1,1,1.0000000000000000,1.0000000000000000,CENSUS,291,,,,,,Y,
117871,,77407,,,31832,,SS,292,N,U,N,U,Sort,Lan,Volume,Observer,Pckg_SDAResources_agsrs_H1,N,,,1,1,1.0000000000000000,1.0000000000000000,CENSUS,292,,,,,,Y,
117872,,77408,,,31832,,SS,293,N,U,N,U,Sort,Lan,Volume,Observer,Pckg_SDAResources_agsrs_H1,N,,,1,1,1.0000000000000000,1.0000000000000000,CENSUS,293,,,,,,Y,
117873,,77409,,,31832,,SS,294,N,U,N,U,Sort,Lan,Volume,Observer,Pckg_SDAResources_agsrs_H1,N,,,1,1,1.0000000000000000,1.0000000000000000,CENSUS,294,,,,,,Y,
117874,,77410,,,31832,,SS,295,N,U,N,U,Sort,Lan,Volume,Observer,Pckg_SDAResources_agsrs_H1,N,,,1,1,1.0000000000000000,1.0000000000000000,CENSUS,295,,,,,,Y,
117875,,77411,,,31832,,SS,296,N,U,N,U,Sort,Lan,Volume,Observer,Pckg_SDAResources_agsrs_H1,N,,,1,1,1.0000000000000000,1.0000000000000000,CENSUS,296,,,,,,Y,
117876,,77412,,,31832,,SS,297,N,U,N,U,Sort,Lan,Volume,Observer,Pckg_SDAResources_agsrs_H1,N,,,1,1,1.0000000000000000,1.0000000000000000,CENSUS,297,,,,,,Y,
117877,,77413,,,31832,,SS,298,N,U,N,U,Sort,Lan,Volume,Observer,Pckg_SDAResources_agsrs_H1,N,,,1,1,1.0000000000000000,1.0000000000000000,CENSUS,298,,,,,,Y,
117878,,77414,,,31832,,SS,299,N,U,N,U,Sort,Lan,Volume,Observer,Pckg_SDAResources_agsrs_H1,N,,,1,1,1.0000000000000000,1.0000000000000000,CENSUS,299,,,,,,Y,
117879,,77415,,,31832,,SS,3,N,U,N,U,Sort,Lan,Volume,Observer,Pckg_SDAResources_agsrs_H1,N,,,1,1,1.0000000000000000,1.0000000000000000,CENSUS,3,,,,,,Y,
117880,,77416,,,31832,,SS,30,N,U,N,U,Sort,Lan,Volume,Observer,Pckg_SDAResources_agsrs_H1,N,,,1,1,1.0000000000000000,1.0000000000000000,CENSUS,30,,,,,,Y,
117881,,77417,,,31832,,SS,300,N,U,N,U,Sort,Lan,Volume,Observer,Pckg_SDAResources_agsrs_H1,N,,,1,1,1.0000000000000000,1.0000000000000000,CENSUS,300,,,,,,Y,
117882,,77418,,,31832,,SS,31,N,U,N,U,Sort,Lan,Volume,Observer,Pckg_SDAResources_agsrs_H1,N,,,1,1,1.0000000000000000,1.0000000000000000,CENSUS,31,,,,,,Y,
117883,,77419,,,31832,,SS,32,N,U,N,U,Sort,Lan,Volume,Observer,Pckg_SDAResources_agsrs_H1,N,,,1,1,1.0000000000000000,1.0000000000000000,CENSUS,32,,,,,,Y,
117884,,77420,,,31832,,SS,33,N,U,N,U,Sort,Lan,Volume,Observer,Pckg_SDAResources_agsrs_H1,N,,,1,1,1.0000000000000000,1.0000000000000000,CENSUS,33,,,,,,Y,
117885,,77421,,,31832,,SS,34,N,U,N,U,Sort,Lan,Volume,Observer,Pckg_SDAResources_agsrs_H1,N,,,1,1,1.0000000000000000,1.0000000000000000,CENSUS,34,,,,,,Y,
117886,,77422,,,31832,,SS,35,N,U,N,U,Sort,Lan,Volume,Observer,Pckg_SDAResources_agsrs_H1,N,,,1,1,1.0000000000000000,1.0000000000000000,CENSUS,35,,,,,,Y,
117887,,77423,,,31832,,SS,36,N,U,N,U,Sort,Lan,Volume,Observer,Pckg_SDAResources_agsrs_H1,N,,,1,1,1.0000000000000000,1.0000000000000000,CENSUS,36,,,,,,Y,
117888,,77424,,,31832,,SS,37,N,U,N,U,Sort,Lan,Volume,Observer,Pckg_SDAResources_agsrs_H1,N,,,1,1,1.0000000000000000,1.0000000000000000,CENSUS,37,,,,,,Y,
117889,,77425,,,31832,,SS,38,N,U,N,U,Sort,Lan,Volume,Observer,Pckg_SDAResources_agsrs_H1,N,,,1,1,1.0000000000000000,1.0000000000000000,CENSUS,38,,,,,,Y,
117890,,77426,,,31832,,SS,39,N,U,N,U,Sort,Lan,Volume,Observer,Pckg_SDAResources_agsrs_H1,N,,,1,1,1.0000000000000000,1.0000000000000000,CENSUS,39,,,,,,Y,
117891,,77427,,,31832,,SS,4,N,U,N,U,Sort,Lan,Volume,Observer,Pckg_SDAResources_agsrs_H1,N,,,1,1,1.0000000000000000,1.0000000000000000,CENSUS,4,,,,,,Y,
117892,,77428,,,31832,,SS,40,N,U,N,U,Sort,Lan,Volume,Observer,Pckg_SDAResources_agsrs_H1,N,,,1,1,1.0000000000000000,1.0000000000000000,CENSUS,40,,,,,,Y,
117893,,77429,,,31832,,SS,41,N,U,N,U,Sort,Lan,Volume,Observer,Pckg_SDAResources_agsrs_H1,N,,,1,1,1.0000000000000000,1.0000000000000000,CENSUS,41,,,,,,Y,
117894,,77430,,,31832,,SS,42,N,U,N,U,Sort,Lan,Volume,Observer,Pckg_SDAResources_agsrs_H1,N,,,1,1,1.0000000000000000,1.0000000000000000,CENSUS,42,,,,,,Y,
117895,,77431,,,31832,,SS,43,N,U,N,U,Sort,Lan,Volume,Observer,Pckg_SDAResources_agsrs_H1,N,,,1,1,1.0000000000000000,1.0000000000000000,CENSUS,43,,,,,,Y,
117896,,77432,,,31832,,SS,44,N,U,N,U,Sort,Lan,Volume,Observer,Pckg_SDAResources_agsrs_H1,N,,,1,1,1.0000000000000000,1.0000000000000000,CENSUS,44,,,,,,Y,
117897,,77433,,,31832,,SS,45,N,U,N,U,Sort,Lan,Volume,Observer,Pckg_SDAResources_agsrs_H1,N,,,1,1,1.0000000000000000,1.0000000000000000,CENSUS,45,,,,,,Y,
117898,,77434,,,31832,,SS,46,N,U,N,U,Sort,Lan,Volume,Observer,Pckg_SDAResources_agsrs_H1,N,,,1,1,1.0000000000000000,1.0000000000000000,CENSUS,46,,,,,,Y,
117899,,77435,,,31832,,SS,47,N,U,N,U,Sort,Lan,Volume,Observer,Pckg_SDAResources_agsrs_H1,N,,,1,1,1.0000000000000000,1.0000000000000000,CENSUS,47,,,,,,Y,
117900,,77436,,,31832,,SS,48,N,U,N,U,Sort,Lan,Volume,Observer,Pckg_SDAResources_agsrs_H1,N,,,1,1,1.0000000000000000,1.0000000000000000,CENSUS,48,,,,,,Y,
117901,,77437,,,31832,,SS,49,N,U,N,U,Sort,Lan,Volume,Observer,Pckg_SDAResources_agsrs_H1,N,,,1,1,1.0000000000000000,1.0000000000000000,CENSUS,49,,,,,,Y,
117902,,77438,,,31832,,SS,5,N,U,N,U,Sort,Lan,Volume,Observer,Pckg_SDAResources_agsrs_H1,N,,,1,1,1.0000000000000000,1.0000000000000000,CENSUS,5,,,,,,Y,
117903,,77439,,,31832,,SS,50,N,U,N,U,Sort,Lan,Volume,Observer,Pckg_SDAResources_agsrs_H1,N,,,1,1,1.0000000000000000,1.0000000000000000,CENSUS,50,,,,,,Y,
117904,,77440,,,31832,,SS,51,N,U,N,U,Sort,Lan,Volume,Observer,Pckg_SDAResources_agsrs_H1,N,,,1,1,1.0000000000000000,1.0000000000000000,CENSUS,51,,,,,,Y,
117905,,77441,,,31832,,SS,52,N,U,N,U,Sort,Lan,Volume,Observer,Pckg_SDAResources_agsrs_H1,N,,,1,1,1.0000000000000000,1.0000000000000000,CENSUS,52,,,,,,Y,
117906,,77442,,,31832,,SS,53,N,U,N,U,Sort,Lan,Volume,Observer,Pckg_SDAResources_agsrs_H1,N,,,1,1,1.0000000000000000,1.0000000000000000,CENSUS,53,,,,,,Y,
117907,,77443,,,31832,,SS,54,N,U,N,U,Sort,Lan,Volume,Observer,Pckg_SDAResources_agsrs_H1,N,,,1,1,1.0000000000000000,1.0000000000000000,CENSUS,54,,,,,,Y,
117908,,77444,,,31832,,SS,55,N,U,N,U,Sort,Lan,Volume,Observer,Pckg_SDAResources_agsrs_H1,N,,,1,1,1.0000000000000000,1.0000000000000000,CENSUS,55,,,,,,Y,
117909,,77445,,,31832,,SS,56,N,U,N,U,Sort,Lan,Volume,Observer,Pckg_SDAResources_agsrs_H1,N,,,1,1,1.0000000000000000,1.0000000000000000,CENSUS,56,,,,,,Y,
117910,,77446,,,31832,,SS,57,N,U,N,U,Sort,Lan,Volume,Observer,Pckg_SDAResources_agsrs_H1,N,,,1,1,1.0000000000000000,1.0000000000000000,CENSUS,57,,,,,,Y,
117911,,77447,,,31832,,SS,58,N,U,N,U,Sort,Lan,Volume,Observer,Pckg_SDAResources_agsrs_H1,N,,,1,1,1.0000000000000000,1.0000000000000000,CENSUS,58,,,,,,Y,
117912,,77448,,,31832,,SS,59,N,U,N,U,Sort,Lan,Volume,Observer,Pckg_SDAResources_agsrs_H1,N,,,1,1,1.0000000000000000,1.0000000000000000,CENSUS,59,,,,,,Y,
117913,,77449,,,31832,,SS,6,N,U,N,U,Sort,Lan,Volume,Observer,Pckg_SDAResources_agsrs_H1,N,,,1,1,1.0000000000000000,1.0000000000000000,CENSUS,6,,,,,,Y,
117914,,77450,,,31832,,SS,60,N,U,N,U,Sort,Lan,Volume,Observer,Pckg_SDAResources_agsrs_H1,N,,,1,1,1.0000000000000000,1.0000000000000000,CENSUS,60,,,,,,Y,
117915,,77451,,,31832,,SS,61,N,U,N,U,Sort,Lan,Volume,Observer,Pckg_SDAResources_agsrs_H1,N,,,1,1,1.0000000000000000,1.0000000000000000,CENSUS,61,,,,,,Y,
117916,,77452,,,31832,,SS,62,N,U,N,U,Sort,Lan,Volume,Observer,Pckg_SDAResources_agsrs_H1,N,,,1,1,1.0000000000000000,1.0000000000000000,CENSUS,62,,,,,,Y,
117917,,77453,,,31832,,SS,63,N,U,N,U,Sort,Lan,Volume,Observer,Pckg_SDAResources_agsrs_H1,N,,,1,1,1.0000000000000000,1.0000000000000000,CENSUS,63,,,,,,Y,
117918,,77454,,,31832,,SS,64,N,U,N,U,Sort,Lan,Volume,Observer,Pckg_SDAResources_agsrs_H1,N,,,1,1,1.0000000000000000,1.0000000000000000,CENSUS,64,,,,,,Y,
117919,,77455,,,31832,,SS,65,N,U,N,U,Sort,Lan,Volume,Observer,Pckg_SDAResources_agsrs_H1,N,,,1,1,1.0000000000000000,1.0000000000000000,CENSUS,65,,,,,,Y,
117920,,77456,,,31832,,SS,66,N,U,N,U,Sort,Lan,Volume,Observer,Pckg_SDAResources_agsrs_H1,N,,,1,1,1.0000000000000000,1.0000000000000000,CENSUS,66,,,,,,Y,
117921,,77457,,,31832,,SS,67,N,U,N,U,Sort,Lan,Volume,Observer,Pckg_SDAResources_agsrs_H1,N,,,1,1,1.0000000000000000,1.0000000000000000,CENSUS,67,,,,,,Y,
117922,,77458,,,31832,,SS,68,N,U,N,U,Sort,Lan,Volume,Observer,Pckg_SDAResources_agsrs_H1,N,,,1,1,1.0000000000000000,1.0000000000000000,CENSUS,68,,,,,,Y,
117923,,77459,,,31832,,SS,69,N,U,N,U,Sort,Lan,Volume,Observer,Pckg_SDAResources_agsrs_H1,N,,,1,1,1.0000000000000000,1.0000000000000000,CENSUS,69,,,,,,Y,
117924,,77460,,,31832,,SS,7,N,U,N,U,Sort,Lan,Volume,Observer,Pckg_SDAResources_agsrs_H1,N,,,1,1,1.0000000000000000,1.0000000000000000,CENSUS,7,,,,,,Y,
117925,,77461,,,31832,,SS,70,N,U,N,U,Sort,Lan,Volume,Observer,Pckg_SDAResources_agsrs_H1,N,,,1,1,1.0000000000000000,1.0000000000000000,CENSUS,70,,,,,,Y,
117926,,77462,,,31832,,SS,71,N,U,N,U,Sort,Lan,Volume,Observer,Pckg_SDAResources_agsrs_H1,N,,,1,1,1.0000000000000000,1.0000000000000000,CENSUS,71,,,,,,Y,
117927,,77463,,,31832,,SS,72,N,U,N,U,Sort,Lan,Volume,Observer,Pckg_SDAResources_agsrs_H1,N,,,1,1,1.0000000000000000,1.0000000000000000,CENSUS,72,,,,,,Y,
117928,,77464,,,31832,,SS,73,N,U,N,U,Sort,Lan,Volume,Observer,Pckg_SDAResources_agsrs_H1,N,,,1,1,1.0000000000000000,1.0000000000000000,CENSUS,73,,,,,,Y,
117929,,77465,,,31832,,SS,74,N,U,N,U,Sort,Lan,Volume,Observer,Pckg_SDAResources_agsrs_H1,N,,,1,1,1.0000000000000000,1.0000000000000000,CENSUS,74,,,,,,Y,
117930,,77466,,,31832,,SS,75,N,U,N,U,Sort,Lan,Volume,Observer,Pckg_SDAResources_agsrs_H1,N,,,1,1,1.0000000000000000,1.0000000000000000,CENSUS,75,,,,,,Y,
117931,,77467,,,31832,,SS,76,N,U,N,U,Sort,Lan,Volume,Observer,Pckg_SDAResources_agsrs_H1,N,,,1,1,1.0000000000000000,1.0000000000000000,CENSUS,76,,,,,,Y,
117932,,77468,,,31832,,SS,77,N,U,N,U,Sort,Lan,Volume,Observer,Pckg_SDAResources_agsrs_H1,N,,,1,1,1.0000000000000000,1.0000000000000000,CENSUS,77,,,,,,Y,
117933,,77469,,,31832,,SS,78,N,U,N,U,Sort,Lan,Volume,Observer,Pckg_SDAResources_agsrs_H1,N,,,1,1,1.0000000000000000,1.0000000000000000,CENSUS,78,,,,,,Y,
117934,,77470,,,31832,,SS,79,N,U,N,U,Sort,Lan,Volume,Observer,Pckg_SDAResources_agsrs_H1,N,,,1,1,1.0000000000000000,1.0000000000000000,CENSUS,79,,,,,,Y,
117935,,77471,,,31832,,SS,8,N,U,N,U,Sort,Lan,Volume,Observer,Pckg_SDAResources_agsrs_H1,N,,,1,1,1.0000000000000000,1.0000000000000000,CENSUS,8,,,,,,Y,
117936,,77472,,,31832,,SS,80,N,U,N,U,Sort,Lan,Volume,Observer,Pckg_SDAResources_agsrs_H1,N,,,1,1,1.0000000000000000,1.0000000000000000,CENSUS,80,,,,,,Y,
117937,,77473,,,31832,,SS,81,N,U,N,U,Sort,Lan,Volume,Observer,Pckg_SDAResources_agsrs_H1,N,,,1,1,1.0000000000000000,1.0000000000000000,CENSUS,81,,,,,,Y,
117938,,77474,,,31832,,SS,82,N,U,N,U,Sort,Lan,Volume,Observer,Pckg_SDAResources_agsrs_H1,N,,,1,1,1.0000000000000000,1.0000000000000000,CENSUS,82,,,,,,Y,
117939,,77475,,,31832,,SS,83,N,U,N,U,Sort,Lan,Volume,Observer,Pckg_SDAResources_agsrs_H1,N,,,1,1,1.0000000000000000,1.0000000000000000,CENSUS,83,,,,,,Y,
117940,,77476,,,31832,,SS,84,N,U,N,U,Sort,Lan,Volume,Observer,Pckg_SDAResources_agsrs_H1,N,,,1,1,1.0000000000000000,1.0000000000000000,CENSUS,84,,,,,,Y,
117941,,77477,,,31832,,SS,85,N,U,N,U,Sort,Lan,Volume,Observer,Pckg_SDAResources_agsrs_H1,N,,,1,1,1.0000000000000000,1.0000000000000000,CENSUS,85,,,,,,Y,
117942,,77478,,,31832,,SS,86,N,U,N,U,Sort,Lan,Volume,Observer,Pckg_SDAResources_agsrs_H1,N,,,1,1,1.0000000000000000,1.0000000000000000,CENSUS,86,,,,,,Y,
117943,,77479,,,31832,,SS,87,N,U,N,U,Sort,Lan,Volume,Observer,Pckg_SDAResources_agsrs_H1,N,,,1,1,1.0000000000000000,1.0000000000000000,CENSUS,87,,,,,,Y,
117944,,77480,,,31832,,SS,88,N,U,N,U,Sort,Lan,Volume,Observer,Pckg_SDAResources_agsrs_H1,N,,,1,1,1.0000000000000000,1.0000000000000000,CENSUS,88,,,,,,Y,
117945,,77481,,,31832,,SS,89,N,U,N,U,Sort,Lan,Volume,Observer,Pckg_SDAResources_agsrs_H1,N,,,1,1,1.0000000000000000,1.0000000000000000,CENSUS,89,,,,,,Y,
117946,,77482,,,31832,,SS,9,N,U,N,U,Sort,Lan,Volume,Observer,Pckg_SDAResources_agsrs_H1,N,,,1,1,1.0000000000000000,1.0000000000000000,CENSUS,9,,,,,,Y,
117947,,77483,,,31832,,SS,90,N,U,N,U,Sort,Lan,Volume,Observer,Pckg_SDAResources_agsrs_H1,N,,,1,1,1.0000000000000000,1.0000000000000000,CENSUS,90,,,,,,Y,
117948,,77484,,,31832,,SS,91,N,U,N,U,Sort,Lan,Volume,Observer,Pckg_SDAResources_agsrs_H1,N,,,1,1,1.0000000000000000,1.0000000000000000,CENSUS,91,,,,,,Y,
117949,,77485,,,31832,,SS,92,N,U,N,U,Sort,Lan,Volume,Observer,Pckg_SDAResources_agsrs_H1,N,,,1,1,1.0000000000000000,1.0000000000000000,CENSUS,92,,,,,,Y,
117950,,77486,,,31832,,SS,93,N,U,N,U,Sort,Lan,Volume,Observer,Pckg_SDAResources_agsrs_H1,N,,,1,1,1.0000000000000000,1.0000000000000000,CENSUS,93,,,,,,Y,
117951,,77487,,,31832,,SS,94,N,U,N,U,Sort,Lan,Volume,Observer,Pckg_SDAResources_agsrs_H1,N,,,1,1,1.0000000000000000,1.0000000000000000,CENSUS,94,,,,,,Y,
117952,,77488,,,31832,,SS,95,N,U,N,U,Sort,Lan,Volume,Observer,Pckg_SDAResources_agsrs_H1,N,,,1,1,1.0000000000000000,1.0000000000000000,CENSUS,95,,,,,,Y,
117953,,77489,,,31832,,SS,96,N,U,N,U,Sort,Lan,Volume,Observer,Pckg_SDAResources_agsrs_H1,N,,,1,1,1.0000000000000000,1.0000000000000000,CENSUS,96,,,,,,Y,
117954,,77490,,,31832,,SS,97,N,U,N,U,Sort,Lan,Volume,Observer,Pckg_SDAResources_agsrs_H1,N,,,1,1,1.0000000000000000,1.0000000000000000,CENSUS,97,,,,,,Y,
117955,,77491,,,31832,,SS,98,N,U,N,U,Sort,Lan,Volume,Observer,Pckg_SDAResources_agsrs_H1,N,,,1,1,1.0000000000000000,1.0000000000000000,CENSUS,98,,,,,,Y,
117956,,77492,,,31832,,SS,99,N,U,N,U,Sort,Lan,Volume,Observer,Pckg_SDAResources_agsrs_H1,N,,,1,1,1.0000000000000000,1.0000000000000000,CENSUS,99,,,,,,Y,
