FOid,FTid,SDid,FOrecordType,FOstratification,FOsequenceNumber,FOstratumName,FOclustering,FOclusterName,FOsampler,FOaggregationLevel,FOvalidity,FOcatchReg,FOstartDate,FOstartTime,FOendDate,FOendTime,FOduration,FOdurationSource,FOhandlingTime,FOstartLat,FOstartLon,FOstopLat,FOstopLon,FOexclusiveEconomicZoneIndicator,FOarea,FOrectangle,FOgsaSubarea,FOjurisdictionArea,FOfishingDepth,FOwaterDepth,FOnationalFishingActivity,FOmetier5,FOmetier6,FOgear,FOmeshSize,FOselectionDevice,FOselectionDeviceMeshSize,FOtargetSpecies,FOincidentalByCatchMitigationDeviceFirst,FOincidentalByCatchMitigationDeviceTargetFirst,FOincidentalByCatchMitigationDeviceSecond,FOincidentalByCatchMitigationDeviceTargetSecond,FOgearDimensions,FOobservationCode,FOnumberTotal,FOnumberSampled,FOselectionProb,FOinclusionProb,FOselectionMethod,FOunitName,FOselectionMethodCluster,FOnumberTotalClusters,FOnumberSampledClusters,FOselectionProbCluster,FOinclusionProbCluster,FOsampled,FOreasonNotSampled
76593,72796,,FO,N,1,U,N,U,Observer,H,V,Lan,1968-01-01,,1968-01-01,,60,Crew,,,,,,,27.3.a.21,,NotApplicable,,,,,,OTT_CRU_70-89_2_35,OTT,,,,,NotRecorded,NotApplicable,NotRecorded,NotApplicable,,So,10,10,1.0000000000000000,1.0000000000000000,CENSUS,1,,,,,,Y,
76594,72797,,FO,N,10,U,N,U,Observer,H,V,Lan,1968-01-10,,1968-01-10,,60,Crew,,,,,,,27.3.a.21,,NotApplicable,,,,,,OTT_CRU_70-89_2_35,OTT,,,,,NotRecorded,NotApplicable,NotRecorded,NotApplicable,,So,10,10,1.0000000000000000,1.0000000000000000,CENSUS,10,,,,,,Y,
76595,72798,,FO,N,100,U,N,U,Observer,H,V,Lan,1968-04-09,,1968-04-09,,60,Crew,,,,,,,27.3.a.21,,NotApplicable,,,,,,OTT_CRU_70-89_2_35,OTT,,,,,NotRecorded,NotApplicable,NotRecorded,NotApplicable,,So,10,10,1.0000000000000000,1.0000000000000000,CENSUS,100,,,,,,Y,
76596,72799,,FO,N,101,U,N,U,Observer,H,V,Lan,1968-04-10,,1968-04-10,,60,Crew,,,,,,,27.3.a.21,,NotApplicable,,,,,,OTT_CRU_70-89_2_35,OTT,,,,,NotRecorded,NotApplicable,NotRecorded,NotApplicable,,So,10,10,1.0000000000000000,1.0000000000000000,CENSUS,101,,,,,,Y,
76597,72800,,FO,N,102,U,N,U,Observer,H,V,Lan,1968-04-11,,1968-04-11,,60,Crew,,,,,,,27.3.a.21,,NotApplicable,,,,,,OTT_CRU_70-89_2_35,OTT,,,,,NotRecorded,NotApplicable,NotRecorded,NotApplicable,,So,10,10,1.0000000000000000,1.0000000000000000,CENSUS,102,,,,,,Y,
76598,72801,,FO,N,103,U,N,U,Observer,H,V,Lan,1968-04-12,,1968-04-12,,60,Crew,,,,,,,27.3.a.21,,NotApplicable,,,,,,OTT_CRU_70-89_2_35,OTT,,,,,NotRecorded,NotApplicable,NotRecorded,NotApplicable,,So,10,10,1.0000000000000000,1.0000000000000000,CENSUS,103,,,,,,Y,
76599,72802,,FO,N,104,U,N,U,Observer,H,V,Lan,1968-04-13,,1968-04-13,,60,Crew,,,,,,,27.3.a.21,,NotApplicable,,,,,,OTT_CRU_70-89_2_35,OTT,,,,,NotRecorded,NotApplicable,NotRecorded,NotApplicable,,So,10,10,1.0000000000000000,1.0000000000000000,CENSUS,104,,,,,,Y,
76600,72803,,FO,N,105,U,N,U,Observer,H,V,Lan,1968-04-14,,1968-04-14,,60,Crew,,,,,,,27.3.a.21,,NotApplicable,,,,,,OTT_CRU_70-89_2_35,OTT,,,,,NotRecorded,NotApplicable,NotRecorded,NotApplicable,,So,10,10,1.0000000000000000,1.0000000000000000,CENSUS,105,,,,,,Y,
76601,72804,,FO,N,106,U,N,U,Observer,H,V,Lan,1968-04-15,,1968-04-15,,60,Crew,,,,,,,27.3.a.21,,NotApplicable,,,,,,OTT_CRU_70-89_2_35,OTT,,,,,NotRecorded,NotApplicable,NotRecorded,NotApplicable,,So,10,10,1.0000000000000000,1.0000000000000000,CENSUS,106,,,,,,Y,
76602,72805,,FO,N,107,U,N,U,Observer,H,V,Lan,1968-04-16,,1968-04-16,,60,Crew,,,,,,,27.3.a.21,,NotApplicable,,,,,,OTT_CRU_70-89_2_35,OTT,,,,,NotRecorded,NotApplicable,NotRecorded,NotApplicable,,So,10,10,1.0000000000000000,1.0000000000000000,CENSUS,107,,,,,,Y,
76603,72806,,FO,N,108,U,N,U,Observer,H,V,Lan,1968-04-17,,1968-04-17,,60,Crew,,,,,,,27.3.a.21,,NotApplicable,,,,,,OTT_CRU_70-89_2_35,OTT,,,,,NotRecorded,NotApplicable,NotRecorded,NotApplicable,,So,10,10,1.0000000000000000,1.0000000000000000,CENSUS,108,,,,,,Y,
76604,72807,,FO,N,109,U,N,U,Observer,H,V,Lan,1968-04-18,,1968-04-18,,60,Crew,,,,,,,27.3.a.21,,NotApplicable,,,,,,OTT_CRU_70-89_2_35,OTT,,,,,NotRecorded,NotApplicable,NotRecorded,NotApplicable,,So,10,10,1.0000000000000000,1.0000000000000000,CENSUS,109,,,,,,Y,
76605,72808,,FO,N,11,U,N,U,Observer,H,V,Lan,1968-01-11,,1968-01-11,,60,Crew,,,,,,,27.3.a.21,,NotApplicable,,,,,,OTT_CRU_70-89_2_35,OTT,,,,,NotRecorded,NotApplicable,NotRecorded,NotApplicable,,So,10,10,1.0000000000000000,1.0000000000000000,CENSUS,11,,,,,,Y,
76606,72809,,FO,N,110,U,N,U,Observer,H,V,Lan,1968-04-19,,1968-04-19,,60,Crew,,,,,,,27.3.a.21,,NotApplicable,,,,,,OTT_CRU_70-89_2_35,OTT,,,,,NotRecorded,NotApplicable,NotRecorded,NotApplicable,,So,10,10,1.0000000000000000,1.0000000000000000,CENSUS,110,,,,,,Y,
76607,72810,,FO,N,111,U,N,U,Observer,H,V,Lan,1968-04-20,,1968-04-20,,60,Crew,,,,,,,27.3.a.21,,NotApplicable,,,,,,OTT_CRU_70-89_2_35,OTT,,,,,NotRecorded,NotApplicable,NotRecorded,NotApplicable,,So,10,10,1.0000000000000000,1.0000000000000000,CENSUS,111,,,,,,Y,
76608,72811,,FO,N,112,U,N,U,Observer,H,V,Lan,1968-04-21,,1968-04-21,,60,Crew,,,,,,,27.3.a.21,,NotApplicable,,,,,,OTT_CRU_70-89_2_35,OTT,,,,,NotRecorded,NotApplicable,NotRecorded,NotApplicable,,So,10,10,1.0000000000000000,1.0000000000000000,CENSUS,112,,,,,,Y,
76609,72812,,FO,N,113,U,N,U,Observer,H,V,Lan,1968-04-22,,1968-04-22,,60,Crew,,,,,,,27.3.a.21,,NotApplicable,,,,,,OTT_CRU_70-89_2_35,OTT,,,,,NotRecorded,NotApplicable,NotRecorded,NotApplicable,,So,10,10,1.0000000000000000,1.0000000000000000,CENSUS,113,,,,,,Y,
76610,72813,,FO,N,114,U,N,U,Observer,H,V,Lan,1968-04-23,,1968-04-23,,60,Crew,,,,,,,27.3.a.21,,NotApplicable,,,,,,OTT_CRU_70-89_2_35,OTT,,,,,NotRecorded,NotApplicable,NotRecorded,NotApplicable,,So,10,10,1.0000000000000000,1.0000000000000000,CENSUS,114,,,,,,Y,
76611,72814,,FO,N,115,U,N,U,Observer,H,V,Lan,1968-04-24,,1968-04-24,,60,Crew,,,,,,,27.3.a.21,,NotApplicable,,,,,,OTT_CRU_70-89_2_35,OTT,,,,,NotRecorded,NotApplicable,NotRecorded,NotApplicable,,So,10,10,1.0000000000000000,1.0000000000000000,CENSUS,115,,,,,,Y,
76612,72815,,FO,N,116,U,N,U,Observer,H,V,Lan,1968-04-25,,1968-04-25,,60,Crew,,,,,,,27.3.a.21,,NotApplicable,,,,,,OTT_CRU_70-89_2_35,OTT,,,,,NotRecorded,NotApplicable,NotRecorded,NotApplicable,,So,10,10,1.0000000000000000,1.0000000000000000,CENSUS,116,,,,,,Y,
76613,72816,,FO,N,117,U,N,U,Observer,H,V,Lan,1968-04-26,,1968-04-26,,60,Crew,,,,,,,27.3.a.21,,NotApplicable,,,,,,OTT_CRU_70-89_2_35,OTT,,,,,NotRecorded,NotApplicable,NotRecorded,NotApplicable,,So,10,10,1.0000000000000000,1.0000000000000000,CENSUS,117,,,,,,Y,
76614,72817,,FO,N,118,U,N,U,Observer,H,V,Lan,1968-04-27,,1968-04-27,,60,Crew,,,,,,,27.3.a.21,,NotApplicable,,,,,,OTT_CRU_70-89_2_35,OTT,,,,,NotRecorded,NotApplicable,NotRecorded,NotApplicable,,So,10,10,1.0000000000000000,1.0000000000000000,CENSUS,118,,,,,,Y,
76615,72818,,FO,N,119,U,N,U,Observer,H,V,Lan,1968-04-28,,1968-04-28,,60,Crew,,,,,,,27.3.a.21,,NotApplicable,,,,,,OTT_CRU_70-89_2_35,OTT,,,,,NotRecorded,NotApplicable,NotRecorded,NotApplicable,,So,10,10,1.0000000000000000,1.0000000000000000,CENSUS,119,,,,,,Y,
76616,72819,,FO,N,12,U,N,U,Observer,H,V,Lan,1968-01-12,,1968-01-12,,60,Crew,,,,,,,27.3.a.21,,NotApplicable,,,,,,OTT_CRU_70-89_2_35,OTT,,,,,NotRecorded,NotApplicable,NotRecorded,NotApplicable,,So,10,10,1.0000000000000000,1.0000000000000000,CENSUS,12,,,,,,Y,
76617,72820,,FO,N,120,U,N,U,Observer,H,V,Lan,1968-04-29,,1968-04-29,,60,Crew,,,,,,,27.3.a.21,,NotApplicable,,,,,,OTT_CRU_70-89_2_35,OTT,,,,,NotRecorded,NotApplicable,NotRecorded,NotApplicable,,So,10,10,1.0000000000000000,1.0000000000000000,CENSUS,120,,,,,,Y,
76618,72821,,FO,N,121,U,N,U,Observer,H,V,Lan,1968-04-30,,1968-04-30,,60,Crew,,,,,,,27.3.a.21,,NotApplicable,,,,,,OTT_CRU_70-89_2_35,OTT,,,,,NotRecorded,NotApplicable,NotRecorded,NotApplicable,,So,10,10,1.0000000000000000,1.0000000000000000,CENSUS,121,,,,,,Y,
76619,72822,,FO,N,122,U,N,U,Observer,H,V,Lan,1968-05-01,,1968-05-01,,60,Crew,,,,,,,27.3.a.21,,NotApplicable,,,,,,OTT_CRU_70-89_2_35,OTT,,,,,NotRecorded,NotApplicable,NotRecorded,NotApplicable,,So,10,10,1.0000000000000000,1.0000000000000000,CENSUS,122,,,,,,Y,
76620,72823,,FO,N,123,U,N,U,Observer,H,V,Lan,1968-05-02,,1968-05-02,,60,Crew,,,,,,,27.3.a.21,,NotApplicable,,,,,,OTT_CRU_70-89_2_35,OTT,,,,,NotRecorded,NotApplicable,NotRecorded,NotApplicable,,So,10,10,1.0000000000000000,1.0000000000000000,CENSUS,123,,,,,,Y,
76621,72824,,FO,N,124,U,N,U,Observer,H,V,Lan,1968-05-03,,1968-05-03,,60,Crew,,,,,,,27.3.a.21,,NotApplicable,,,,,,OTT_CRU_70-89_2_35,OTT,,,,,NotRecorded,NotApplicable,NotRecorded,NotApplicable,,So,10,10,1.0000000000000000,1.0000000000000000,CENSUS,124,,,,,,Y,
76622,72825,,FO,N,125,U,N,U,Observer,H,V,Lan,1968-05-04,,1968-05-04,,60,Crew,,,,,,,27.3.a.21,,NotApplicable,,,,,,OTT_CRU_70-89_2_35,OTT,,,,,NotRecorded,NotApplicable,NotRecorded,NotApplicable,,So,10,10,1.0000000000000000,1.0000000000000000,CENSUS,125,,,,,,Y,
76623,72826,,FO,N,126,U,N,U,Observer,H,V,Lan,1968-05-05,,1968-05-05,,60,Crew,,,,,,,27.3.a.21,,NotApplicable,,,,,,OTT_CRU_70-89_2_35,OTT,,,,,NotRecorded,NotApplicable,NotRecorded,NotApplicable,,So,10,10,1.0000000000000000,1.0000000000000000,CENSUS,126,,,,,,Y,
76624,72827,,FO,N,127,U,N,U,Observer,H,V,Lan,1968-05-06,,1968-05-06,,60,Crew,,,,,,,27.3.a.21,,NotApplicable,,,,,,OTT_CRU_70-89_2_35,OTT,,,,,NotRecorded,NotApplicable,NotRecorded,NotApplicable,,So,10,10,1.0000000000000000,1.0000000000000000,CENSUS,127,,,,,,Y,
76625,72828,,FO,N,128,U,N,U,Observer,H,V,Lan,1968-05-07,,1968-05-07,,60,Crew,,,,,,,27.3.a.21,,NotApplicable,,,,,,OTT_CRU_70-89_2_35,OTT,,,,,NotRecorded,NotApplicable,NotRecorded,NotApplicable,,So,10,10,1.0000000000000000,1.0000000000000000,CENSUS,128,,,,,,Y,
76626,72829,,FO,N,129,U,N,U,Observer,H,V,Lan,1968-05-08,,1968-05-08,,60,Crew,,,,,,,27.3.a.21,,NotApplicable,,,,,,OTT_CRU_70-89_2_35,OTT,,,,,NotRecorded,NotApplicable,NotRecorded,NotApplicable,,So,10,10,1.0000000000000000,1.0000000000000000,CENSUS,129,,,,,,Y,
76627,72830,,FO,N,13,U,N,U,Observer,H,V,Lan,1968-01-13,,1968-01-13,,60,Crew,,,,,,,27.3.a.21,,NotApplicable,,,,,,OTT_CRU_70-89_2_35,OTT,,,,,NotRecorded,NotApplicable,NotRecorded,NotApplicable,,So,10,10,1.0000000000000000,1.0000000000000000,CENSUS,13,,,,,,Y,
76628,72831,,FO,N,130,U,N,U,Observer,H,V,Lan,1968-05-09,,1968-05-09,,60,Crew,,,,,,,27.3.a.21,,NotApplicable,,,,,,OTT_CRU_70-89_2_35,OTT,,,,,NotRecorded,NotApplicable,NotRecorded,NotApplicable,,So,10,10,1.0000000000000000,1.0000000000000000,CENSUS,130,,,,,,Y,
76629,72832,,FO,N,131,U,N,U,Observer,H,V,Lan,1968-05-10,,1968-05-10,,60,Crew,,,,,,,27.3.a.21,,NotApplicable,,,,,,OTT_CRU_70-89_2_35,OTT,,,,,NotRecorded,NotApplicable,NotRecorded,NotApplicable,,So,10,10,1.0000000000000000,1.0000000000000000,CENSUS,131,,,,,,Y,
76630,72833,,FO,N,132,U,N,U,Observer,H,V,Lan,1968-05-11,,1968-05-11,,60,Crew,,,,,,,27.3.a.21,,NotApplicable,,,,,,OTT_CRU_70-89_2_35,OTT,,,,,NotRecorded,NotApplicable,NotRecorded,NotApplicable,,So,10,10,1.0000000000000000,1.0000000000000000,CENSUS,132,,,,,,Y,
76631,72834,,FO,N,133,U,N,U,Observer,H,V,Lan,1968-05-12,,1968-05-12,,60,Crew,,,,,,,27.3.a.21,,NotApplicable,,,,,,OTT_CRU_70-89_2_35,OTT,,,,,NotRecorded,NotApplicable,NotRecorded,NotApplicable,,So,10,10,1.0000000000000000,1.0000000000000000,CENSUS,133,,,,,,Y,
76632,72835,,FO,N,134,U,N,U,Observer,H,V,Lan,1968-05-13,,1968-05-13,,60,Crew,,,,,,,27.3.a.21,,NotApplicable,,,,,,OTT_CRU_70-89_2_35,OTT,,,,,NotRecorded,NotApplicable,NotRecorded,NotApplicable,,So,10,10,1.0000000000000000,1.0000000000000000,CENSUS,134,,,,,,Y,
76633,72836,,FO,N,135,U,N,U,Observer,H,V,Lan,1968-05-14,,1968-05-14,,60,Crew,,,,,,,27.3.a.21,,NotApplicable,,,,,,OTT_CRU_70-89_2_35,OTT,,,,,NotRecorded,NotApplicable,NotRecorded,NotApplicable,,So,10,10,1.0000000000000000,1.0000000000000000,CENSUS,135,,,,,,Y,
76634,72837,,FO,N,136,U,N,U,Observer,H,V,Lan,1968-05-15,,1968-05-15,,60,Crew,,,,,,,27.3.a.21,,NotApplicable,,,,,,OTT_CRU_70-89_2_35,OTT,,,,,NotRecorded,NotApplicable,NotRecorded,NotApplicable,,So,10,10,1.0000000000000000,1.0000000000000000,CENSUS,136,,,,,,Y,
76635,72838,,FO,N,137,U,N,U,Observer,H,V,Lan,1968-05-16,,1968-05-16,,60,Crew,,,,,,,27.3.a.21,,NotApplicable,,,,,,OTT_CRU_70-89_2_35,OTT,,,,,NotRecorded,NotApplicable,NotRecorded,NotApplicable,,So,10,10,1.0000000000000000,1.0000000000000000,CENSUS,137,,,,,,Y,
76636,72839,,FO,N,138,U,N,U,Observer,H,V,Lan,1968-05-17,,1968-05-17,,60,Crew,,,,,,,27.3.a.21,,NotApplicable,,,,,,OTT_CRU_70-89_2_35,OTT,,,,,NotRecorded,NotApplicable,NotRecorded,NotApplicable,,So,10,10,1.0000000000000000,1.0000000000000000,CENSUS,138,,,,,,Y,
76637,72840,,FO,N,139,U,N,U,Observer,H,V,Lan,1968-05-18,,1968-05-18,,60,Crew,,,,,,,27.3.a.21,,NotApplicable,,,,,,OTT_CRU_70-89_2_35,OTT,,,,,NotRecorded,NotApplicable,NotRecorded,NotApplicable,,So,10,10,1.0000000000000000,1.0000000000000000,CENSUS,139,,,,,,Y,
76638,72841,,FO,N,14,U,N,U,Observer,H,V,Lan,1968-01-14,,1968-01-14,,60,Crew,,,,,,,27.3.a.21,,NotApplicable,,,,,,OTT_CRU_70-89_2_35,OTT,,,,,NotRecorded,NotApplicable,NotRecorded,NotApplicable,,So,10,10,1.0000000000000000,1.0000000000000000,CENSUS,14,,,,,,Y,
76639,72842,,FO,N,140,U,N,U,Observer,H,V,Lan,1968-05-19,,1968-05-19,,60,Crew,,,,,,,27.3.a.21,,NotApplicable,,,,,,OTT_CRU_70-89_2_35,OTT,,,,,NotRecorded,NotApplicable,NotRecorded,NotApplicable,,So,10,10,1.0000000000000000,1.0000000000000000,CENSUS,140,,,,,,Y,
76640,72843,,FO,N,141,U,N,U,Observer,H,V,Lan,1968-05-20,,1968-05-20,,60,Crew,,,,,,,27.3.a.21,,NotApplicable,,,,,,OTT_CRU_70-89_2_35,OTT,,,,,NotRecorded,NotApplicable,NotRecorded,NotApplicable,,So,10,10,1.0000000000000000,1.0000000000000000,CENSUS,141,,,,,,Y,
76641,72844,,FO,N,142,U,N,U,Observer,H,V,Lan,1968-05-21,,1968-05-21,,60,Crew,,,,,,,27.3.a.21,,NotApplicable,,,,,,OTT_CRU_70-89_2_35,OTT,,,,,NotRecorded,NotApplicable,NotRecorded,NotApplicable,,So,10,10,1.0000000000000000,1.0000000000000000,CENSUS,142,,,,,,Y,
76642,72845,,FO,N,143,U,N,U,Observer,H,V,Lan,1968-05-22,,1968-05-22,,60,Crew,,,,,,,27.3.a.21,,NotApplicable,,,,,,OTT_CRU_70-89_2_35,OTT,,,,,NotRecorded,NotApplicable,NotRecorded,NotApplicable,,So,10,10,1.0000000000000000,1.0000000000000000,CENSUS,143,,,,,,Y,
76643,72846,,FO,N,144,U,N,U,Observer,H,V,Lan,1968-05-23,,1968-05-23,,60,Crew,,,,,,,27.3.a.21,,NotApplicable,,,,,,OTT_CRU_70-89_2_35,OTT,,,,,NotRecorded,NotApplicable,NotRecorded,NotApplicable,,So,10,10,1.0000000000000000,1.0000000000000000,CENSUS,144,,,,,,Y,
76644,72847,,FO,N,145,U,N,U,Observer,H,V,Lan,1968-05-24,,1968-05-24,,60,Crew,,,,,,,27.3.a.21,,NotApplicable,,,,,,OTT_CRU_70-89_2_35,OTT,,,,,NotRecorded,NotApplicable,NotRecorded,NotApplicable,,So,10,10,1.0000000000000000,1.0000000000000000,CENSUS,145,,,,,,Y,
76645,72848,,FO,N,146,U,N,U,Observer,H,V,Lan,1968-05-25,,1968-05-25,,60,Crew,,,,,,,27.3.a.21,,NotApplicable,,,,,,OTT_CRU_70-89_2_35,OTT,,,,,NotRecorded,NotApplicable,NotRecorded,NotApplicable,,So,10,10,1.0000000000000000,1.0000000000000000,CENSUS,146,,,,,,Y,
76646,72849,,FO,N,147,U,N,U,Observer,H,V,Lan,1968-05-26,,1968-05-26,,60,Crew,,,,,,,27.3.a.21,,NotApplicable,,,,,,OTT_CRU_70-89_2_35,OTT,,,,,NotRecorded,NotApplicable,NotRecorded,NotApplicable,,So,10,10,1.0000000000000000,1.0000000000000000,CENSUS,147,,,,,,Y,
76647,72850,,FO,N,148,U,N,U,Observer,H,V,Lan,1968-05-27,,1968-05-27,,60,Crew,,,,,,,27.3.a.21,,NotApplicable,,,,,,OTT_CRU_70-89_2_35,OTT,,,,,NotRecorded,NotApplicable,NotRecorded,NotApplicable,,So,10,10,1.0000000000000000,1.0000000000000000,CENSUS,148,,,,,,Y,
76648,72851,,FO,N,149,U,N,U,Observer,H,V,Lan,1968-05-28,,1968-05-28,,60,Crew,,,,,,,27.3.a.21,,NotApplicable,,,,,,OTT_CRU_70-89_2_35,OTT,,,,,NotRecorded,NotApplicable,NotRecorded,NotApplicable,,So,10,10,1.0000000000000000,1.0000000000000000,CENSUS,149,,,,,,Y,
76649,72852,,FO,N,15,U,N,U,Observer,H,V,Lan,1968-01-15,,1968-01-15,,60,Crew,,,,,,,27.3.a.21,,NotApplicable,,,,,,OTT_CRU_70-89_2_35,OTT,,,,,NotRecorded,NotApplicable,NotRecorded,NotApplicable,,So,10,10,1.0000000000000000,1.0000000000000000,CENSUS,15,,,,,,Y,
76650,72853,,FO,N,150,U,N,U,Observer,H,V,Lan,1968-05-29,,1968-05-29,,60,Crew,,,,,,,27.3.a.21,,NotApplicable,,,,,,OTT_CRU_70-89_2_35,OTT,,,,,NotRecorded,NotApplicable,NotRecorded,NotApplicable,,So,10,10,1.0000000000000000,1.0000000000000000,CENSUS,150,,,,,,Y,
76651,72854,,FO,N,151,U,N,U,Observer,H,V,Lan,1968-05-30,,1968-05-30,,60,Crew,,,,,,,27.3.a.21,,NotApplicable,,,,,,OTT_CRU_70-89_2_35,OTT,,,,,NotRecorded,NotApplicable,NotRecorded,NotApplicable,,So,10,10,1.0000000000000000,1.0000000000000000,CENSUS,151,,,,,,Y,
76652,72855,,FO,N,152,U,N,U,Observer,H,V,Lan,1968-05-31,,1968-05-31,,60,Crew,,,,,,,27.3.a.21,,NotApplicable,,,,,,OTT_CRU_70-89_2_35,OTT,,,,,NotRecorded,NotApplicable,NotRecorded,NotApplicable,,So,10,10,1.0000000000000000,1.0000000000000000,CENSUS,152,,,,,,Y,
76653,72856,,FO,N,153,U,N,U,Observer,H,V,Lan,1968-06-01,,1968-06-01,,60,Crew,,,,,,,27.3.a.21,,NotApplicable,,,,,,OTT_CRU_70-89_2_35,OTT,,,,,NotRecorded,NotApplicable,NotRecorded,NotApplicable,,So,10,10,1.0000000000000000,1.0000000000000000,CENSUS,153,,,,,,Y,
76654,72857,,FO,N,154,U,N,U,Observer,H,V,Lan,1968-06-02,,1968-06-02,,60,Crew,,,,,,,27.3.a.21,,NotApplicable,,,,,,OTT_CRU_70-89_2_35,OTT,,,,,NotRecorded,NotApplicable,NotRecorded,NotApplicable,,So,10,10,1.0000000000000000,1.0000000000000000,CENSUS,154,,,,,,Y,
76655,72858,,FO,N,155,U,N,U,Observer,H,V,Lan,1968-06-03,,1968-06-03,,60,Crew,,,,,,,27.3.a.21,,NotApplicable,,,,,,OTT_CRU_70-89_2_35,OTT,,,,,NotRecorded,NotApplicable,NotRecorded,NotApplicable,,So,10,10,1.0000000000000000,1.0000000000000000,CENSUS,155,,,,,,Y,
76656,72859,,FO,N,156,U,N,U,Observer,H,V,Lan,1968-06-04,,1968-06-04,,60,Crew,,,,,,,27.3.a.21,,NotApplicable,,,,,,OTT_CRU_70-89_2_35,OTT,,,,,NotRecorded,NotApplicable,NotRecorded,NotApplicable,,So,10,10,1.0000000000000000,1.0000000000000000,CENSUS,156,,,,,,Y,
76657,72860,,FO,N,157,U,N,U,Observer,H,V,Lan,1968-06-05,,1968-06-05,,60,Crew,,,,,,,27.3.a.21,,NotApplicable,,,,,,OTT_CRU_70-89_2_35,OTT,,,,,NotRecorded,NotApplicable,NotRecorded,NotApplicable,,So,10,10,1.0000000000000000,1.0000000000000000,CENSUS,157,,,,,,Y,
76658,72861,,FO,N,158,U,N,U,Observer,H,V,Lan,1968-06-06,,1968-06-06,,60,Crew,,,,,,,27.3.a.21,,NotApplicable,,,,,,OTT_CRU_70-89_2_35,OTT,,,,,NotRecorded,NotApplicable,NotRecorded,NotApplicable,,So,10,10,1.0000000000000000,1.0000000000000000,CENSUS,158,,,,,,Y,
76659,72862,,FO,N,159,U,N,U,Observer,H,V,Lan,1968-06-07,,1968-06-07,,60,Crew,,,,,,,27.3.a.21,,NotApplicable,,,,,,OTT_CRU_70-89_2_35,OTT,,,,,NotRecorded,NotApplicable,NotRecorded,NotApplicable,,So,10,10,1.0000000000000000,1.0000000000000000,CENSUS,159,,,,,,Y,
76660,72863,,FO,N,16,U,N,U,Observer,H,V,Lan,1968-01-16,,1968-01-16,,60,Crew,,,,,,,27.3.a.21,,NotApplicable,,,,,,OTT_CRU_70-89_2_35,OTT,,,,,NotRecorded,NotApplicable,NotRecorded,NotApplicable,,So,10,10,1.0000000000000000,1.0000000000000000,CENSUS,16,,,,,,Y,
76661,72864,,FO,N,160,U,N,U,Observer,H,V,Lan,1968-06-08,,1968-06-08,,60,Crew,,,,,,,27.3.a.21,,NotApplicable,,,,,,OTT_CRU_70-89_2_35,OTT,,,,,NotRecorded,NotApplicable,NotRecorded,NotApplicable,,So,10,10,1.0000000000000000,1.0000000000000000,CENSUS,160,,,,,,Y,
76662,72865,,FO,N,161,U,N,U,Observer,H,V,Lan,1968-06-09,,1968-06-09,,60,Crew,,,,,,,27.3.a.21,,NotApplicable,,,,,,OTT_CRU_70-89_2_35,OTT,,,,,NotRecorded,NotApplicable,NotRecorded,NotApplicable,,So,10,10,1.0000000000000000,1.0000000000000000,CENSUS,161,,,,,,Y,
76663,72866,,FO,N,162,U,N,U,Observer,H,V,Lan,1968-06-10,,1968-06-10,,60,Crew,,,,,,,27.3.a.21,,NotApplicable,,,,,,OTT_CRU_70-89_2_35,OTT,,,,,NotRecorded,NotApplicable,NotRecorded,NotApplicable,,So,10,10,1.0000000000000000,1.0000000000000000,CENSUS,162,,,,,,Y,
76664,72867,,FO,N,163,U,N,U,Observer,H,V,Lan,1968-06-11,,1968-06-11,,60,Crew,,,,,,,27.3.a.21,,NotApplicable,,,,,,OTT_CRU_70-89_2_35,OTT,,,,,NotRecorded,NotApplicable,NotRecorded,NotApplicable,,So,10,10,1.0000000000000000,1.0000000000000000,CENSUS,163,,,,,,Y,
76665,72868,,FO,N,164,U,N,U,Observer,H,V,Lan,1968-06-12,,1968-06-12,,60,Crew,,,,,,,27.3.a.21,,NotApplicable,,,,,,OTT_CRU_70-89_2_35,OTT,,,,,NotRecorded,NotApplicable,NotRecorded,NotApplicable,,So,10,10,1.0000000000000000,1.0000000000000000,CENSUS,164,,,,,,Y,
76666,72869,,FO,N,165,U,N,U,Observer,H,V,Lan,1968-06-13,,1968-06-13,,60,Crew,,,,,,,27.3.a.21,,NotApplicable,,,,,,OTT_CRU_70-89_2_35,OTT,,,,,NotRecorded,NotApplicable,NotRecorded,NotApplicable,,So,10,10,1.0000000000000000,1.0000000000000000,CENSUS,165,,,,,,Y,
76667,72870,,FO,N,166,U,N,U,Observer,H,V,Lan,1968-06-14,,1968-06-14,,60,Crew,,,,,,,27.3.a.21,,NotApplicable,,,,,,OTT_CRU_70-89_2_35,OTT,,,,,NotRecorded,NotApplicable,NotRecorded,NotApplicable,,So,10,10,1.0000000000000000,1.0000000000000000,CENSUS,166,,,,,,Y,
76668,72871,,FO,N,167,U,N,U,Observer,H,V,Lan,1968-06-15,,1968-06-15,,60,Crew,,,,,,,27.3.a.21,,NotApplicable,,,,,,OTT_CRU_70-89_2_35,OTT,,,,,NotRecorded,NotApplicable,NotRecorded,NotApplicable,,So,10,10,1.0000000000000000,1.0000000000000000,CENSUS,167,,,,,,Y,
76669,72872,,FO,N,168,U,N,U,Observer,H,V,Lan,1968-06-16,,1968-06-16,,60,Crew,,,,,,,27.3.a.21,,NotApplicable,,,,,,OTT_CRU_70-89_2_35,OTT,,,,,NotRecorded,NotApplicable,NotRecorded,NotApplicable,,So,10,10,1.0000000000000000,1.0000000000000000,CENSUS,168,,,,,,Y,
76670,72873,,FO,N,169,U,N,U,Observer,H,V,Lan,1968-06-17,,1968-06-17,,60,Crew,,,,,,,27.3.a.21,,NotApplicable,,,,,,OTT_CRU_70-89_2_35,OTT,,,,,NotRecorded,NotApplicable,NotRecorded,NotApplicable,,So,10,10,1.0000000000000000,1.0000000000000000,CENSUS,169,,,,,,Y,
76671,72874,,FO,N,17,U,N,U,Observer,H,V,Lan,1968-01-17,,1968-01-17,,60,Crew,,,,,,,27.3.a.21,,NotApplicable,,,,,,OTT_CRU_70-89_2_35,OTT,,,,,NotRecorded,NotApplicable,NotRecorded,NotApplicable,,So,10,10,1.0000000000000000,1.0000000000000000,CENSUS,17,,,,,,Y,
76672,72875,,FO,N,170,U,N,U,Observer,H,V,Lan,1968-06-18,,1968-06-18,,60,Crew,,,,,,,27.3.a.21,,NotApplicable,,,,,,OTT_CRU_70-89_2_35,OTT,,,,,NotRecorded,NotApplicable,NotRecorded,NotApplicable,,So,10,10,1.0000000000000000,1.0000000000000000,CENSUS,170,,,,,,Y,
76673,72876,,FO,N,171,U,N,U,Observer,H,V,Lan,1968-06-19,,1968-06-19,,60,Crew,,,,,,,27.3.a.21,,NotApplicable,,,,,,OTT_CRU_70-89_2_35,OTT,,,,,NotRecorded,NotApplicable,NotRecorded,NotApplicable,,So,10,10,1.0000000000000000,1.0000000000000000,CENSUS,171,,,,,,Y,
76674,72877,,FO,N,172,U,N,U,Observer,H,V,Lan,1968-06-20,,1968-06-20,,60,Crew,,,,,,,27.3.a.21,,NotApplicable,,,,,,OTT_CRU_70-89_2_35,OTT,,,,,NotRecorded,NotApplicable,NotRecorded,NotApplicable,,So,10,10,1.0000000000000000,1.0000000000000000,CENSUS,172,,,,,,Y,
76675,72878,,FO,N,173,U,N,U,Observer,H,V,Lan,1968-06-21,,1968-06-21,,60,Crew,,,,,,,27.3.a.21,,NotApplicable,,,,,,OTT_CRU_70-89_2_35,OTT,,,,,NotRecorded,NotApplicable,NotRecorded,NotApplicable,,So,10,10,1.0000000000000000,1.0000000000000000,CENSUS,173,,,,,,Y,
76676,72879,,FO,N,174,U,N,U,Observer,H,V,Lan,1968-06-22,,1968-06-22,,60,Crew,,,,,,,27.3.a.21,,NotApplicable,,,,,,OTT_CRU_70-89_2_35,OTT,,,,,NotRecorded,NotApplicable,NotRecorded,NotApplicable,,So,10,10,1.0000000000000000,1.0000000000000000,CENSUS,174,,,,,,Y,
76677,72880,,FO,N,175,U,N,U,Observer,H,V,Lan,1968-06-23,,1968-06-23,,60,Crew,,,,,,,27.3.a.21,,NotApplicable,,,,,,OTT_CRU_70-89_2_35,OTT,,,,,NotRecorded,NotApplicable,NotRecorded,NotApplicable,,So,10,10,1.0000000000000000,1.0000000000000000,CENSUS,175,,,,,,Y,
76678,72881,,FO,N,176,U,N,U,Observer,H,V,Lan,1968-06-24,,1968-06-24,,60,Crew,,,,,,,27.3.a.21,,NotApplicable,,,,,,OTT_CRU_70-89_2_35,OTT,,,,,NotRecorded,NotApplicable,NotRecorded,NotApplicable,,So,10,10,1.0000000000000000,1.0000000000000000,CENSUS,176,,,,,,Y,
76679,72882,,FO,N,177,U,N,U,Observer,H,V,Lan,1968-06-25,,1968-06-25,,60,Crew,,,,,,,27.3.a.21,,NotApplicable,,,,,,OTT_CRU_70-89_2_35,OTT,,,,,NotRecorded,NotApplicable,NotRecorded,NotApplicable,,So,10,10,1.0000000000000000,1.0000000000000000,CENSUS,177,,,,,,Y,
76680,72883,,FO,N,178,U,N,U,Observer,H,V,Lan,1968-06-26,,1968-06-26,,60,Crew,,,,,,,27.3.a.21,,NotApplicable,,,,,,OTT_CRU_70-89_2_35,OTT,,,,,NotRecorded,NotApplicable,NotRecorded,NotApplicable,,So,10,10,1.0000000000000000,1.0000000000000000,CENSUS,178,,,,,,Y,
76681,72884,,FO,N,179,U,N,U,Observer,H,V,Lan,1968-06-27,,1968-06-27,,60,Crew,,,,,,,27.3.a.21,,NotApplicable,,,,,,OTT_CRU_70-89_2_35,OTT,,,,,NotRecorded,NotApplicable,NotRecorded,NotApplicable,,So,10,10,1.0000000000000000,1.0000000000000000,CENSUS,179,,,,,,Y,
76682,72885,,FO,N,18,U,N,U,Observer,H,V,Lan,1968-01-18,,1968-01-18,,60,Crew,,,,,,,27.3.a.21,,NotApplicable,,,,,,OTT_CRU_70-89_2_35,OTT,,,,,NotRecorded,NotApplicable,NotRecorded,NotApplicable,,So,10,10,1.0000000000000000,1.0000000000000000,CENSUS,18,,,,,,Y,
76683,72886,,FO,N,180,U,N,U,Observer,H,V,Lan,1968-06-28,,1968-06-28,,60,Crew,,,,,,,27.3.a.21,,NotApplicable,,,,,,OTT_CRU_70-89_2_35,OTT,,,,,NotRecorded,NotApplicable,NotRecorded,NotApplicable,,So,10,10,1.0000000000000000,1.0000000000000000,CENSUS,180,,,,,,Y,
76684,72887,,FO,N,181,U,N,U,Observer,H,V,Lan,1968-06-29,,1968-06-29,,60,Crew,,,,,,,27.3.a.21,,NotApplicable,,,,,,OTT_CRU_70-89_2_35,OTT,,,,,NotRecorded,NotApplicable,NotRecorded,NotApplicable,,So,10,10,1.0000000000000000,1.0000000000000000,CENSUS,181,,,,,,Y,
76685,72888,,FO,N,182,U,N,U,Observer,H,V,Lan,1968-06-30,,1968-06-30,,60,Crew,,,,,,,27.3.a.21,,NotApplicable,,,,,,OTT_CRU_70-89_2_35,OTT,,,,,NotRecorded,NotApplicable,NotRecorded,NotApplicable,,So,10,10,1.0000000000000000,1.0000000000000000,CENSUS,182,,,,,,Y,
76686,72889,,FO,N,183,U,N,U,Observer,H,V,Lan,1968-07-01,,1968-07-01,,60,Crew,,,,,,,27.3.a.21,,NotApplicable,,,,,,OTT_CRU_70-89_2_35,OTT,,,,,NotRecorded,NotApplicable,NotRecorded,NotApplicable,,So,10,10,1.0000000000000000,1.0000000000000000,CENSUS,183,,,,,,Y,
76687,72890,,FO,N,184,U,N,U,Observer,H,V,Lan,1968-07-02,,1968-07-02,,60,Crew,,,,,,,27.3.a.21,,NotApplicable,,,,,,OTT_CRU_70-89_2_35,OTT,,,,,NotRecorded,NotApplicable,NotRecorded,NotApplicable,,So,10,10,1.0000000000000000,1.0000000000000000,CENSUS,184,,,,,,Y,
76688,72891,,FO,N,185,U,N,U,Observer,H,V,Lan,1968-07-03,,1968-07-03,,60,Crew,,,,,,,27.3.a.21,,NotApplicable,,,,,,OTT_CRU_70-89_2_35,OTT,,,,,NotRecorded,NotApplicable,NotRecorded,NotApplicable,,So,10,10,1.0000000000000000,1.0000000000000000,CENSUS,185,,,,,,Y,
76689,72892,,FO,N,186,U,N,U,Observer,H,V,Lan,1968-07-04,,1968-07-04,,60,Crew,,,,,,,27.3.a.21,,NotApplicable,,,,,,OTT_CRU_70-89_2_35,OTT,,,,,NotRecorded,NotApplicable,NotRecorded,NotApplicable,,So,10,10,1.0000000000000000,1.0000000000000000,CENSUS,186,,,,,,Y,
76690,72893,,FO,N,187,U,N,U,Observer,H,V,Lan,1968-07-05,,1968-07-05,,60,Crew,,,,,,,27.3.a.21,,NotApplicable,,,,,,OTT_CRU_70-89_2_35,OTT,,,,,NotRecorded,NotApplicable,NotRecorded,NotApplicable,,So,10,10,1.0000000000000000,1.0000000000000000,CENSUS,187,,,,,,Y,
76691,72894,,FO,N,188,U,N,U,Observer,H,V,Lan,1968-07-06,,1968-07-06,,60,Crew,,,,,,,27.3.a.21,,NotApplicable,,,,,,OTT_CRU_70-89_2_35,OTT,,,,,NotRecorded,NotApplicable,NotRecorded,NotApplicable,,So,10,10,1.0000000000000000,1.0000000000000000,CENSUS,188,,,,,,Y,
76692,72895,,FO,N,189,U,N,U,Observer,H,V,Lan,1968-07-07,,1968-07-07,,60,Crew,,,,,,,27.3.a.21,,NotApplicable,,,,,,OTT_CRU_70-89_2_35,OTT,,,,,NotRecorded,NotApplicable,NotRecorded,NotApplicable,,So,10,10,1.0000000000000000,1.0000000000000000,CENSUS,189,,,,,,Y,
76693,72896,,FO,N,19,U,N,U,Observer,H,V,Lan,1968-01-19,,1968-01-19,,60,Crew,,,,,,,27.3.a.21,,NotApplicable,,,,,,OTT_CRU_70-89_2_35,OTT,,,,,NotRecorded,NotApplicable,NotRecorded,NotApplicable,,So,10,10,1.0000000000000000,1.0000000000000000,CENSUS,19,,,,,,Y,
76694,72897,,FO,N,190,U,N,U,Observer,H,V,Lan,1968-07-08,,1968-07-08,,60,Crew,,,,,,,27.3.a.21,,NotApplicable,,,,,,OTT_CRU_70-89_2_35,OTT,,,,,NotRecorded,NotApplicable,NotRecorded,NotApplicable,,So,10,10,1.0000000000000000,1.0000000000000000,CENSUS,190,,,,,,Y,
76695,72898,,FO,N,191,U,N,U,Observer,H,V,Lan,1968-07-09,,1968-07-09,,60,Crew,,,,,,,27.3.a.21,,NotApplicable,,,,,,OTT_CRU_70-89_2_35,OTT,,,,,NotRecorded,NotApplicable,NotRecorded,NotApplicable,,So,10,10,1.0000000000000000,1.0000000000000000,CENSUS,191,,,,,,Y,
76696,72899,,FO,N,192,U,N,U,Observer,H,V,Lan,1968-07-10,,1968-07-10,,60,Crew,,,,,,,27.3.a.21,,NotApplicable,,,,,,OTT_CRU_70-89_2_35,OTT,,,,,NotRecorded,NotApplicable,NotRecorded,NotApplicable,,So,10,10,1.0000000000000000,1.0000000000000000,CENSUS,192,,,,,,Y,
76697,72900,,FO,N,193,U,N,U,Observer,H,V,Lan,1968-07-11,,1968-07-11,,60,Crew,,,,,,,27.3.a.21,,NotApplicable,,,,,,OTT_CRU_70-89_2_35,OTT,,,,,NotRecorded,NotApplicable,NotRecorded,NotApplicable,,So,10,10,1.0000000000000000,1.0000000000000000,CENSUS,193,,,,,,Y,
76698,72901,,FO,N,194,U,N,U,Observer,H,V,Lan,1968-07-12,,1968-07-12,,60,Crew,,,,,,,27.3.a.21,,NotApplicable,,,,,,OTT_CRU_70-89_2_35,OTT,,,,,NotRecorded,NotApplicable,NotRecorded,NotApplicable,,So,10,10,1.0000000000000000,1.0000000000000000,CENSUS,194,,,,,,Y,
76699,72902,,FO,N,195,U,N,U,Observer,H,V,Lan,1968-07-13,,1968-07-13,,60,Crew,,,,,,,27.3.a.21,,NotApplicable,,,,,,OTT_CRU_70-89_2_35,OTT,,,,,NotRecorded,NotApplicable,NotRecorded,NotApplicable,,So,10,10,1.0000000000000000,1.0000000000000000,CENSUS,195,,,,,,Y,
76700,72903,,FO,N,196,U,N,U,Observer,H,V,Lan,1968-07-14,,1968-07-14,,60,Crew,,,,,,,27.3.a.21,,NotApplicable,,,,,,OTT_CRU_70-89_2_35,OTT,,,,,NotRecorded,NotApplicable,NotRecorded,NotApplicable,,So,10,10,1.0000000000000000,1.0000000000000000,CENSUS,196,,,,,,Y,
76701,72904,,FO,N,197,U,N,U,Observer,H,V,Lan,1968-07-15,,1968-07-15,,60,Crew,,,,,,,27.3.a.21,,NotApplicable,,,,,,OTT_CRU_70-89_2_35,OTT,,,,,NotRecorded,NotApplicable,NotRecorded,NotApplicable,,So,10,10,1.0000000000000000,1.0000000000000000,CENSUS,197,,,,,,Y,
76702,72905,,FO,N,198,U,N,U,Observer,H,V,Lan,1968-07-16,,1968-07-16,,60,Crew,,,,,,,27.3.a.21,,NotApplicable,,,,,,OTT_CRU_70-89_2_35,OTT,,,,,NotRecorded,NotApplicable,NotRecorded,NotApplicable,,So,10,10,1.0000000000000000,1.0000000000000000,CENSUS,198,,,,,,Y,
76703,72906,,FO,N,199,U,N,U,Observer,H,V,Lan,1968-07-17,,1968-07-17,,60,Crew,,,,,,,27.3.a.21,,NotApplicable,,,,,,OTT_CRU_70-89_2_35,OTT,,,,,NotRecorded,NotApplicable,NotRecorded,NotApplicable,,So,10,10,1.0000000000000000,1.0000000000000000,CENSUS,199,,,,,,Y,
76704,72907,,FO,N,2,U,N,U,Observer,H,V,Lan,1968-01-02,,1968-01-02,,60,Crew,,,,,,,27.3.a.21,,NotApplicable,,,,,,OTT_CRU_70-89_2_35,OTT,,,,,NotRecorded,NotApplicable,NotRecorded,NotApplicable,,So,10,10,1.0000000000000000,1.0000000000000000,CENSUS,2,,,,,,Y,
76705,72908,,FO,N,20,U,N,U,Observer,H,V,Lan,1968-01-20,,1968-01-20,,60,Crew,,,,,,,27.3.a.21,,NotApplicable,,,,,,OTT_CRU_70-89_2_35,OTT,,,,,NotRecorded,NotApplicable,NotRecorded,NotApplicable,,So,10,10,1.0000000000000000,1.0000000000000000,CENSUS,20,,,,,,Y,
76706,72909,,FO,N,200,U,N,U,Observer,H,V,Lan,1968-07-18,,1968-07-18,,60,Crew,,,,,,,27.3.a.21,,NotApplicable,,,,,,OTT_CRU_70-89_2_35,OTT,,,,,NotRecorded,NotApplicable,NotRecorded,NotApplicable,,So,10,10,1.0000000000000000,1.0000000000000000,CENSUS,200,,,,,,Y,
76707,72910,,FO,N,201,U,N,U,Observer,H,V,Lan,1968-07-19,,1968-07-19,,60,Crew,,,,,,,27.3.a.21,,NotApplicable,,,,,,OTT_CRU_70-89_2_35,OTT,,,,,NotRecorded,NotApplicable,NotRecorded,NotApplicable,,So,10,10,1.0000000000000000,1.0000000000000000,CENSUS,201,,,,,,Y,
76708,72911,,FO,N,202,U,N,U,Observer,H,V,Lan,1968-07-20,,1968-07-20,,60,Crew,,,,,,,27.3.a.21,,NotApplicable,,,,,,OTT_CRU_70-89_2_35,OTT,,,,,NotRecorded,NotApplicable,NotRecorded,NotApplicable,,So,10,10,1.0000000000000000,1.0000000000000000,CENSUS,202,,,,,,Y,
76709,72912,,FO,N,203,U,N,U,Observer,H,V,Lan,1968-07-21,,1968-07-21,,60,Crew,,,,,,,27.3.a.21,,NotApplicable,,,,,,OTT_CRU_70-89_2_35,OTT,,,,,NotRecorded,NotApplicable,NotRecorded,NotApplicable,,So,10,10,1.0000000000000000,1.0000000000000000,CENSUS,203,,,,,,Y,
76710,72913,,FO,N,204,U,N,U,Observer,H,V,Lan,1968-07-22,,1968-07-22,,60,Crew,,,,,,,27.3.a.21,,NotApplicable,,,,,,OTT_CRU_70-89_2_35,OTT,,,,,NotRecorded,NotApplicable,NotRecorded,NotApplicable,,So,10,10,1.0000000000000000,1.0000000000000000,CENSUS,204,,,,,,Y,
76711,72914,,FO,N,205,U,N,U,Observer,H,V,Lan,1968-07-23,,1968-07-23,,60,Crew,,,,,,,27.3.a.21,,NotApplicable,,,,,,OTT_CRU_70-89_2_35,OTT,,,,,NotRecorded,NotApplicable,NotRecorded,NotApplicable,,So,10,10,1.0000000000000000,1.0000000000000000,CENSUS,205,,,,,,Y,
76712,72915,,FO,N,206,U,N,U,Observer,H,V,Lan,1968-07-24,,1968-07-24,,60,Crew,,,,,,,27.3.a.21,,NotApplicable,,,,,,OTT_CRU_70-89_2_35,OTT,,,,,NotRecorded,NotApplicable,NotRecorded,NotApplicable,,So,10,10,1.0000000000000000,1.0000000000000000,CENSUS,206,,,,,,Y,
76713,72916,,FO,N,207,U,N,U,Observer,H,V,Lan,1968-07-25,,1968-07-25,,60,Crew,,,,,,,27.3.a.21,,NotApplicable,,,,,,OTT_CRU_70-89_2_35,OTT,,,,,NotRecorded,NotApplicable,NotRecorded,NotApplicable,,So,10,10,1.0000000000000000,1.0000000000000000,CENSUS,207,,,,,,Y,
76714,72917,,FO,N,208,U,N,U,Observer,H,V,Lan,1968-07-26,,1968-07-26,,60,Crew,,,,,,,27.3.a.21,,NotApplicable,,,,,,OTT_CRU_70-89_2_35,OTT,,,,,NotRecorded,NotApplicable,NotRecorded,NotApplicable,,So,10,10,1.0000000000000000,1.0000000000000000,CENSUS,208,,,,,,Y,
76715,72918,,FO,N,209,U,N,U,Observer,H,V,Lan,1968-07-27,,1968-07-27,,60,Crew,,,,,,,27.3.a.21,,NotApplicable,,,,,,OTT_CRU_70-89_2_35,OTT,,,,,NotRecorded,NotApplicable,NotRecorded,NotApplicable,,So,10,10,1.0000000000000000,1.0000000000000000,CENSUS,209,,,,,,Y,
76716,72919,,FO,N,21,U,N,U,Observer,H,V,Lan,1968-01-21,,1968-01-21,,60,Crew,,,,,,,27.3.a.21,,NotApplicable,,,,,,OTT_CRU_70-89_2_35,OTT,,,,,NotRecorded,NotApplicable,NotRecorded,NotApplicable,,So,10,10,1.0000000000000000,1.0000000000000000,CENSUS,21,,,,,,Y,
76717,72920,,FO,N,210,U,N,U,Observer,H,V,Lan,1968-07-28,,1968-07-28,,60,Crew,,,,,,,27.3.a.21,,NotApplicable,,,,,,OTT_CRU_70-89_2_35,OTT,,,,,NotRecorded,NotApplicable,NotRecorded,NotApplicable,,So,10,10,1.0000000000000000,1.0000000000000000,CENSUS,210,,,,,,Y,
76718,72921,,FO,N,211,U,N,U,Observer,H,V,Lan,1968-07-29,,1968-07-29,,60,Crew,,,,,,,27.3.a.21,,NotApplicable,,,,,,OTT_CRU_70-89_2_35,OTT,,,,,NotRecorded,NotApplicable,NotRecorded,NotApplicable,,So,10,10,1.0000000000000000,1.0000000000000000,CENSUS,211,,,,,,Y,
76719,72922,,FO,N,212,U,N,U,Observer,H,V,Lan,1968-07-30,,1968-07-30,,60,Crew,,,,,,,27.3.a.21,,NotApplicable,,,,,,OTT_CRU_70-89_2_35,OTT,,,,,NotRecorded,NotApplicable,NotRecorded,NotApplicable,,So,10,10,1.0000000000000000,1.0000000000000000,CENSUS,212,,,,,,Y,
76720,72923,,FO,N,213,U,N,U,Observer,H,V,Lan,1968-07-31,,1968-07-31,,60,Crew,,,,,,,27.3.a.21,,NotApplicable,,,,,,OTT_CRU_70-89_2_35,OTT,,,,,NotRecorded,NotApplicable,NotRecorded,NotApplicable,,So,10,10,1.0000000000000000,1.0000000000000000,CENSUS,213,,,,,,Y,
76721,72924,,FO,N,214,U,N,U,Observer,H,V,Lan,1968-08-01,,1968-08-01,,60,Crew,,,,,,,27.3.a.21,,NotApplicable,,,,,,OTT_CRU_70-89_2_35,OTT,,,,,NotRecorded,NotApplicable,NotRecorded,NotApplicable,,So,10,10,1.0000000000000000,1.0000000000000000,CENSUS,214,,,,,,Y,
76722,72925,,FO,N,215,U,N,U,Observer,H,V,Lan,1968-08-02,,1968-08-02,,60,Crew,,,,,,,27.3.a.21,,NotApplicable,,,,,,OTT_CRU_70-89_2_35,OTT,,,,,NotRecorded,NotApplicable,NotRecorded,NotApplicable,,So,10,10,1.0000000000000000,1.0000000000000000,CENSUS,215,,,,,,Y,
76723,72926,,FO,N,216,U,N,U,Observer,H,V,Lan,1968-08-03,,1968-08-03,,60,Crew,,,,,,,27.3.a.21,,NotApplicable,,,,,,OTT_CRU_70-89_2_35,OTT,,,,,NotRecorded,NotApplicable,NotRecorded,NotApplicable,,So,10,10,1.0000000000000000,1.0000000000000000,CENSUS,216,,,,,,Y,
76724,72927,,FO,N,217,U,N,U,Observer,H,V,Lan,1968-08-04,,1968-08-04,,60,Crew,,,,,,,27.3.a.21,,NotApplicable,,,,,,OTT_CRU_70-89_2_35,OTT,,,,,NotRecorded,NotApplicable,NotRecorded,NotApplicable,,So,10,10,1.0000000000000000,1.0000000000000000,CENSUS,217,,,,,,Y,
76725,72928,,FO,N,218,U,N,U,Observer,H,V,Lan,1968-08-05,,1968-08-05,,60,Crew,,,,,,,27.3.a.21,,NotApplicable,,,,,,OTT_CRU_70-89_2_35,OTT,,,,,NotRecorded,NotApplicable,NotRecorded,NotApplicable,,So,10,10,1.0000000000000000,1.0000000000000000,CENSUS,218,,,,,,Y,
76726,72929,,FO,N,219,U,N,U,Observer,H,V,Lan,1968-08-06,,1968-08-06,,60,Crew,,,,,,,27.3.a.21,,NotApplicable,,,,,,OTT_CRU_70-89_2_35,OTT,,,,,NotRecorded,NotApplicable,NotRecorded,NotApplicable,,So,10,10,1.0000000000000000,1.0000000000000000,CENSUS,219,,,,,,Y,
76727,72930,,FO,N,22,U,N,U,Observer,H,V,Lan,1968-01-22,,1968-01-22,,60,Crew,,,,,,,27.3.a.21,,NotApplicable,,,,,,OTT_CRU_70-89_2_35,OTT,,,,,NotRecorded,NotApplicable,NotRecorded,NotApplicable,,So,10,10,1.0000000000000000,1.0000000000000000,CENSUS,22,,,,,,Y,
76728,72931,,FO,N,220,U,N,U,Observer,H,V,Lan,1968-08-07,,1968-08-07,,60,Crew,,,,,,,27.3.a.21,,NotApplicable,,,,,,OTT_CRU_70-89_2_35,OTT,,,,,NotRecorded,NotApplicable,NotRecorded,NotApplicable,,So,10,10,1.0000000000000000,1.0000000000000000,CENSUS,220,,,,,,Y,
76729,72932,,FO,N,221,U,N,U,Observer,H,V,Lan,1968-08-08,,1968-08-08,,60,Crew,,,,,,,27.3.a.21,,NotApplicable,,,,,,OTT_CRU_70-89_2_35,OTT,,,,,NotRecorded,NotApplicable,NotRecorded,NotApplicable,,So,10,10,1.0000000000000000,1.0000000000000000,CENSUS,221,,,,,,Y,
76730,72933,,FO,N,222,U,N,U,Observer,H,V,Lan,1968-08-09,,1968-08-09,,60,Crew,,,,,,,27.3.a.21,,NotApplicable,,,,,,OTT_CRU_70-89_2_35,OTT,,,,,NotRecorded,NotApplicable,NotRecorded,NotApplicable,,So,10,10,1.0000000000000000,1.0000000000000000,CENSUS,222,,,,,,Y,
76731,72934,,FO,N,223,U,N,U,Observer,H,V,Lan,1968-08-10,,1968-08-10,,60,Crew,,,,,,,27.3.a.21,,NotApplicable,,,,,,OTT_CRU_70-89_2_35,OTT,,,,,NotRecorded,NotApplicable,NotRecorded,NotApplicable,,So,10,10,1.0000000000000000,1.0000000000000000,CENSUS,223,,,,,,Y,
76732,72935,,FO,N,224,U,N,U,Observer,H,V,Lan,1968-08-11,,1968-08-11,,60,Crew,,,,,,,27.3.a.21,,NotApplicable,,,,,,OTT_CRU_70-89_2_35,OTT,,,,,NotRecorded,NotApplicable,NotRecorded,NotApplicable,,So,10,10,1.0000000000000000,1.0000000000000000,CENSUS,224,,,,,,Y,
76733,72936,,FO,N,225,U,N,U,Observer,H,V,Lan,1968-08-12,,1968-08-12,,60,Crew,,,,,,,27.3.a.21,,NotApplicable,,,,,,OTT_CRU_70-89_2_35,OTT,,,,,NotRecorded,NotApplicable,NotRecorded,NotApplicable,,So,10,10,1.0000000000000000,1.0000000000000000,CENSUS,225,,,,,,Y,
76734,72937,,FO,N,226,U,N,U,Observer,H,V,Lan,1968-08-13,,1968-08-13,,60,Crew,,,,,,,27.3.a.21,,NotApplicable,,,,,,OTT_CRU_70-89_2_35,OTT,,,,,NotRecorded,NotApplicable,NotRecorded,NotApplicable,,So,10,10,1.0000000000000000,1.0000000000000000,CENSUS,226,,,,,,Y,
76735,72938,,FO,N,227,U,N,U,Observer,H,V,Lan,1968-08-14,,1968-08-14,,60,Crew,,,,,,,27.3.a.21,,NotApplicable,,,,,,OTT_CRU_70-89_2_35,OTT,,,,,NotRecorded,NotApplicable,NotRecorded,NotApplicable,,So,10,10,1.0000000000000000,1.0000000000000000,CENSUS,227,,,,,,Y,
76736,72939,,FO,N,228,U,N,U,Observer,H,V,Lan,1968-08-15,,1968-08-15,,60,Crew,,,,,,,27.3.a.21,,NotApplicable,,,,,,OTT_CRU_70-89_2_35,OTT,,,,,NotRecorded,NotApplicable,NotRecorded,NotApplicable,,So,10,10,1.0000000000000000,1.0000000000000000,CENSUS,228,,,,,,Y,
76737,72940,,FO,N,229,U,N,U,Observer,H,V,Lan,1968-08-16,,1968-08-16,,60,Crew,,,,,,,27.3.a.21,,NotApplicable,,,,,,OTT_CRU_70-89_2_35,OTT,,,,,NotRecorded,NotApplicable,NotRecorded,NotApplicable,,So,10,10,1.0000000000000000,1.0000000000000000,CENSUS,229,,,,,,Y,
76738,72941,,FO,N,23,U,N,U,Observer,H,V,Lan,1968-01-23,,1968-01-23,,60,Crew,,,,,,,27.3.a.21,,NotApplicable,,,,,,OTT_CRU_70-89_2_35,OTT,,,,,NotRecorded,NotApplicable,NotRecorded,NotApplicable,,So,10,10,1.0000000000000000,1.0000000000000000,CENSUS,23,,,,,,Y,
76739,72942,,FO,N,230,U,N,U,Observer,H,V,Lan,1968-08-17,,1968-08-17,,60,Crew,,,,,,,27.3.a.21,,NotApplicable,,,,,,OTT_CRU_70-89_2_35,OTT,,,,,NotRecorded,NotApplicable,NotRecorded,NotApplicable,,So,10,10,1.0000000000000000,1.0000000000000000,CENSUS,230,,,,,,Y,
76740,72943,,FO,N,231,U,N,U,Observer,H,V,Lan,1968-08-18,,1968-08-18,,60,Crew,,,,,,,27.3.a.21,,NotApplicable,,,,,,OTT_CRU_70-89_2_35,OTT,,,,,NotRecorded,NotApplicable,NotRecorded,NotApplicable,,So,10,10,1.0000000000000000,1.0000000000000000,CENSUS,231,,,,,,Y,
76741,72944,,FO,N,232,U,N,U,Observer,H,V,Lan,1968-08-19,,1968-08-19,,60,Crew,,,,,,,27.3.a.21,,NotApplicable,,,,,,OTT_CRU_70-89_2_35,OTT,,,,,NotRecorded,NotApplicable,NotRecorded,NotApplicable,,So,10,10,1.0000000000000000,1.0000000000000000,CENSUS,232,,,,,,Y,
76742,72945,,FO,N,233,U,N,U,Observer,H,V,Lan,1968-08-20,,1968-08-20,,60,Crew,,,,,,,27.3.a.21,,NotApplicable,,,,,,OTT_CRU_70-89_2_35,OTT,,,,,NotRecorded,NotApplicable,NotRecorded,NotApplicable,,So,10,10,1.0000000000000000,1.0000000000000000,CENSUS,233,,,,,,Y,
76743,72946,,FO,N,234,U,N,U,Observer,H,V,Lan,1968-08-21,,1968-08-21,,60,Crew,,,,,,,27.3.a.21,,NotApplicable,,,,,,OTT_CRU_70-89_2_35,OTT,,,,,NotRecorded,NotApplicable,NotRecorded,NotApplicable,,So,10,10,1.0000000000000000,1.0000000000000000,CENSUS,234,,,,,,Y,
76744,72947,,FO,N,235,U,N,U,Observer,H,V,Lan,1968-08-22,,1968-08-22,,60,Crew,,,,,,,27.3.a.21,,NotApplicable,,,,,,OTT_CRU_70-89_2_35,OTT,,,,,NotRecorded,NotApplicable,NotRecorded,NotApplicable,,So,10,10,1.0000000000000000,1.0000000000000000,CENSUS,235,,,,,,Y,
76745,72948,,FO,N,236,U,N,U,Observer,H,V,Lan,1968-08-23,,1968-08-23,,60,Crew,,,,,,,27.3.a.21,,NotApplicable,,,,,,OTT_CRU_70-89_2_35,OTT,,,,,NotRecorded,NotApplicable,NotRecorded,NotApplicable,,So,10,10,1.0000000000000000,1.0000000000000000,CENSUS,236,,,,,,Y,
76746,72949,,FO,N,237,U,N,U,Observer,H,V,Lan,1968-08-24,,1968-08-24,,60,Crew,,,,,,,27.3.a.21,,NotApplicable,,,,,,OTT_CRU_70-89_2_35,OTT,,,,,NotRecorded,NotApplicable,NotRecorded,NotApplicable,,So,10,10,1.0000000000000000,1.0000000000000000,CENSUS,237,,,,,,Y,
76747,72950,,FO,N,238,U,N,U,Observer,H,V,Lan,1968-08-25,,1968-08-25,,60,Crew,,,,,,,27.3.a.21,,NotApplicable,,,,,,OTT_CRU_70-89_2_35,OTT,,,,,NotRecorded,NotApplicable,NotRecorded,NotApplicable,,So,10,10,1.0000000000000000,1.0000000000000000,CENSUS,238,,,,,,Y,
76748,72951,,FO,N,239,U,N,U,Observer,H,V,Lan,1968-08-26,,1968-08-26,,60,Crew,,,,,,,27.3.a.21,,NotApplicable,,,,,,OTT_CRU_70-89_2_35,OTT,,,,,NotRecorded,NotApplicable,NotRecorded,NotApplicable,,So,10,10,1.0000000000000000,1.0000000000000000,CENSUS,239,,,,,,Y,
76749,72952,,FO,N,24,U,N,U,Observer,H,V,Lan,1968-01-24,,1968-01-24,,60,Crew,,,,,,,27.3.a.21,,NotApplicable,,,,,,OTT_CRU_70-89_2_35,OTT,,,,,NotRecorded,NotApplicable,NotRecorded,NotApplicable,,So,10,10,1.0000000000000000,1.0000000000000000,CENSUS,24,,,,,,Y,
76750,72953,,FO,N,240,U,N,U,Observer,H,V,Lan,1968-08-27,,1968-08-27,,60,Crew,,,,,,,27.3.a.21,,NotApplicable,,,,,,OTT_CRU_70-89_2_35,OTT,,,,,NotRecorded,NotApplicable,NotRecorded,NotApplicable,,So,10,10,1.0000000000000000,1.0000000000000000,CENSUS,240,,,,,,Y,
76751,72954,,FO,N,241,U,N,U,Observer,H,V,Lan,1968-08-28,,1968-08-28,,60,Crew,,,,,,,27.3.a.21,,NotApplicable,,,,,,OTT_CRU_70-89_2_35,OTT,,,,,NotRecorded,NotApplicable,NotRecorded,NotApplicable,,So,10,10,1.0000000000000000,1.0000000000000000,CENSUS,241,,,,,,Y,
76752,72955,,FO,N,242,U,N,U,Observer,H,V,Lan,1968-08-29,,1968-08-29,,60,Crew,,,,,,,27.3.a.21,,NotApplicable,,,,,,OTT_CRU_70-89_2_35,OTT,,,,,NotRecorded,NotApplicable,NotRecorded,NotApplicable,,So,10,10,1.0000000000000000,1.0000000000000000,CENSUS,242,,,,,,Y,
76753,72956,,FO,N,243,U,N,U,Observer,H,V,Lan,1968-08-30,,1968-08-30,,60,Crew,,,,,,,27.3.a.21,,NotApplicable,,,,,,OTT_CRU_70-89_2_35,OTT,,,,,NotRecorded,NotApplicable,NotRecorded,NotApplicable,,So,10,10,1.0000000000000000,1.0000000000000000,CENSUS,243,,,,,,Y,
76754,72957,,FO,N,244,U,N,U,Observer,H,V,Lan,1968-08-31,,1968-08-31,,60,Crew,,,,,,,27.3.a.21,,NotApplicable,,,,,,OTT_CRU_70-89_2_35,OTT,,,,,NotRecorded,NotApplicable,NotRecorded,NotApplicable,,So,10,10,1.0000000000000000,1.0000000000000000,CENSUS,244,,,,,,Y,
76755,72958,,FO,N,245,U,N,U,Observer,H,V,Lan,1968-09-01,,1968-09-01,,60,Crew,,,,,,,27.3.a.21,,NotApplicable,,,,,,OTT_CRU_70-89_2_35,OTT,,,,,NotRecorded,NotApplicable,NotRecorded,NotApplicable,,So,10,10,1.0000000000000000,1.0000000000000000,CENSUS,245,,,,,,Y,
76756,72959,,FO,N,246,U,N,U,Observer,H,V,Lan,1968-09-02,,1968-09-02,,60,Crew,,,,,,,27.3.a.21,,NotApplicable,,,,,,OTT_CRU_70-89_2_35,OTT,,,,,NotRecorded,NotApplicable,NotRecorded,NotApplicable,,So,10,10,1.0000000000000000,1.0000000000000000,CENSUS,246,,,,,,Y,
76757,72960,,FO,N,247,U,N,U,Observer,H,V,Lan,1968-09-03,,1968-09-03,,60,Crew,,,,,,,27.3.a.21,,NotApplicable,,,,,,OTT_CRU_70-89_2_35,OTT,,,,,NotRecorded,NotApplicable,NotRecorded,NotApplicable,,So,10,10,1.0000000000000000,1.0000000000000000,CENSUS,247,,,,,,Y,
76758,72961,,FO,N,248,U,N,U,Observer,H,V,Lan,1968-09-04,,1968-09-04,,60,Crew,,,,,,,27.3.a.21,,NotApplicable,,,,,,OTT_CRU_70-89_2_35,OTT,,,,,NotRecorded,NotApplicable,NotRecorded,NotApplicable,,So,10,10,1.0000000000000000,1.0000000000000000,CENSUS,248,,,,,,Y,
76759,72962,,FO,N,249,U,N,U,Observer,H,V,Lan,1968-09-05,,1968-09-05,,60,Crew,,,,,,,27.3.a.21,,NotApplicable,,,,,,OTT_CRU_70-89_2_35,OTT,,,,,NotRecorded,NotApplicable,NotRecorded,NotApplicable,,So,10,10,1.0000000000000000,1.0000000000000000,CENSUS,249,,,,,,Y,
76760,72963,,FO,N,25,U,N,U,Observer,H,V,Lan,1968-01-25,,1968-01-25,,60,Crew,,,,,,,27.3.a.21,,NotApplicable,,,,,,OTT_CRU_70-89_2_35,OTT,,,,,NotRecorded,NotApplicable,NotRecorded,NotApplicable,,So,10,10,1.0000000000000000,1.0000000000000000,CENSUS,25,,,,,,Y,
76761,72964,,FO,N,250,U,N,U,Observer,H,V,Lan,1968-09-06,,1968-09-06,,60,Crew,,,,,,,27.3.a.21,,NotApplicable,,,,,,OTT_CRU_70-89_2_35,OTT,,,,,NotRecorded,NotApplicable,NotRecorded,NotApplicable,,So,10,10,1.0000000000000000,1.0000000000000000,CENSUS,250,,,,,,Y,
76762,72965,,FO,N,251,U,N,U,Observer,H,V,Lan,1968-09-07,,1968-09-07,,60,Crew,,,,,,,27.3.a.21,,NotApplicable,,,,,,OTT_CRU_70-89_2_35,OTT,,,,,NotRecorded,NotApplicable,NotRecorded,NotApplicable,,So,10,10,1.0000000000000000,1.0000000000000000,CENSUS,251,,,,,,Y,
76763,72966,,FO,N,252,U,N,U,Observer,H,V,Lan,1968-09-08,,1968-09-08,,60,Crew,,,,,,,27.3.a.21,,NotApplicable,,,,,,OTT_CRU_70-89_2_35,OTT,,,,,NotRecorded,NotApplicable,NotRecorded,NotApplicable,,So,10,10,1.0000000000000000,1.0000000000000000,CENSUS,252,,,,,,Y,
76764,72967,,FO,N,253,U,N,U,Observer,H,V,Lan,1968-09-09,,1968-09-09,,60,Crew,,,,,,,27.3.a.21,,NotApplicable,,,,,,OTT_CRU_70-89_2_35,OTT,,,,,NotRecorded,NotApplicable,NotRecorded,NotApplicable,,So,10,10,1.0000000000000000,1.0000000000000000,CENSUS,253,,,,,,Y,
76765,72968,,FO,N,254,U,N,U,Observer,H,V,Lan,1968-09-10,,1968-09-10,,60,Crew,,,,,,,27.3.a.21,,NotApplicable,,,,,,OTT_CRU_70-89_2_35,OTT,,,,,NotRecorded,NotApplicable,NotRecorded,NotApplicable,,So,10,10,1.0000000000000000,1.0000000000000000,CENSUS,254,,,,,,Y,
76766,72969,,FO,N,255,U,N,U,Observer,H,V,Lan,1968-09-11,,1968-09-11,,60,Crew,,,,,,,27.3.a.21,,NotApplicable,,,,,,OTT_CRU_70-89_2_35,OTT,,,,,NotRecorded,NotApplicable,NotRecorded,NotApplicable,,So,10,10,1.0000000000000000,1.0000000000000000,CENSUS,255,,,,,,Y,
76767,72970,,FO,N,256,U,N,U,Observer,H,V,Lan,1968-09-12,,1968-09-12,,60,Crew,,,,,,,27.3.a.21,,NotApplicable,,,,,,OTT_CRU_70-89_2_35,OTT,,,,,NotRecorded,NotApplicable,NotRecorded,NotApplicable,,So,10,10,1.0000000000000000,1.0000000000000000,CENSUS,256,,,,,,Y,
76768,72971,,FO,N,257,U,N,U,Observer,H,V,Lan,1968-09-13,,1968-09-13,,60,Crew,,,,,,,27.3.a.21,,NotApplicable,,,,,,OTT_CRU_70-89_2_35,OTT,,,,,NotRecorded,NotApplicable,NotRecorded,NotApplicable,,So,10,10,1.0000000000000000,1.0000000000000000,CENSUS,257,,,,,,Y,
76769,72972,,FO,N,258,U,N,U,Observer,H,V,Lan,1968-09-14,,1968-09-14,,60,Crew,,,,,,,27.3.a.21,,NotApplicable,,,,,,OTT_CRU_70-89_2_35,OTT,,,,,NotRecorded,NotApplicable,NotRecorded,NotApplicable,,So,10,10,1.0000000000000000,1.0000000000000000,CENSUS,258,,,,,,Y,
76770,72973,,FO,N,259,U,N,U,Observer,H,V,Lan,1968-09-15,,1968-09-15,,60,Crew,,,,,,,27.3.a.21,,NotApplicable,,,,,,OTT_CRU_70-89_2_35,OTT,,,,,NotRecorded,NotApplicable,NotRecorded,NotApplicable,,So,10,10,1.0000000000000000,1.0000000000000000,CENSUS,259,,,,,,Y,
76771,72974,,FO,N,26,U,N,U,Observer,H,V,Lan,1968-01-26,,1968-01-26,,60,Crew,,,,,,,27.3.a.21,,NotApplicable,,,,,,OTT_CRU_70-89_2_35,OTT,,,,,NotRecorded,NotApplicable,NotRecorded,NotApplicable,,So,10,10,1.0000000000000000,1.0000000000000000,CENSUS,26,,,,,,Y,
76772,72975,,FO,N,260,U,N,U,Observer,H,V,Lan,1968-09-16,,1968-09-16,,60,Crew,,,,,,,27.3.a.21,,NotApplicable,,,,,,OTT_CRU_70-89_2_35,OTT,,,,,NotRecorded,NotApplicable,NotRecorded,NotApplicable,,So,10,10,1.0000000000000000,1.0000000000000000,CENSUS,260,,,,,,Y,
76773,72976,,FO,N,261,U,N,U,Observer,H,V,Lan,1968-09-17,,1968-09-17,,60,Crew,,,,,,,27.3.a.21,,NotApplicable,,,,,,OTT_CRU_70-89_2_35,OTT,,,,,NotRecorded,NotApplicable,NotRecorded,NotApplicable,,So,10,10,1.0000000000000000,1.0000000000000000,CENSUS,261,,,,,,Y,
76774,72977,,FO,N,262,U,N,U,Observer,H,V,Lan,1968-09-18,,1968-09-18,,60,Crew,,,,,,,27.3.a.21,,NotApplicable,,,,,,OTT_CRU_70-89_2_35,OTT,,,,,NotRecorded,NotApplicable,NotRecorded,NotApplicable,,So,10,10,1.0000000000000000,1.0000000000000000,CENSUS,262,,,,,,Y,
76775,72978,,FO,N,263,U,N,U,Observer,H,V,Lan,1968-09-19,,1968-09-19,,60,Crew,,,,,,,27.3.a.21,,NotApplicable,,,,,,OTT_CRU_70-89_2_35,OTT,,,,,NotRecorded,NotApplicable,NotRecorded,NotApplicable,,So,10,10,1.0000000000000000,1.0000000000000000,CENSUS,263,,,,,,Y,
76776,72979,,FO,N,264,U,N,U,Observer,H,V,Lan,1968-09-20,,1968-09-20,,60,Crew,,,,,,,27.3.a.21,,NotApplicable,,,,,,OTT_CRU_70-89_2_35,OTT,,,,,NotRecorded,NotApplicable,NotRecorded,NotApplicable,,So,10,10,1.0000000000000000,1.0000000000000000,CENSUS,264,,,,,,Y,
76777,72980,,FO,N,265,U,N,U,Observer,H,V,Lan,1968-09-21,,1968-09-21,,60,Crew,,,,,,,27.3.a.21,,NotApplicable,,,,,,OTT_CRU_70-89_2_35,OTT,,,,,NotRecorded,NotApplicable,NotRecorded,NotApplicable,,So,10,10,1.0000000000000000,1.0000000000000000,CENSUS,265,,,,,,Y,
76778,72981,,FO,N,266,U,N,U,Observer,H,V,Lan,1968-09-22,,1968-09-22,,60,Crew,,,,,,,27.3.a.21,,NotApplicable,,,,,,OTT_CRU_70-89_2_35,OTT,,,,,NotRecorded,NotApplicable,NotRecorded,NotApplicable,,So,10,10,1.0000000000000000,1.0000000000000000,CENSUS,266,,,,,,Y,
76779,72982,,FO,N,267,U,N,U,Observer,H,V,Lan,1968-09-23,,1968-09-23,,60,Crew,,,,,,,27.3.a.21,,NotApplicable,,,,,,OTT_CRU_70-89_2_35,OTT,,,,,NotRecorded,NotApplicable,NotRecorded,NotApplicable,,So,10,10,1.0000000000000000,1.0000000000000000,CENSUS,267,,,,,,Y,
76780,72983,,FO,N,268,U,N,U,Observer,H,V,Lan,1968-09-24,,1968-09-24,,60,Crew,,,,,,,27.3.a.21,,NotApplicable,,,,,,OTT_CRU_70-89_2_35,OTT,,,,,NotRecorded,NotApplicable,NotRecorded,NotApplicable,,So,10,10,1.0000000000000000,1.0000000000000000,CENSUS,268,,,,,,Y,
76781,72984,,FO,N,269,U,N,U,Observer,H,V,Lan,1968-09-25,,1968-09-25,,60,Crew,,,,,,,27.3.a.21,,NotApplicable,,,,,,OTT_CRU_70-89_2_35,OTT,,,,,NotRecorded,NotApplicable,NotRecorded,NotApplicable,,So,10,10,1.0000000000000000,1.0000000000000000,CENSUS,269,,,,,,Y,
76782,72985,,FO,N,27,U,N,U,Observer,H,V,Lan,1968-01-27,,1968-01-27,,60,Crew,,,,,,,27.3.a.21,,NotApplicable,,,,,,OTT_CRU_70-89_2_35,OTT,,,,,NotRecorded,NotApplicable,NotRecorded,NotApplicable,,So,10,10,1.0000000000000000,1.0000000000000000,CENSUS,27,,,,,,Y,
76783,72986,,FO,N,270,U,N,U,Observer,H,V,Lan,1968-09-26,,1968-09-26,,60,Crew,,,,,,,27.3.a.21,,NotApplicable,,,,,,OTT_CRU_70-89_2_35,OTT,,,,,NotRecorded,NotApplicable,NotRecorded,NotApplicable,,So,10,10,1.0000000000000000,1.0000000000000000,CENSUS,270,,,,,,Y,
76784,72987,,FO,N,271,U,N,U,Observer,H,V,Lan,1968-09-27,,1968-09-27,,60,Crew,,,,,,,27.3.a.21,,NotApplicable,,,,,,OTT_CRU_70-89_2_35,OTT,,,,,NotRecorded,NotApplicable,NotRecorded,NotApplicable,,So,10,10,1.0000000000000000,1.0000000000000000,CENSUS,271,,,,,,Y,
76785,72988,,FO,N,272,U,N,U,Observer,H,V,Lan,1968-09-28,,1968-09-28,,60,Crew,,,,,,,27.3.a.21,,NotApplicable,,,,,,OTT_CRU_70-89_2_35,OTT,,,,,NotRecorded,NotApplicable,NotRecorded,NotApplicable,,So,10,10,1.0000000000000000,1.0000000000000000,CENSUS,272,,,,,,Y,
76786,72989,,FO,N,273,U,N,U,Observer,H,V,Lan,1968-09-29,,1968-09-29,,60,Crew,,,,,,,27.3.a.21,,NotApplicable,,,,,,OTT_CRU_70-89_2_35,OTT,,,,,NotRecorded,NotApplicable,NotRecorded,NotApplicable,,So,10,10,1.0000000000000000,1.0000000000000000,CENSUS,273,,,,,,Y,
76787,72990,,FO,N,274,U,N,U,Observer,H,V,Lan,1968-09-30,,1968-09-30,,60,Crew,,,,,,,27.3.a.21,,NotApplicable,,,,,,OTT_CRU_70-89_2_35,OTT,,,,,NotRecorded,NotApplicable,NotRecorded,NotApplicable,,So,10,10,1.0000000000000000,1.0000000000000000,CENSUS,274,,,,,,Y,
76788,72991,,FO,N,275,U,N,U,Observer,H,V,Lan,1968-10-01,,1968-10-01,,60,Crew,,,,,,,27.3.a.21,,NotApplicable,,,,,,OTT_CRU_70-89_2_35,OTT,,,,,NotRecorded,NotApplicable,NotRecorded,NotApplicable,,So,10,10,1.0000000000000000,1.0000000000000000,CENSUS,275,,,,,,Y,
76789,72992,,FO,N,276,U,N,U,Observer,H,V,Lan,1968-10-02,,1968-10-02,,60,Crew,,,,,,,27.3.a.21,,NotApplicable,,,,,,OTT_CRU_70-89_2_35,OTT,,,,,NotRecorded,NotApplicable,NotRecorded,NotApplicable,,So,10,10,1.0000000000000000,1.0000000000000000,CENSUS,276,,,,,,Y,
76790,72993,,FO,N,277,U,N,U,Observer,H,V,Lan,1968-10-03,,1968-10-03,,60,Crew,,,,,,,27.3.a.21,,NotApplicable,,,,,,OTT_CRU_70-89_2_35,OTT,,,,,NotRecorded,NotApplicable,NotRecorded,NotApplicable,,So,10,10,1.0000000000000000,1.0000000000000000,CENSUS,277,,,,,,Y,
76791,72994,,FO,N,278,U,N,U,Observer,H,V,Lan,1968-10-04,,1968-10-04,,60,Crew,,,,,,,27.3.a.21,,NotApplicable,,,,,,OTT_CRU_70-89_2_35,OTT,,,,,NotRecorded,NotApplicable,NotRecorded,NotApplicable,,So,10,10,1.0000000000000000,1.0000000000000000,CENSUS,278,,,,,,Y,
76792,72995,,FO,N,279,U,N,U,Observer,H,V,Lan,1968-10-05,,1968-10-05,,60,Crew,,,,,,,27.3.a.21,,NotApplicable,,,,,,OTT_CRU_70-89_2_35,OTT,,,,,NotRecorded,NotApplicable,NotRecorded,NotApplicable,,So,10,10,1.0000000000000000,1.0000000000000000,CENSUS,279,,,,,,Y,
76793,72996,,FO,N,28,U,N,U,Observer,H,V,Lan,1968-01-28,,1968-01-28,,60,Crew,,,,,,,27.3.a.21,,NotApplicable,,,,,,OTT_CRU_70-89_2_35,OTT,,,,,NotRecorded,NotApplicable,NotRecorded,NotApplicable,,So,10,10,1.0000000000000000,1.0000000000000000,CENSUS,28,,,,,,Y,
76794,72997,,FO,N,280,U,N,U,Observer,H,V,Lan,1968-10-06,,1968-10-06,,60,Crew,,,,,,,27.3.a.21,,NotApplicable,,,,,,OTT_CRU_70-89_2_35,OTT,,,,,NotRecorded,NotApplicable,NotRecorded,NotApplicable,,So,10,10,1.0000000000000000,1.0000000000000000,CENSUS,280,,,,,,Y,
76795,72998,,FO,N,281,U,N,U,Observer,H,V,Lan,1968-10-07,,1968-10-07,,60,Crew,,,,,,,27.3.a.21,,NotApplicable,,,,,,OTT_CRU_70-89_2_35,OTT,,,,,NotRecorded,NotApplicable,NotRecorded,NotApplicable,,So,10,10,1.0000000000000000,1.0000000000000000,CENSUS,281,,,,,,Y,
76796,72999,,FO,N,282,U,N,U,Observer,H,V,Lan,1968-10-08,,1968-10-08,,60,Crew,,,,,,,27.3.a.21,,NotApplicable,,,,,,OTT_CRU_70-89_2_35,OTT,,,,,NotRecorded,NotApplicable,NotRecorded,NotApplicable,,So,10,10,1.0000000000000000,1.0000000000000000,CENSUS,282,,,,,,Y,
76797,73000,,FO,N,283,U,N,U,Observer,H,V,Lan,1968-10-09,,1968-10-09,,60,Crew,,,,,,,27.3.a.21,,NotApplicable,,,,,,OTT_CRU_70-89_2_35,OTT,,,,,NotRecorded,NotApplicable,NotRecorded,NotApplicable,,So,10,10,1.0000000000000000,1.0000000000000000,CENSUS,283,,,,,,Y,
76798,73001,,FO,N,284,U,N,U,Observer,H,V,Lan,1968-10-10,,1968-10-10,,60,Crew,,,,,,,27.3.a.21,,NotApplicable,,,,,,OTT_CRU_70-89_2_35,OTT,,,,,NotRecorded,NotApplicable,NotRecorded,NotApplicable,,So,10,10,1.0000000000000000,1.0000000000000000,CENSUS,284,,,,,,Y,
76799,73002,,FO,N,285,U,N,U,Observer,H,V,Lan,1968-10-11,,1968-10-11,,60,Crew,,,,,,,27.3.a.21,,NotApplicable,,,,,,OTT_CRU_70-89_2_35,OTT,,,,,NotRecorded,NotApplicable,NotRecorded,NotApplicable,,So,10,10,1.0000000000000000,1.0000000000000000,CENSUS,285,,,,,,Y,
76800,73003,,FO,N,286,U,N,U,Observer,H,V,Lan,1968-10-12,,1968-10-12,,60,Crew,,,,,,,27.3.a.21,,NotApplicable,,,,,,OTT_CRU_70-89_2_35,OTT,,,,,NotRecorded,NotApplicable,NotRecorded,NotApplicable,,So,10,10,1.0000000000000000,1.0000000000000000,CENSUS,286,,,,,,Y,
76801,73004,,FO,N,287,U,N,U,Observer,H,V,Lan,1968-10-13,,1968-10-13,,60,Crew,,,,,,,27.3.a.21,,NotApplicable,,,,,,OTT_CRU_70-89_2_35,OTT,,,,,NotRecorded,NotApplicable,NotRecorded,NotApplicable,,So,10,10,1.0000000000000000,1.0000000000000000,CENSUS,287,,,,,,Y,
76802,73005,,FO,N,288,U,N,U,Observer,H,V,Lan,1968-10-14,,1968-10-14,,60,Crew,,,,,,,27.3.a.21,,NotApplicable,,,,,,OTT_CRU_70-89_2_35,OTT,,,,,NotRecorded,NotApplicable,NotRecorded,NotApplicable,,So,10,10,1.0000000000000000,1.0000000000000000,CENSUS,288,,,,,,Y,
76803,73006,,FO,N,289,U,N,U,Observer,H,V,Lan,1968-10-15,,1968-10-15,,60,Crew,,,,,,,27.3.a.21,,NotApplicable,,,,,,OTT_CRU_70-89_2_35,OTT,,,,,NotRecorded,NotApplicable,NotRecorded,NotApplicable,,So,10,10,1.0000000000000000,1.0000000000000000,CENSUS,289,,,,,,Y,
76804,73007,,FO,N,29,U,N,U,Observer,H,V,Lan,1968-01-29,,1968-01-29,,60,Crew,,,,,,,27.3.a.21,,NotApplicable,,,,,,OTT_CRU_70-89_2_35,OTT,,,,,NotRecorded,NotApplicable,NotRecorded,NotApplicable,,So,10,10,1.0000000000000000,1.0000000000000000,CENSUS,29,,,,,,Y,
76805,73008,,FO,N,290,U,N,U,Observer,H,V,Lan,1968-10-16,,1968-10-16,,60,Crew,,,,,,,27.3.a.21,,NotApplicable,,,,,,OTT_CRU_70-89_2_35,OTT,,,,,NotRecorded,NotApplicable,NotRecorded,NotApplicable,,So,10,10,1.0000000000000000,1.0000000000000000,CENSUS,290,,,,,,Y,
76806,73009,,FO,N,291,U,N,U,Observer,H,V,Lan,1968-10-17,,1968-10-17,,60,Crew,,,,,,,27.3.a.21,,NotApplicable,,,,,,OTT_CRU_70-89_2_35,OTT,,,,,NotRecorded,NotApplicable,NotRecorded,NotApplicable,,So,10,10,1.0000000000000000,1.0000000000000000,CENSUS,291,,,,,,Y,
76807,73010,,FO,N,292,U,N,U,Observer,H,V,Lan,1968-10-18,,1968-10-18,,60,Crew,,,,,,,27.3.a.21,,NotApplicable,,,,,,OTT_CRU_70-89_2_35,OTT,,,,,NotRecorded,NotApplicable,NotRecorded,NotApplicable,,So,10,10,1.0000000000000000,1.0000000000000000,CENSUS,292,,,,,,Y,
76808,73011,,FO,N,293,U,N,U,Observer,H,V,Lan,1968-10-19,,1968-10-19,,60,Crew,,,,,,,27.3.a.21,,NotApplicable,,,,,,OTT_CRU_70-89_2_35,OTT,,,,,NotRecorded,NotApplicable,NotRecorded,NotApplicable,,So,10,10,1.0000000000000000,1.0000000000000000,CENSUS,293,,,,,,Y,
76809,73012,,FO,N,294,U,N,U,Observer,H,V,Lan,1968-10-20,,1968-10-20,,60,Crew,,,,,,,27.3.a.21,,NotApplicable,,,,,,OTT_CRU_70-89_2_35,OTT,,,,,NotRecorded,NotApplicable,NotRecorded,NotApplicable,,So,10,10,1.0000000000000000,1.0000000000000000,CENSUS,294,,,,,,Y,
76810,73013,,FO,N,295,U,N,U,Observer,H,V,Lan,1968-10-21,,1968-10-21,,60,Crew,,,,,,,27.3.a.21,,NotApplicable,,,,,,OTT_CRU_70-89_2_35,OTT,,,,,NotRecorded,NotApplicable,NotRecorded,NotApplicable,,So,10,10,1.0000000000000000,1.0000000000000000,CENSUS,295,,,,,,Y,
76811,73014,,FO,N,296,U,N,U,Observer,H,V,Lan,1968-10-22,,1968-10-22,,60,Crew,,,,,,,27.3.a.21,,NotApplicable,,,,,,OTT_CRU_70-89_2_35,OTT,,,,,NotRecorded,NotApplicable,NotRecorded,NotApplicable,,So,10,10,1.0000000000000000,1.0000000000000000,CENSUS,296,,,,,,Y,
76812,73015,,FO,N,297,U,N,U,Observer,H,V,Lan,1968-10-23,,1968-10-23,,60,Crew,,,,,,,27.3.a.21,,NotApplicable,,,,,,OTT_CRU_70-89_2_35,OTT,,,,,NotRecorded,NotApplicable,NotRecorded,NotApplicable,,So,10,10,1.0000000000000000,1.0000000000000000,CENSUS,297,,,,,,Y,
76813,73016,,FO,N,298,U,N,U,Observer,H,V,Lan,1968-10-24,,1968-10-24,,60,Crew,,,,,,,27.3.a.21,,NotApplicable,,,,,,OTT_CRU_70-89_2_35,OTT,,,,,NotRecorded,NotApplicable,NotRecorded,NotApplicable,,So,10,10,1.0000000000000000,1.0000000000000000,CENSUS,298,,,,,,Y,
76814,73017,,FO,N,299,U,N,U,Observer,H,V,Lan,1968-10-25,,1968-10-25,,60,Crew,,,,,,,27.3.a.21,,NotApplicable,,,,,,OTT_CRU_70-89_2_35,OTT,,,,,NotRecorded,NotApplicable,NotRecorded,NotApplicable,,So,10,10,1.0000000000000000,1.0000000000000000,CENSUS,299,,,,,,Y,
76815,73018,,FO,N,3,U,N,U,Observer,H,V,Lan,1968-01-03,,1968-01-03,,60,Crew,,,,,,,27.3.a.21,,NotApplicable,,,,,,OTT_CRU_70-89_2_35,OTT,,,,,NotRecorded,NotApplicable,NotRecorded,NotApplicable,,So,10,10,1.0000000000000000,1.0000000000000000,CENSUS,3,,,,,,Y,
76816,73019,,FO,N,30,U,N,U,Observer,H,V,Lan,1968-01-30,,1968-01-30,,60,Crew,,,,,,,27.3.a.21,,NotApplicable,,,,,,OTT_CRU_70-89_2_35,OTT,,,,,NotRecorded,NotApplicable,NotRecorded,NotApplicable,,So,10,10,1.0000000000000000,1.0000000000000000,CENSUS,30,,,,,,Y,
76817,73020,,FO,N,300,U,N,U,Observer,H,V,Lan,1968-10-26,,1968-10-26,,60,Crew,,,,,,,27.3.a.21,,NotApplicable,,,,,,OTT_CRU_70-89_2_35,OTT,,,,,NotRecorded,NotApplicable,NotRecorded,NotApplicable,,So,10,10,1.0000000000000000,1.0000000000000000,CENSUS,300,,,,,,Y,
76818,73021,,FO,N,31,U,N,U,Observer,H,V,Lan,1968-01-31,,1968-01-31,,60,Crew,,,,,,,27.3.a.21,,NotApplicable,,,,,,OTT_CRU_70-89_2_35,OTT,,,,,NotRecorded,NotApplicable,NotRecorded,NotApplicable,,So,10,10,1.0000000000000000,1.0000000000000000,CENSUS,31,,,,,,Y,
76819,73022,,FO,N,32,U,N,U,Observer,H,V,Lan,1968-02-01,,1968-02-01,,60,Crew,,,,,,,27.3.a.21,,NotApplicable,,,,,,OTT_CRU_70-89_2_35,OTT,,,,,NotRecorded,NotApplicable,NotRecorded,NotApplicable,,So,10,10,1.0000000000000000,1.0000000000000000,CENSUS,32,,,,,,Y,
76820,73023,,FO,N,33,U,N,U,Observer,H,V,Lan,1968-02-02,,1968-02-02,,60,Crew,,,,,,,27.3.a.21,,NotApplicable,,,,,,OTT_CRU_70-89_2_35,OTT,,,,,NotRecorded,NotApplicable,NotRecorded,NotApplicable,,So,10,10,1.0000000000000000,1.0000000000000000,CENSUS,33,,,,,,Y,
76821,73024,,FO,N,34,U,N,U,Observer,H,V,Lan,1968-02-03,,1968-02-03,,60,Crew,,,,,,,27.3.a.21,,NotApplicable,,,,,,OTT_CRU_70-89_2_35,OTT,,,,,NotRecorded,NotApplicable,NotRecorded,NotApplicable,,So,10,10,1.0000000000000000,1.0000000000000000,CENSUS,34,,,,,,Y,
76822,73025,,FO,N,35,U,N,U,Observer,H,V,Lan,1968-02-04,,1968-02-04,,60,Crew,,,,,,,27.3.a.21,,NotApplicable,,,,,,OTT_CRU_70-89_2_35,OTT,,,,,NotRecorded,NotApplicable,NotRecorded,NotApplicable,,So,10,10,1.0000000000000000,1.0000000000000000,CENSUS,35,,,,,,Y,
76823,73026,,FO,N,36,U,N,U,Observer,H,V,Lan,1968-02-05,,1968-02-05,,60,Crew,,,,,,,27.3.a.21,,NotApplicable,,,,,,OTT_CRU_70-89_2_35,OTT,,,,,NotRecorded,NotApplicable,NotRecorded,NotApplicable,,So,10,10,1.0000000000000000,1.0000000000000000,CENSUS,36,,,,,,Y,
76824,73027,,FO,N,37,U,N,U,Observer,H,V,Lan,1968-02-06,,1968-02-06,,60,Crew,,,,,,,27.3.a.21,,NotApplicable,,,,,,OTT_CRU_70-89_2_35,OTT,,,,,NotRecorded,NotApplicable,NotRecorded,NotApplicable,,So,10,10,1.0000000000000000,1.0000000000000000,CENSUS,37,,,,,,Y,
76825,73028,,FO,N,38,U,N,U,Observer,H,V,Lan,1968-02-07,,1968-02-07,,60,Crew,,,,,,,27.3.a.21,,NotApplicable,,,,,,OTT_CRU_70-89_2_35,OTT,,,,,NotRecorded,NotApplicable,NotRecorded,NotApplicable,,So,10,10,1.0000000000000000,1.0000000000000000,CENSUS,38,,,,,,Y,
76826,73029,,FO,N,39,U,N,U,Observer,H,V,Lan,1968-02-08,,1968-02-08,,60,Crew,,,,,,,27.3.a.21,,NotApplicable,,,,,,OTT_CRU_70-89_2_35,OTT,,,,,NotRecorded,NotApplicable,NotRecorded,NotApplicable,,So,10,10,1.0000000000000000,1.0000000000000000,CENSUS,39,,,,,,Y,
76827,73030,,FO,N,4,U,N,U,Observer,H,V,Lan,1968-01-04,,1968-01-04,,60,Crew,,,,,,,27.3.a.21,,NotApplicable,,,,,,OTT_CRU_70-89_2_35,OTT,,,,,NotRecorded,NotApplicable,NotRecorded,NotApplicable,,So,10,10,1.0000000000000000,1.0000000000000000,CENSUS,4,,,,,,Y,
76828,73031,,FO,N,40,U,N,U,Observer,H,V,Lan,1968-02-09,,1968-02-09,,60,Crew,,,,,,,27.3.a.21,,NotApplicable,,,,,,OTT_CRU_70-89_2_35,OTT,,,,,NotRecorded,NotApplicable,NotRecorded,NotApplicable,,So,10,10,1.0000000000000000,1.0000000000000000,CENSUS,40,,,,,,Y,
76829,73032,,FO,N,41,U,N,U,Observer,H,V,Lan,1968-02-10,,1968-02-10,,60,Crew,,,,,,,27.3.a.21,,NotApplicable,,,,,,OTT_CRU_70-89_2_35,OTT,,,,,NotRecorded,NotApplicable,NotRecorded,NotApplicable,,So,10,10,1.0000000000000000,1.0000000000000000,CENSUS,41,,,,,,Y,
76830,73033,,FO,N,42,U,N,U,Observer,H,V,Lan,1968-02-11,,1968-02-11,,60,Crew,,,,,,,27.3.a.21,,NotApplicable,,,,,,OTT_CRU_70-89_2_35,OTT,,,,,NotRecorded,NotApplicable,NotRecorded,NotApplicable,,So,10,10,1.0000000000000000,1.0000000000000000,CENSUS,42,,,,,,Y,
76831,73034,,FO,N,43,U,N,U,Observer,H,V,Lan,1968-02-12,,1968-02-12,,60,Crew,,,,,,,27.3.a.21,,NotApplicable,,,,,,OTT_CRU_70-89_2_35,OTT,,,,,NotRecorded,NotApplicable,NotRecorded,NotApplicable,,So,10,10,1.0000000000000000,1.0000000000000000,CENSUS,43,,,,,,Y,
76832,73035,,FO,N,44,U,N,U,Observer,H,V,Lan,1968-02-13,,1968-02-13,,60,Crew,,,,,,,27.3.a.21,,NotApplicable,,,,,,OTT_CRU_70-89_2_35,OTT,,,,,NotRecorded,NotApplicable,NotRecorded,NotApplicable,,So,10,10,1.0000000000000000,1.0000000000000000,CENSUS,44,,,,,,Y,
76833,73036,,FO,N,45,U,N,U,Observer,H,V,Lan,1968-02-14,,1968-02-14,,60,Crew,,,,,,,27.3.a.21,,NotApplicable,,,,,,OTT_CRU_70-89_2_35,OTT,,,,,NotRecorded,NotApplicable,NotRecorded,NotApplicable,,So,10,10,1.0000000000000000,1.0000000000000000,CENSUS,45,,,,,,Y,
76834,73037,,FO,N,46,U,N,U,Observer,H,V,Lan,1968-02-15,,1968-02-15,,60,Crew,,,,,,,27.3.a.21,,NotApplicable,,,,,,OTT_CRU_70-89_2_35,OTT,,,,,NotRecorded,NotApplicable,NotRecorded,NotApplicable,,So,10,10,1.0000000000000000,1.0000000000000000,CENSUS,46,,,,,,Y,
76835,73038,,FO,N,47,U,N,U,Observer,H,V,Lan,1968-02-16,,1968-02-16,,60,Crew,,,,,,,27.3.a.21,,NotApplicable,,,,,,OTT_CRU_70-89_2_35,OTT,,,,,NotRecorded,NotApplicable,NotRecorded,NotApplicable,,So,10,10,1.0000000000000000,1.0000000000000000,CENSUS,47,,,,,,Y,
76836,73039,,FO,N,48,U,N,U,Observer,H,V,Lan,1968-02-17,,1968-02-17,,60,Crew,,,,,,,27.3.a.21,,NotApplicable,,,,,,OTT_CRU_70-89_2_35,OTT,,,,,NotRecorded,NotApplicable,NotRecorded,NotApplicable,,So,10,10,1.0000000000000000,1.0000000000000000,CENSUS,48,,,,,,Y,
76837,73040,,FO,N,49,U,N,U,Observer,H,V,Lan,1968-02-18,,1968-02-18,,60,Crew,,,,,,,27.3.a.21,,NotApplicable,,,,,,OTT_CRU_70-89_2_35,OTT,,,,,NotRecorded,NotApplicable,NotRecorded,NotApplicable,,So,10,10,1.0000000000000000,1.0000000000000000,CENSUS,49,,,,,,Y,
76838,73041,,FO,N,5,U,N,U,Observer,H,V,Lan,1968-01-05,,1968-01-05,,60,Crew,,,,,,,27.3.a.21,,NotApplicable,,,,,,OTT_CRU_70-89_2_35,OTT,,,,,NotRecorded,NotApplicable,NotRecorded,NotApplicable,,So,10,10,1.0000000000000000,1.0000000000000000,CENSUS,5,,,,,,Y,
76839,73042,,FO,N,50,U,N,U,Observer,H,V,Lan,1968-02-19,,1968-02-19,,60,Crew,,,,,,,27.3.a.21,,NotApplicable,,,,,,OTT_CRU_70-89_2_35,OTT,,,,,NotRecorded,NotApplicable,NotRecorded,NotApplicable,,So,10,10,1.0000000000000000,1.0000000000000000,CENSUS,50,,,,,,Y,
76840,73043,,FO,N,51,U,N,U,Observer,H,V,Lan,1968-02-20,,1968-02-20,,60,Crew,,,,,,,27.3.a.21,,NotApplicable,,,,,,OTT_CRU_70-89_2_35,OTT,,,,,NotRecorded,NotApplicable,NotRecorded,NotApplicable,,So,10,10,1.0000000000000000,1.0000000000000000,CENSUS,51,,,,,,Y,
76841,73044,,FO,N,52,U,N,U,Observer,H,V,Lan,1968-02-21,,1968-02-21,,60,Crew,,,,,,,27.3.a.21,,NotApplicable,,,,,,OTT_CRU_70-89_2_35,OTT,,,,,NotRecorded,NotApplicable,NotRecorded,NotApplicable,,So,10,10,1.0000000000000000,1.0000000000000000,CENSUS,52,,,,,,Y,
76842,73045,,FO,N,53,U,N,U,Observer,H,V,Lan,1968-02-22,,1968-02-22,,60,Crew,,,,,,,27.3.a.21,,NotApplicable,,,,,,OTT_CRU_70-89_2_35,OTT,,,,,NotRecorded,NotApplicable,NotRecorded,NotApplicable,,So,10,10,1.0000000000000000,1.0000000000000000,CENSUS,53,,,,,,Y,
76843,73046,,FO,N,54,U,N,U,Observer,H,V,Lan,1968-02-23,,1968-02-23,,60,Crew,,,,,,,27.3.a.21,,NotApplicable,,,,,,OTT_CRU_70-89_2_35,OTT,,,,,NotRecorded,NotApplicable,NotRecorded,NotApplicable,,So,10,10,1.0000000000000000,1.0000000000000000,CENSUS,54,,,,,,Y,
76844,73047,,FO,N,55,U,N,U,Observer,H,V,Lan,1968-02-24,,1968-02-24,,60,Crew,,,,,,,27.3.a.21,,NotApplicable,,,,,,OTT_CRU_70-89_2_35,OTT,,,,,NotRecorded,NotApplicable,NotRecorded,NotApplicable,,So,10,10,1.0000000000000000,1.0000000000000000,CENSUS,55,,,,,,Y,
76845,73048,,FO,N,56,U,N,U,Observer,H,V,Lan,1968-02-25,,1968-02-25,,60,Crew,,,,,,,27.3.a.21,,NotApplicable,,,,,,OTT_CRU_70-89_2_35,OTT,,,,,NotRecorded,NotApplicable,NotRecorded,NotApplicable,,So,10,10,1.0000000000000000,1.0000000000000000,CENSUS,56,,,,,,Y,
76846,73049,,FO,N,57,U,N,U,Observer,H,V,Lan,1968-02-26,,1968-02-26,,60,Crew,,,,,,,27.3.a.21,,NotApplicable,,,,,,OTT_CRU_70-89_2_35,OTT,,,,,NotRecorded,NotApplicable,NotRecorded,NotApplicable,,So,10,10,1.0000000000000000,1.0000000000000000,CENSUS,57,,,,,,Y,
76847,73050,,FO,N,58,U,N,U,Observer,H,V,Lan,1968-02-27,,1968-02-27,,60,Crew,,,,,,,27.3.a.21,,NotApplicable,,,,,,OTT_CRU_70-89_2_35,OTT,,,,,NotRecorded,NotApplicable,NotRecorded,NotApplicable,,So,10,10,1.0000000000000000,1.0000000000000000,CENSUS,58,,,,,,Y,
76848,73051,,FO,N,59,U,N,U,Observer,H,V,Lan,1968-02-28,,1968-02-28,,60,Crew,,,,,,,27.3.a.21,,NotApplicable,,,,,,OTT_CRU_70-89_2_35,OTT,,,,,NotRecorded,NotApplicable,NotRecorded,NotApplicable,,So,10,10,1.0000000000000000,1.0000000000000000,CENSUS,59,,,,,,Y,
76849,73052,,FO,N,6,U,N,U,Observer,H,V,Lan,1968-01-06,,1968-01-06,,60,Crew,,,,,,,27.3.a.21,,NotApplicable,,,,,,OTT_CRU_70-89_2_35,OTT,,,,,NotRecorded,NotApplicable,NotRecorded,NotApplicable,,So,10,10,1.0000000000000000,1.0000000000000000,CENSUS,6,,,,,,Y,
76850,73053,,FO,N,60,U,N,U,Observer,H,V,Lan,1968-02-29,,1968-02-29,,60,Crew,,,,,,,27.3.a.21,,NotApplicable,,,,,,OTT_CRU_70-89_2_35,OTT,,,,,NotRecorded,NotApplicable,NotRecorded,NotApplicable,,So,10,10,1.0000000000000000,1.0000000000000000,CENSUS,60,,,,,,Y,
76851,73054,,FO,N,61,U,N,U,Observer,H,V,Lan,1968-03-01,,1968-03-01,,60,Crew,,,,,,,27.3.a.21,,NotApplicable,,,,,,OTT_CRU_70-89_2_35,OTT,,,,,NotRecorded,NotApplicable,NotRecorded,NotApplicable,,So,10,10,1.0000000000000000,1.0000000000000000,CENSUS,61,,,,,,Y,
76852,73055,,FO,N,62,U,N,U,Observer,H,V,Lan,1968-03-02,,1968-03-02,,60,Crew,,,,,,,27.3.a.21,,NotApplicable,,,,,,OTT_CRU_70-89_2_35,OTT,,,,,NotRecorded,NotApplicable,NotRecorded,NotApplicable,,So,10,10,1.0000000000000000,1.0000000000000000,CENSUS,62,,,,,,Y,
76853,73056,,FO,N,63,U,N,U,Observer,H,V,Lan,1968-03-03,,1968-03-03,,60,Crew,,,,,,,27.3.a.21,,NotApplicable,,,,,,OTT_CRU_70-89_2_35,OTT,,,,,NotRecorded,NotApplicable,NotRecorded,NotApplicable,,So,10,10,1.0000000000000000,1.0000000000000000,CENSUS,63,,,,,,Y,
76854,73057,,FO,N,64,U,N,U,Observer,H,V,Lan,1968-03-04,,1968-03-04,,60,Crew,,,,,,,27.3.a.21,,NotApplicable,,,,,,OTT_CRU_70-89_2_35,OTT,,,,,NotRecorded,NotApplicable,NotRecorded,NotApplicable,,So,10,10,1.0000000000000000,1.0000000000000000,CENSUS,64,,,,,,Y,
76855,73058,,FO,N,65,U,N,U,Observer,H,V,Lan,1968-03-05,,1968-03-05,,60,Crew,,,,,,,27.3.a.21,,NotApplicable,,,,,,OTT_CRU_70-89_2_35,OTT,,,,,NotRecorded,NotApplicable,NotRecorded,NotApplicable,,So,10,10,1.0000000000000000,1.0000000000000000,CENSUS,65,,,,,,Y,
76856,73059,,FO,N,66,U,N,U,Observer,H,V,Lan,1968-03-06,,1968-03-06,,60,Crew,,,,,,,27.3.a.21,,NotApplicable,,,,,,OTT_CRU_70-89_2_35,OTT,,,,,NotRecorded,NotApplicable,NotRecorded,NotApplicable,,So,10,10,1.0000000000000000,1.0000000000000000,CENSUS,66,,,,,,Y,
76857,73060,,FO,N,67,U,N,U,Observer,H,V,Lan,1968-03-07,,1968-03-07,,60,Crew,,,,,,,27.3.a.21,,NotApplicable,,,,,,OTT_CRU_70-89_2_35,OTT,,,,,NotRecorded,NotApplicable,NotRecorded,NotApplicable,,So,10,10,1.0000000000000000,1.0000000000000000,CENSUS,67,,,,,,Y,
76858,73061,,FO,N,68,U,N,U,Observer,H,V,Lan,1968-03-08,,1968-03-08,,60,Crew,,,,,,,27.3.a.21,,NotApplicable,,,,,,OTT_CRU_70-89_2_35,OTT,,,,,NotRecorded,NotApplicable,NotRecorded,NotApplicable,,So,10,10,1.0000000000000000,1.0000000000000000,CENSUS,68,,,,,,Y,
76859,73062,,FO,N,69,U,N,U,Observer,H,V,Lan,1968-03-09,,1968-03-09,,60,Crew,,,,,,,27.3.a.21,,NotApplicable,,,,,,OTT_CRU_70-89_2_35,OTT,,,,,NotRecorded,NotApplicable,NotRecorded,NotApplicable,,So,10,10,1.0000000000000000,1.0000000000000000,CENSUS,69,,,,,,Y,
76860,73063,,FO,N,7,U,N,U,Observer,H,V,Lan,1968-01-07,,1968-01-07,,60,Crew,,,,,,,27.3.a.21,,NotApplicable,,,,,,OTT_CRU_70-89_2_35,OTT,,,,,NotRecorded,NotApplicable,NotRecorded,NotApplicable,,So,10,10,1.0000000000000000,1.0000000000000000,CENSUS,7,,,,,,Y,
76861,73064,,FO,N,70,U,N,U,Observer,H,V,Lan,1968-03-10,,1968-03-10,,60,Crew,,,,,,,27.3.a.21,,NotApplicable,,,,,,OTT_CRU_70-89_2_35,OTT,,,,,NotRecorded,NotApplicable,NotRecorded,NotApplicable,,So,10,10,1.0000000000000000,1.0000000000000000,CENSUS,70,,,,,,Y,
76862,73065,,FO,N,71,U,N,U,Observer,H,V,Lan,1968-03-11,,1968-03-11,,60,Crew,,,,,,,27.3.a.21,,NotApplicable,,,,,,OTT_CRU_70-89_2_35,OTT,,,,,NotRecorded,NotApplicable,NotRecorded,NotApplicable,,So,10,10,1.0000000000000000,1.0000000000000000,CENSUS,71,,,,,,Y,
76863,73066,,FO,N,72,U,N,U,Observer,H,V,Lan,1968-03-12,,1968-03-12,,60,Crew,,,,,,,27.3.a.21,,NotApplicable,,,,,,OTT_CRU_70-89_2_35,OTT,,,,,NotRecorded,NotApplicable,NotRecorded,NotApplicable,,So,10,10,1.0000000000000000,1.0000000000000000,CENSUS,72,,,,,,Y,
76864,73067,,FO,N,73,U,N,U,Observer,H,V,Lan,1968-03-13,,1968-03-13,,60,Crew,,,,,,,27.3.a.21,,NotApplicable,,,,,,OTT_CRU_70-89_2_35,OTT,,,,,NotRecorded,NotApplicable,NotRecorded,NotApplicable,,So,10,10,1.0000000000000000,1.0000000000000000,CENSUS,73,,,,,,Y,
76865,73068,,FO,N,74,U,N,U,Observer,H,V,Lan,1968-03-14,,1968-03-14,,60,Crew,,,,,,,27.3.a.21,,NotApplicable,,,,,,OTT_CRU_70-89_2_35,OTT,,,,,NotRecorded,NotApplicable,NotRecorded,NotApplicable,,So,10,10,1.0000000000000000,1.0000000000000000,CENSUS,74,,,,,,Y,
76866,73069,,FO,N,75,U,N,U,Observer,H,V,Lan,1968-03-15,,1968-03-15,,60,Crew,,,,,,,27.3.a.21,,NotApplicable,,,,,,OTT_CRU_70-89_2_35,OTT,,,,,NotRecorded,NotApplicable,NotRecorded,NotApplicable,,So,10,10,1.0000000000000000,1.0000000000000000,CENSUS,75,,,,,,Y,
76867,73070,,FO,N,76,U,N,U,Observer,H,V,Lan,1968-03-16,,1968-03-16,,60,Crew,,,,,,,27.3.a.21,,NotApplicable,,,,,,OTT_CRU_70-89_2_35,OTT,,,,,NotRecorded,NotApplicable,NotRecorded,NotApplicable,,So,10,10,1.0000000000000000,1.0000000000000000,CENSUS,76,,,,,,Y,
76868,73071,,FO,N,77,U,N,U,Observer,H,V,Lan,1968-03-17,,1968-03-17,,60,Crew,,,,,,,27.3.a.21,,NotApplicable,,,,,,OTT_CRU_70-89_2_35,OTT,,,,,NotRecorded,NotApplicable,NotRecorded,NotApplicable,,So,10,10,1.0000000000000000,1.0000000000000000,CENSUS,77,,,,,,Y,
76869,73072,,FO,N,78,U,N,U,Observer,H,V,Lan,1968-03-18,,1968-03-18,,60,Crew,,,,,,,27.3.a.21,,NotApplicable,,,,,,OTT_CRU_70-89_2_35,OTT,,,,,NotRecorded,NotApplicable,NotRecorded,NotApplicable,,So,10,10,1.0000000000000000,1.0000000000000000,CENSUS,78,,,,,,Y,
76870,73073,,FO,N,79,U,N,U,Observer,H,V,Lan,1968-03-19,,1968-03-19,,60,Crew,,,,,,,27.3.a.21,,NotApplicable,,,,,,OTT_CRU_70-89_2_35,OTT,,,,,NotRecorded,NotApplicable,NotRecorded,NotApplicable,,So,10,10,1.0000000000000000,1.0000000000000000,CENSUS,79,,,,,,Y,
76871,73074,,FO,N,8,U,N,U,Observer,H,V,Lan,1968-01-08,,1968-01-08,,60,Crew,,,,,,,27.3.a.21,,NotApplicable,,,,,,OTT_CRU_70-89_2_35,OTT,,,,,NotRecorded,NotApplicable,NotRecorded,NotApplicable,,So,10,10,1.0000000000000000,1.0000000000000000,CENSUS,8,,,,,,Y,
76872,73075,,FO,N,80,U,N,U,Observer,H,V,Lan,1968-03-20,,1968-03-20,,60,Crew,,,,,,,27.3.a.21,,NotApplicable,,,,,,OTT_CRU_70-89_2_35,OTT,,,,,NotRecorded,NotApplicable,NotRecorded,NotApplicable,,So,10,10,1.0000000000000000,1.0000000000000000,CENSUS,80,,,,,,Y,
76873,73076,,FO,N,81,U,N,U,Observer,H,V,Lan,1968-03-21,,1968-03-21,,60,Crew,,,,,,,27.3.a.21,,NotApplicable,,,,,,OTT_CRU_70-89_2_35,OTT,,,,,NotRecorded,NotApplicable,NotRecorded,NotApplicable,,So,10,10,1.0000000000000000,1.0000000000000000,CENSUS,81,,,,,,Y,
76874,73077,,FO,N,82,U,N,U,Observer,H,V,Lan,1968-03-22,,1968-03-22,,60,Crew,,,,,,,27.3.a.21,,NotApplicable,,,,,,OTT_CRU_70-89_2_35,OTT,,,,,NotRecorded,NotApplicable,NotRecorded,NotApplicable,,So,10,10,1.0000000000000000,1.0000000000000000,CENSUS,82,,,,,,Y,
76875,73078,,FO,N,83,U,N,U,Observer,H,V,Lan,1968-03-23,,1968-03-23,,60,Crew,,,,,,,27.3.a.21,,NotApplicable,,,,,,OTT_CRU_70-89_2_35,OTT,,,,,NotRecorded,NotApplicable,NotRecorded,NotApplicable,,So,10,10,1.0000000000000000,1.0000000000000000,CENSUS,83,,,,,,Y,
76876,73079,,FO,N,84,U,N,U,Observer,H,V,Lan,1968-03-24,,1968-03-24,,60,Crew,,,,,,,27.3.a.21,,NotApplicable,,,,,,OTT_CRU_70-89_2_35,OTT,,,,,NotRecorded,NotApplicable,NotRecorded,NotApplicable,,So,10,10,1.0000000000000000,1.0000000000000000,CENSUS,84,,,,,,Y,
76877,73080,,FO,N,85,U,N,U,Observer,H,V,Lan,1968-03-25,,1968-03-25,,60,Crew,,,,,,,27.3.a.21,,NotApplicable,,,,,,OTT_CRU_70-89_2_35,OTT,,,,,NotRecorded,NotApplicable,NotRecorded,NotApplicable,,So,10,10,1.0000000000000000,1.0000000000000000,CENSUS,85,,,,,,Y,
76878,73081,,FO,N,86,U,N,U,Observer,H,V,Lan,1968-03-26,,1968-03-26,,60,Crew,,,,,,,27.3.a.21,,NotApplicable,,,,,,OTT_CRU_70-89_2_35,OTT,,,,,NotRecorded,NotApplicable,NotRecorded,NotApplicable,,So,10,10,1.0000000000000000,1.0000000000000000,CENSUS,86,,,,,,Y,
76879,73082,,FO,N,87,U,N,U,Observer,H,V,Lan,1968-03-27,,1968-03-27,,60,Crew,,,,,,,27.3.a.21,,NotApplicable,,,,,,OTT_CRU_70-89_2_35,OTT,,,,,NotRecorded,NotApplicable,NotRecorded,NotApplicable,,So,10,10,1.0000000000000000,1.0000000000000000,CENSUS,87,,,,,,Y,
76880,73083,,FO,N,88,U,N,U,Observer,H,V,Lan,1968-03-28,,1968-03-28,,60,Crew,,,,,,,27.3.a.21,,NotApplicable,,,,,,OTT_CRU_70-89_2_35,OTT,,,,,NotRecorded,NotApplicable,NotRecorded,NotApplicable,,So,10,10,1.0000000000000000,1.0000000000000000,CENSUS,88,,,,,,Y,
76881,73084,,FO,N,89,U,N,U,Observer,H,V,Lan,1968-03-29,,1968-03-29,,60,Crew,,,,,,,27.3.a.21,,NotApplicable,,,,,,OTT_CRU_70-89_2_35,OTT,,,,,NotRecorded,NotApplicable,NotRecorded,NotApplicable,,So,10,10,1.0000000000000000,1.0000000000000000,CENSUS,89,,,,,,Y,
76882,73085,,FO,N,9,U,N,U,Observer,H,V,Lan,1968-01-09,,1968-01-09,,60,Crew,,,,,,,27.3.a.21,,NotApplicable,,,,,,OTT_CRU_70-89_2_35,OTT,,,,,NotRecorded,NotApplicable,NotRecorded,NotApplicable,,So,10,10,1.0000000000000000,1.0000000000000000,CENSUS,9,,,,,,Y,
76883,73086,,FO,N,90,U,N,U,Observer,H,V,Lan,1968-03-30,,1968-03-30,,60,Crew,,,,,,,27.3.a.21,,NotApplicable,,,,,,OTT_CRU_70-89_2_35,OTT,,,,,NotRecorded,NotApplicable,NotRecorded,NotApplicable,,So,10,10,1.0000000000000000,1.0000000000000000,CENSUS,90,,,,,,Y,
76884,73087,,FO,N,91,U,N,U,Observer,H,V,Lan,1968-03-31,,1968-03-31,,60,Crew,,,,,,,27.3.a.21,,NotApplicable,,,,,,OTT_CRU_70-89_2_35,OTT,,,,,NotRecorded,NotApplicable,NotRecorded,NotApplicable,,So,10,10,1.0000000000000000,1.0000000000000000,CENSUS,91,,,,,,Y,
76885,73088,,FO,N,92,U,N,U,Observer,H,V,Lan,1968-04-01,,1968-04-01,,60,Crew,,,,,,,27.3.a.21,,NotApplicable,,,,,,OTT_CRU_70-89_2_35,OTT,,,,,NotRecorded,NotApplicable,NotRecorded,NotApplicable,,So,10,10,1.0000000000000000,1.0000000000000000,CENSUS,92,,,,,,Y,
76886,73089,,FO,N,93,U,N,U,Observer,H,V,Lan,1968-04-02,,1968-04-02,,60,Crew,,,,,,,27.3.a.21,,NotApplicable,,,,,,OTT_CRU_70-89_2_35,OTT,,,,,NotRecorded,NotApplicable,NotRecorded,NotApplicable,,So,10,10,1.0000000000000000,1.0000000000000000,CENSUS,93,,,,,,Y,
76887,73090,,FO,N,94,U,N,U,Observer,H,V,Lan,1968-04-03,,1968-04-03,,60,Crew,,,,,,,27.3.a.21,,NotApplicable,,,,,,OTT_CRU_70-89_2_35,OTT,,,,,NotRecorded,NotApplicable,NotRecorded,NotApplicable,,So,10,10,1.0000000000000000,1.0000000000000000,CENSUS,94,,,,,,Y,
76888,73091,,FO,N,95,U,N,U,Observer,H,V,Lan,1968-04-04,,1968-04-04,,60,Crew,,,,,,,27.3.a.21,,NotApplicable,,,,,,OTT_CRU_70-89_2_35,OTT,,,,,NotRecorded,NotApplicable,NotRecorded,NotApplicable,,So,10,10,1.0000000000000000,1.0000000000000000,CENSUS,95,,,,,,Y,
76889,73092,,FO,N,96,U,N,U,Observer,H,V,Lan,1968-04-05,,1968-04-05,,60,Crew,,,,,,,27.3.a.21,,NotApplicable,,,,,,OTT_CRU_70-89_2_35,OTT,,,,,NotRecorded,NotApplicable,NotRecorded,NotApplicable,,So,10,10,1.0000000000000000,1.0000000000000000,CENSUS,96,,,,,,Y,
76890,73093,,FO,N,97,U,N,U,Observer,H,V,Lan,1968-04-06,,1968-04-06,,60,Crew,,,,,,,27.3.a.21,,NotApplicable,,,,,,OTT_CRU_70-89_2_35,OTT,,,,,NotRecorded,NotApplicable,NotRecorded,NotApplicable,,So,10,10,1.0000000000000000,1.0000000000000000,CENSUS,97,,,,,,Y,
76891,73094,,FO,N,98,U,N,U,Observer,H,V,Lan,1968-04-07,,1968-04-07,,60,Crew,,,,,,,27.3.a.21,,NotApplicable,,,,,,OTT_CRU_70-89_2_35,OTT,,,,,NotRecorded,NotApplicable,NotRecorded,NotApplicable,,So,10,10,1.0000000000000000,1.0000000000000000,CENSUS,98,,,,,,Y,
76892,73095,,FO,N,99,U,N,U,Observer,H,V,Lan,1968-04-08,,1968-04-08,,60,Crew,,,,,,,27.3.a.21,,NotApplicable,,,,,,OTT_CRU_70-89_2_35,OTT,,,,,NotRecorded,NotApplicable,NotRecorded,NotApplicable,,So,10,10,1.0000000000000000,1.0000000000000000,CENSUS,99,,,,,,Y,
