SSid,LEid,FOid,TEid,FTid,SLid,OSid,SSrecordType,SSsequenceNumber,SSstratification,SSstratumName,SSclustering,SSclusterName,SSobservationActivityType,SScatchFraction,SSobservationType,SSsampler,SSspeciesListName,SSuseForCalculateZero,SStimeTotal,SStimeSampled,SSnumberTotal,SSnumberSampled,SSselectionProb,SSinclusionProb,SSselectionMethod,SSunitName,SSselectionMethodCluster,SSnumberTotalClusters,SSnumberSampledClusters,SSselectionProbCluster,SSinclusionProbCluster,SSsampled,SSreasonNotSampled
117957,,77493,,,31831,,SS,1,N,U,N,U,Sort,Lan,Volume,Observer,Pckg_SDAResources_agstrat_H1,N,,,1,1,1.0000000000000000,1.0000000000000000,CENSUS,1,,,,,,Y,
117958,,77494,,,31831,,SS,10,N,U,N,U,Sort,Lan,Volume,Observer,Pckg_SDAResources_agstrat_H1,N,,,1,1,1.0000000000000000,1.0000000000000000,CENSUS,10,,,,,,Y,
117959,,77495,,,31831,,SS,100,N,U,N,U,Sort,Lan,Volume,Observer,Pckg_SDAResources_agstrat_H1,N,,,1,1,1.0000000000000000,1.0000000000000000,CENSUS,100,,,,,,Y,
117960,,77496,,,31831,,SS,101,N,U,N,U,Sort,Lan,Volume,Observer,Pckg_SDAResources_agstrat_H1,N,,,1,1,1.0000000000000000,1.0000000000000000,CENSUS,101,,,,,,Y,
117961,,77497,,,31831,,SS,102,N,U,N,U,Sort,Lan,Volume,Observer,Pckg_SDAResources_agstrat_H1,N,,,1,1,1.0000000000000000,1.0000000000000000,CENSUS,102,,,,,,Y,
117962,,77498,,,31831,,SS,103,N,U,N,U,Sort,Lan,Volume,Observer,Pckg_SDAResources_agstrat_H1,N,,,1,1,1.0000000000000000,1.0000000000000000,CENSUS,103,,,,,,Y,
117963,,77499,,,31831,,SS,104,N,U,N,U,Sort,Lan,Volume,Observer,Pckg_SDAResources_agstrat_H1,N,,,1,1,1.0000000000000000,1.0000000000000000,CENSUS,104,,,,,,Y,
117964,,77500,,,31831,,SS,105,N,U,N,U,Sort,Lan,Volume,Observer,Pckg_SDAResources_agstrat_H1,N,,,1,1,1.0000000000000000,1.0000000000000000,CENSUS,105,,,,,,Y,
117965,,77501,,,31831,,SS,106,N,U,N,U,Sort,Lan,Volume,Observer,Pckg_SDAResources_agstrat_H1,N,,,1,1,1.0000000000000000,1.0000000000000000,CENSUS,106,,,,,,Y,
117966,,77502,,,31831,,SS,107,N,U,N,U,Sort,Lan,Volume,Observer,Pckg_SDAResources_agstrat_H1,N,,,1,1,1.0000000000000000,1.0000000000000000,CENSUS,107,,,,,,Y,
117967,,77503,,,31831,,SS,108,N,U,N,U,Sort,Lan,Volume,Observer,Pckg_SDAResources_agstrat_H1,N,,,1,1,1.0000000000000000,1.0000000000000000,CENSUS,108,,,,,,Y,
117968,,77504,,,31831,,SS,109,N,U,N,U,Sort,Lan,Volume,Observer,Pckg_SDAResources_agstrat_H1,N,,,1,1,1.0000000000000000,1.0000000000000000,CENSUS,109,,,,,,Y,
117969,,77505,,,31831,,SS,11,N,U,N,U,Sort,Lan,Volume,Observer,Pckg_SDAResources_agstrat_H1,N,,,1,1,1.0000000000000000,1.0000000000000000,CENSUS,11,,,,,,Y,
117970,,77506,,,31831,,SS,110,N,U,N,U,Sort,Lan,Volume,Observer,Pckg_SDAResources_agstrat_H1,N,,,1,1,1.0000000000000000,1.0000000000000000,CENSUS,110,,,,,,Y,
117971,,77507,,,31831,,SS,111,N,U,N,U,Sort,Lan,Volume,Observer,Pckg_SDAResources_agstrat_H1,N,,,1,1,1.0000000000000000,1.0000000000000000,CENSUS,111,,,,,,Y,
117972,,77508,,,31831,,SS,112,N,U,N,U,Sort,Lan,Volume,Observer,Pckg_SDAResources_agstrat_H1,N,,,1,1,1.0000000000000000,1.0000000000000000,CENSUS,112,,,,,,Y,
117973,,77509,,,31831,,SS,113,N,U,N,U,Sort,Lan,Volume,Observer,Pckg_SDAResources_agstrat_H1,N,,,1,1,1.0000000000000000,1.0000000000000000,CENSUS,113,,,,,,Y,
117974,,77510,,,31831,,SS,114,N,U,N,U,Sort,Lan,Volume,Observer,Pckg_SDAResources_agstrat_H1,N,,,1,1,1.0000000000000000,1.0000000000000000,CENSUS,114,,,,,,Y,
117975,,77511,,,31831,,SS,115,N,U,N,U,Sort,Lan,Volume,Observer,Pckg_SDAResources_agstrat_H1,N,,,1,1,1.0000000000000000,1.0000000000000000,CENSUS,115,,,,,,Y,
117976,,77512,,,31831,,SS,116,N,U,N,U,Sort,Lan,Volume,Observer,Pckg_SDAResources_agstrat_H1,N,,,1,1,1.0000000000000000,1.0000000000000000,CENSUS,116,,,,,,Y,
117977,,77513,,,31831,,SS,117,N,U,N,U,Sort,Lan,Volume,Observer,Pckg_SDAResources_agstrat_H1,N,,,1,1,1.0000000000000000,1.0000000000000000,CENSUS,117,,,,,,Y,
117978,,77514,,,31831,,SS,118,N,U,N,U,Sort,Lan,Volume,Observer,Pckg_SDAResources_agstrat_H1,N,,,1,1,1.0000000000000000,1.0000000000000000,CENSUS,118,,,,,,Y,
117979,,77515,,,31831,,SS,119,N,U,N,U,Sort,Lan,Volume,Observer,Pckg_SDAResources_agstrat_H1,N,,,1,1,1.0000000000000000,1.0000000000000000,CENSUS,119,,,,,,Y,
117980,,77516,,,31831,,SS,12,N,U,N,U,Sort,Lan,Volume,Observer,Pckg_SDAResources_agstrat_H1,N,,,1,1,1.0000000000000000,1.0000000000000000,CENSUS,12,,,,,,Y,
117981,,77517,,,31831,,SS,120,N,U,N,U,Sort,Lan,Volume,Observer,Pckg_SDAResources_agstrat_H1,N,,,1,1,1.0000000000000000,1.0000000000000000,CENSUS,120,,,,,,Y,
117982,,77518,,,31831,,SS,121,N,U,N,U,Sort,Lan,Volume,Observer,Pckg_SDAResources_agstrat_H1,N,,,1,1,1.0000000000000000,1.0000000000000000,CENSUS,121,,,,,,Y,
117983,,77519,,,31831,,SS,122,N,U,N,U,Sort,Lan,Volume,Observer,Pckg_SDAResources_agstrat_H1,N,,,1,1,1.0000000000000000,1.0000000000000000,CENSUS,122,,,,,,Y,
117984,,77520,,,31831,,SS,123,N,U,N,U,Sort,Lan,Volume,Observer,Pckg_SDAResources_agstrat_H1,N,,,1,1,1.0000000000000000,1.0000000000000000,CENSUS,123,,,,,,Y,
117985,,77521,,,31831,,SS,124,N,U,N,U,Sort,Lan,Volume,Observer,Pckg_SDAResources_agstrat_H1,N,,,1,1,1.0000000000000000,1.0000000000000000,CENSUS,124,,,,,,Y,
117986,,77522,,,31831,,SS,125,N,U,N,U,Sort,Lan,Volume,Observer,Pckg_SDAResources_agstrat_H1,N,,,1,1,1.0000000000000000,1.0000000000000000,CENSUS,125,,,,,,Y,
117987,,77523,,,31831,,SS,126,N,U,N,U,Sort,Lan,Volume,Observer,Pckg_SDAResources_agstrat_H1,N,,,1,1,1.0000000000000000,1.0000000000000000,CENSUS,126,,,,,,Y,
117988,,77524,,,31831,,SS,127,N,U,N,U,Sort,Lan,Volume,Observer,Pckg_SDAResources_agstrat_H1,N,,,1,1,1.0000000000000000,1.0000000000000000,CENSUS,127,,,,,,Y,
117989,,77525,,,31831,,SS,128,N,U,N,U,Sort,Lan,Volume,Observer,Pckg_SDAResources_agstrat_H1,N,,,1,1,1.0000000000000000,1.0000000000000000,CENSUS,128,,,,,,Y,
117990,,77526,,,31831,,SS,129,N,U,N,U,Sort,Lan,Volume,Observer,Pckg_SDAResources_agstrat_H1,N,,,1,1,1.0000000000000000,1.0000000000000000,CENSUS,129,,,,,,Y,
117991,,77527,,,31831,,SS,13,N,U,N,U,Sort,Lan,Volume,Observer,Pckg_SDAResources_agstrat_H1,N,,,1,1,1.0000000000000000,1.0000000000000000,CENSUS,13,,,,,,Y,
117992,,77528,,,31831,,SS,130,N,U,N,U,Sort,Lan,Volume,Observer,Pckg_SDAResources_agstrat_H1,N,,,1,1,1.0000000000000000,1.0000000000000000,CENSUS,130,,,,,,Y,
117993,,77529,,,31831,,SS,131,N,U,N,U,Sort,Lan,Volume,Observer,Pckg_SDAResources_agstrat_H1,N,,,1,1,1.0000000000000000,1.0000000000000000,CENSUS,131,,,,,,Y,
117994,,77530,,,31831,,SS,132,N,U,N,U,Sort,Lan,Volume,Observer,Pckg_SDAResources_agstrat_H1,N,,,1,1,1.0000000000000000,1.0000000000000000,CENSUS,132,,,,,,Y,
117995,,77531,,,31831,,SS,133,N,U,N,U,Sort,Lan,Volume,Observer,Pckg_SDAResources_agstrat_H1,N,,,1,1,1.0000000000000000,1.0000000000000000,CENSUS,133,,,,,,Y,
117996,,77532,,,31831,,SS,134,N,U,N,U,Sort,Lan,Volume,Observer,Pckg_SDAResources_agstrat_H1,N,,,1,1,1.0000000000000000,1.0000000000000000,CENSUS,134,,,,,,Y,
117997,,77533,,,31831,,SS,135,N,U,N,U,Sort,Lan,Volume,Observer,Pckg_SDAResources_agstrat_H1,N,,,1,1,1.0000000000000000,1.0000000000000000,CENSUS,135,,,,,,Y,
117998,,77534,,,31831,,SS,136,N,U,N,U,Sort,Lan,Volume,Observer,Pckg_SDAResources_agstrat_H1,N,,,1,1,1.0000000000000000,1.0000000000000000,CENSUS,136,,,,,,Y,
117999,,77535,,,31831,,SS,137,N,U,N,U,Sort,Lan,Volume,Observer,Pckg_SDAResources_agstrat_H1,N,,,1,1,1.0000000000000000,1.0000000000000000,CENSUS,137,,,,,,Y,
118000,,77536,,,31831,,SS,138,N,U,N,U,Sort,Lan,Volume,Observer,Pckg_SDAResources_agstrat_H1,N,,,1,1,1.0000000000000000,1.0000000000000000,CENSUS,138,,,,,,Y,
118001,,77537,,,31831,,SS,139,N,U,N,U,Sort,Lan,Volume,Observer,Pckg_SDAResources_agstrat_H1,N,,,1,1,1.0000000000000000,1.0000000000000000,CENSUS,139,,,,,,Y,
118002,,77538,,,31831,,SS,14,N,U,N,U,Sort,Lan,Volume,Observer,Pckg_SDAResources_agstrat_H1,N,,,1,1,1.0000000000000000,1.0000000000000000,CENSUS,14,,,,,,Y,
118003,,77539,,,31831,,SS,140,N,U,N,U,Sort,Lan,Volume,Observer,Pckg_SDAResources_agstrat_H1,N,,,1,1,1.0000000000000000,1.0000000000000000,CENSUS,140,,,,,,Y,
118004,,77540,,,31831,,SS,141,N,U,N,U,Sort,Lan,Volume,Observer,Pckg_SDAResources_agstrat_H1,N,,,1,1,1.0000000000000000,1.0000000000000000,CENSUS,141,,,,,,Y,
118005,,77541,,,31831,,SS,142,N,U,N,U,Sort,Lan,Volume,Observer,Pckg_SDAResources_agstrat_H1,N,,,1,1,1.0000000000000000,1.0000000000000000,CENSUS,142,,,,,,Y,
118006,,77542,,,31831,,SS,143,N,U,N,U,Sort,Lan,Volume,Observer,Pckg_SDAResources_agstrat_H1,N,,,1,1,1.0000000000000000,1.0000000000000000,CENSUS,143,,,,,,Y,
118007,,77543,,,31831,,SS,144,N,U,N,U,Sort,Lan,Volume,Observer,Pckg_SDAResources_agstrat_H1,N,,,1,1,1.0000000000000000,1.0000000000000000,CENSUS,144,,,,,,Y,
118008,,77544,,,31831,,SS,145,N,U,N,U,Sort,Lan,Volume,Observer,Pckg_SDAResources_agstrat_H1,N,,,1,1,1.0000000000000000,1.0000000000000000,CENSUS,145,,,,,,Y,
118009,,77545,,,31831,,SS,146,N,U,N,U,Sort,Lan,Volume,Observer,Pckg_SDAResources_agstrat_H1,N,,,1,1,1.0000000000000000,1.0000000000000000,CENSUS,146,,,,,,Y,
118010,,77546,,,31831,,SS,147,N,U,N,U,Sort,Lan,Volume,Observer,Pckg_SDAResources_agstrat_H1,N,,,1,1,1.0000000000000000,1.0000000000000000,CENSUS,147,,,,,,Y,
118011,,77547,,,31831,,SS,148,N,U,N,U,Sort,Lan,Volume,Observer,Pckg_SDAResources_agstrat_H1,N,,,1,1,1.0000000000000000,1.0000000000000000,CENSUS,148,,,,,,Y,
118012,,77548,,,31831,,SS,149,N,U,N,U,Sort,Lan,Volume,Observer,Pckg_SDAResources_agstrat_H1,N,,,1,1,1.0000000000000000,1.0000000000000000,CENSUS,149,,,,,,Y,
118013,,77549,,,31831,,SS,15,N,U,N,U,Sort,Lan,Volume,Observer,Pckg_SDAResources_agstrat_H1,N,,,1,1,1.0000000000000000,1.0000000000000000,CENSUS,15,,,,,,Y,
118014,,77550,,,31831,,SS,150,N,U,N,U,Sort,Lan,Volume,Observer,Pckg_SDAResources_agstrat_H1,N,,,1,1,1.0000000000000000,1.0000000000000000,CENSUS,150,,,,,,Y,
118015,,77551,,,31831,,SS,151,N,U,N,U,Sort,Lan,Volume,Observer,Pckg_SDAResources_agstrat_H1,N,,,1,1,1.0000000000000000,1.0000000000000000,CENSUS,151,,,,,,Y,
118016,,77552,,,31831,,SS,152,N,U,N,U,Sort,Lan,Volume,Observer,Pckg_SDAResources_agstrat_H1,N,,,1,1,1.0000000000000000,1.0000000000000000,CENSUS,152,,,,,,Y,
118017,,77553,,,31831,,SS,153,N,U,N,U,Sort,Lan,Volume,Observer,Pckg_SDAResources_agstrat_H1,N,,,1,1,1.0000000000000000,1.0000000000000000,CENSUS,153,,,,,,Y,
118018,,77554,,,31831,,SS,154,N,U,N,U,Sort,Lan,Volume,Observer,Pckg_SDAResources_agstrat_H1,N,,,1,1,1.0000000000000000,1.0000000000000000,CENSUS,154,,,,,,Y,
118019,,77555,,,31831,,SS,155,N,U,N,U,Sort,Lan,Volume,Observer,Pckg_SDAResources_agstrat_H1,N,,,1,1,1.0000000000000000,1.0000000000000000,CENSUS,155,,,,,,Y,
118020,,77556,,,31831,,SS,156,N,U,N,U,Sort,Lan,Volume,Observer,Pckg_SDAResources_agstrat_H1,N,,,1,1,1.0000000000000000,1.0000000000000000,CENSUS,156,,,,,,Y,
118021,,77557,,,31831,,SS,157,N,U,N,U,Sort,Lan,Volume,Observer,Pckg_SDAResources_agstrat_H1,N,,,1,1,1.0000000000000000,1.0000000000000000,CENSUS,157,,,,,,Y,
118022,,77558,,,31831,,SS,158,N,U,N,U,Sort,Lan,Volume,Observer,Pckg_SDAResources_agstrat_H1,N,,,1,1,1.0000000000000000,1.0000000000000000,CENSUS,158,,,,,,Y,
118023,,77559,,,31831,,SS,159,N,U,N,U,Sort,Lan,Volume,Observer,Pckg_SDAResources_agstrat_H1,N,,,1,1,1.0000000000000000,1.0000000000000000,CENSUS,159,,,,,,Y,
118024,,77560,,,31831,,SS,16,N,U,N,U,Sort,Lan,Volume,Observer,Pckg_SDAResources_agstrat_H1,N,,,1,1,1.0000000000000000,1.0000000000000000,CENSUS,16,,,,,,Y,
118025,,77561,,,31831,,SS,160,N,U,N,U,Sort,Lan,Volume,Observer,Pckg_SDAResources_agstrat_H1,N,,,1,1,1.0000000000000000,1.0000000000000000,CENSUS,160,,,,,,Y,
118026,,77562,,,31831,,SS,161,N,U,N,U,Sort,Lan,Volume,Observer,Pckg_SDAResources_agstrat_H1,N,,,1,1,1.0000000000000000,1.0000000000000000,CENSUS,161,,,,,,Y,
118027,,77563,,,31831,,SS,162,N,U,N,U,Sort,Lan,Volume,Observer,Pckg_SDAResources_agstrat_H1,N,,,1,1,1.0000000000000000,1.0000000000000000,CENSUS,162,,,,,,Y,
118028,,77564,,,31831,,SS,163,N,U,N,U,Sort,Lan,Volume,Observer,Pckg_SDAResources_agstrat_H1,N,,,1,1,1.0000000000000000,1.0000000000000000,CENSUS,163,,,,,,Y,
118029,,77565,,,31831,,SS,164,N,U,N,U,Sort,Lan,Volume,Observer,Pckg_SDAResources_agstrat_H1,N,,,1,1,1.0000000000000000,1.0000000000000000,CENSUS,164,,,,,,Y,
118030,,77566,,,31831,,SS,165,N,U,N,U,Sort,Lan,Volume,Observer,Pckg_SDAResources_agstrat_H1,N,,,1,1,1.0000000000000000,1.0000000000000000,CENSUS,165,,,,,,Y,
118031,,77567,,,31831,,SS,166,N,U,N,U,Sort,Lan,Volume,Observer,Pckg_SDAResources_agstrat_H1,N,,,1,1,1.0000000000000000,1.0000000000000000,CENSUS,166,,,,,,Y,
118032,,77568,,,31831,,SS,167,N,U,N,U,Sort,Lan,Volume,Observer,Pckg_SDAResources_agstrat_H1,N,,,1,1,1.0000000000000000,1.0000000000000000,CENSUS,167,,,,,,Y,
118033,,77569,,,31831,,SS,168,N,U,N,U,Sort,Lan,Volume,Observer,Pckg_SDAResources_agstrat_H1,N,,,1,1,1.0000000000000000,1.0000000000000000,CENSUS,168,,,,,,Y,
118034,,77570,,,31831,,SS,169,N,U,N,U,Sort,Lan,Volume,Observer,Pckg_SDAResources_agstrat_H1,N,,,1,1,1.0000000000000000,1.0000000000000000,CENSUS,169,,,,,,Y,
118035,,77571,,,31831,,SS,17,N,U,N,U,Sort,Lan,Volume,Observer,Pckg_SDAResources_agstrat_H1,N,,,1,1,1.0000000000000000,1.0000000000000000,CENSUS,17,,,,,,Y,
118036,,77572,,,31831,,SS,170,N,U,N,U,Sort,Lan,Volume,Observer,Pckg_SDAResources_agstrat_H1,N,,,1,1,1.0000000000000000,1.0000000000000000,CENSUS,170,,,,,,Y,
118037,,77573,,,31831,,SS,171,N,U,N,U,Sort,Lan,Volume,Observer,Pckg_SDAResources_agstrat_H1,N,,,1,1,1.0000000000000000,1.0000000000000000,CENSUS,171,,,,,,Y,
118038,,77574,,,31831,,SS,172,N,U,N,U,Sort,Lan,Volume,Observer,Pckg_SDAResources_agstrat_H1,N,,,1,1,1.0000000000000000,1.0000000000000000,CENSUS,172,,,,,,Y,
118039,,77575,,,31831,,SS,173,N,U,N,U,Sort,Lan,Volume,Observer,Pckg_SDAResources_agstrat_H1,N,,,1,1,1.0000000000000000,1.0000000000000000,CENSUS,173,,,,,,Y,
118040,,77576,,,31831,,SS,174,N,U,N,U,Sort,Lan,Volume,Observer,Pckg_SDAResources_agstrat_H1,N,,,1,1,1.0000000000000000,1.0000000000000000,CENSUS,174,,,,,,Y,
118041,,77577,,,31831,,SS,175,N,U,N,U,Sort,Lan,Volume,Observer,Pckg_SDAResources_agstrat_H1,N,,,1,1,1.0000000000000000,1.0000000000000000,CENSUS,175,,,,,,Y,
118042,,77578,,,31831,,SS,176,N,U,N,U,Sort,Lan,Volume,Observer,Pckg_SDAResources_agstrat_H1,N,,,1,1,1.0000000000000000,1.0000000000000000,CENSUS,176,,,,,,Y,
118043,,77579,,,31831,,SS,177,N,U,N,U,Sort,Lan,Volume,Observer,Pckg_SDAResources_agstrat_H1,N,,,1,1,1.0000000000000000,1.0000000000000000,CENSUS,177,,,,,,Y,
118044,,77580,,,31831,,SS,178,N,U,N,U,Sort,Lan,Volume,Observer,Pckg_SDAResources_agstrat_H1,N,,,1,1,1.0000000000000000,1.0000000000000000,CENSUS,178,,,,,,Y,
118045,,77581,,,31831,,SS,179,N,U,N,U,Sort,Lan,Volume,Observer,Pckg_SDAResources_agstrat_H1,N,,,1,1,1.0000000000000000,1.0000000000000000,CENSUS,179,,,,,,Y,
118046,,77582,,,31831,,SS,18,N,U,N,U,Sort,Lan,Volume,Observer,Pckg_SDAResources_agstrat_H1,N,,,1,1,1.0000000000000000,1.0000000000000000,CENSUS,18,,,,,,Y,
118047,,77583,,,31831,,SS,180,N,U,N,U,Sort,Lan,Volume,Observer,Pckg_SDAResources_agstrat_H1,N,,,1,1,1.0000000000000000,1.0000000000000000,CENSUS,180,,,,,,Y,
118048,,77584,,,31831,,SS,181,N,U,N,U,Sort,Lan,Volume,Observer,Pckg_SDAResources_agstrat_H1,N,,,1,1,1.0000000000000000,1.0000000000000000,CENSUS,181,,,,,,Y,
118049,,77585,,,31831,,SS,182,N,U,N,U,Sort,Lan,Volume,Observer,Pckg_SDAResources_agstrat_H1,N,,,1,1,1.0000000000000000,1.0000000000000000,CENSUS,182,,,,,,Y,
118050,,77586,,,31831,,SS,183,N,U,N,U,Sort,Lan,Volume,Observer,Pckg_SDAResources_agstrat_H1,N,,,1,1,1.0000000000000000,1.0000000000000000,CENSUS,183,,,,,,Y,
118051,,77587,,,31831,,SS,184,N,U,N,U,Sort,Lan,Volume,Observer,Pckg_SDAResources_agstrat_H1,N,,,1,1,1.0000000000000000,1.0000000000000000,CENSUS,184,,,,,,Y,
118052,,77588,,,31831,,SS,185,N,U,N,U,Sort,Lan,Volume,Observer,Pckg_SDAResources_agstrat_H1,N,,,1,1,1.0000000000000000,1.0000000000000000,CENSUS,185,,,,,,Y,
118053,,77589,,,31831,,SS,186,N,U,N,U,Sort,Lan,Volume,Observer,Pckg_SDAResources_agstrat_H1,N,,,1,1,1.0000000000000000,1.0000000000000000,CENSUS,186,,,,,,Y,
118054,,77590,,,31831,,SS,187,N,U,N,U,Sort,Lan,Volume,Observer,Pckg_SDAResources_agstrat_H1,N,,,1,1,1.0000000000000000,1.0000000000000000,CENSUS,187,,,,,,Y,
118055,,77591,,,31831,,SS,188,N,U,N,U,Sort,Lan,Volume,Observer,Pckg_SDAResources_agstrat_H1,N,,,1,1,1.0000000000000000,1.0000000000000000,CENSUS,188,,,,,,Y,
118056,,77592,,,31831,,SS,189,N,U,N,U,Sort,Lan,Volume,Observer,Pckg_SDAResources_agstrat_H1,N,,,1,1,1.0000000000000000,1.0000000000000000,CENSUS,189,,,,,,Y,
118057,,77593,,,31831,,SS,19,N,U,N,U,Sort,Lan,Volume,Observer,Pckg_SDAResources_agstrat_H1,N,,,1,1,1.0000000000000000,1.0000000000000000,CENSUS,19,,,,,,Y,
118058,,77594,,,31831,,SS,190,N,U,N,U,Sort,Lan,Volume,Observer,Pckg_SDAResources_agstrat_H1,N,,,1,1,1.0000000000000000,1.0000000000000000,CENSUS,190,,,,,,Y,
118059,,77595,,,31831,,SS,191,N,U,N,U,Sort,Lan,Volume,Observer,Pckg_SDAResources_agstrat_H1,N,,,1,1,1.0000000000000000,1.0000000000000000,CENSUS,191,,,,,,Y,
118060,,77596,,,31831,,SS,192,N,U,N,U,Sort,Lan,Volume,Observer,Pckg_SDAResources_agstrat_H1,N,,,1,1,1.0000000000000000,1.0000000000000000,CENSUS,192,,,,,,Y,
118061,,77597,,,31831,,SS,193,N,U,N,U,Sort,Lan,Volume,Observer,Pckg_SDAResources_agstrat_H1,N,,,1,1,1.0000000000000000,1.0000000000000000,CENSUS,193,,,,,,Y,
118062,,77598,,,31831,,SS,194,N,U,N,U,Sort,Lan,Volume,Observer,Pckg_SDAResources_agstrat_H1,N,,,1,1,1.0000000000000000,1.0000000000000000,CENSUS,194,,,,,,Y,
118063,,77599,,,31831,,SS,195,N,U,N,U,Sort,Lan,Volume,Observer,Pckg_SDAResources_agstrat_H1,N,,,1,1,1.0000000000000000,1.0000000000000000,CENSUS,195,,,,,,Y,
118064,,77600,,,31831,,SS,196,N,U,N,U,Sort,Lan,Volume,Observer,Pckg_SDAResources_agstrat_H1,N,,,1,1,1.0000000000000000,1.0000000000000000,CENSUS,196,,,,,,Y,
118065,,77601,,,31831,,SS,197,N,U,N,U,Sort,Lan,Volume,Observer,Pckg_SDAResources_agstrat_H1,N,,,1,1,1.0000000000000000,1.0000000000000000,CENSUS,197,,,,,,Y,
118066,,77602,,,31831,,SS,198,N,U,N,U,Sort,Lan,Volume,Observer,Pckg_SDAResources_agstrat_H1,N,,,1,1,1.0000000000000000,1.0000000000000000,CENSUS,198,,,,,,Y,
118067,,77603,,,31831,,SS,199,N,U,N,U,Sort,Lan,Volume,Observer,Pckg_SDAResources_agstrat_H1,N,,,1,1,1.0000000000000000,1.0000000000000000,CENSUS,199,,,,,,Y,
118068,,77604,,,31831,,SS,2,N,U,N,U,Sort,Lan,Volume,Observer,Pckg_SDAResources_agstrat_H1,N,,,1,1,1.0000000000000000,1.0000000000000000,CENSUS,2,,,,,,Y,
118069,,77605,,,31831,,SS,20,N,U,N,U,Sort,Lan,Volume,Observer,Pckg_SDAResources_agstrat_H1,N,,,1,1,1.0000000000000000,1.0000000000000000,CENSUS,20,,,,,,Y,
118070,,77606,,,31831,,SS,200,N,U,N,U,Sort,Lan,Volume,Observer,Pckg_SDAResources_agstrat_H1,N,,,1,1,1.0000000000000000,1.0000000000000000,CENSUS,200,,,,,,Y,
118071,,77607,,,31831,,SS,201,N,U,N,U,Sort,Lan,Volume,Observer,Pckg_SDAResources_agstrat_H1,N,,,1,1,1.0000000000000000,1.0000000000000000,CENSUS,201,,,,,,Y,
118072,,77608,,,31831,,SS,202,N,U,N,U,Sort,Lan,Volume,Observer,Pckg_SDAResources_agstrat_H1,N,,,1,1,1.0000000000000000,1.0000000000000000,CENSUS,202,,,,,,Y,
118073,,77609,,,31831,,SS,203,N,U,N,U,Sort,Lan,Volume,Observer,Pckg_SDAResources_agstrat_H1,N,,,1,1,1.0000000000000000,1.0000000000000000,CENSUS,203,,,,,,Y,
118074,,77610,,,31831,,SS,204,N,U,N,U,Sort,Lan,Volume,Observer,Pckg_SDAResources_agstrat_H1,N,,,1,1,1.0000000000000000,1.0000000000000000,CENSUS,204,,,,,,Y,
118075,,77611,,,31831,,SS,205,N,U,N,U,Sort,Lan,Volume,Observer,Pckg_SDAResources_agstrat_H1,N,,,1,1,1.0000000000000000,1.0000000000000000,CENSUS,205,,,,,,Y,
118076,,77612,,,31831,,SS,206,N,U,N,U,Sort,Lan,Volume,Observer,Pckg_SDAResources_agstrat_H1,N,,,1,1,1.0000000000000000,1.0000000000000000,CENSUS,206,,,,,,Y,
118077,,77613,,,31831,,SS,207,N,U,N,U,Sort,Lan,Volume,Observer,Pckg_SDAResources_agstrat_H1,N,,,1,1,1.0000000000000000,1.0000000000000000,CENSUS,207,,,,,,Y,
118078,,77614,,,31831,,SS,208,N,U,N,U,Sort,Lan,Volume,Observer,Pckg_SDAResources_agstrat_H1,N,,,1,1,1.0000000000000000,1.0000000000000000,CENSUS,208,,,,,,Y,
118079,,77615,,,31831,,SS,209,N,U,N,U,Sort,Lan,Volume,Observer,Pckg_SDAResources_agstrat_H1,N,,,1,1,1.0000000000000000,1.0000000000000000,CENSUS,209,,,,,,Y,
118080,,77616,,,31831,,SS,21,N,U,N,U,Sort,Lan,Volume,Observer,Pckg_SDAResources_agstrat_H1,N,,,1,1,1.0000000000000000,1.0000000000000000,CENSUS,21,,,,,,Y,
118081,,77617,,,31831,,SS,210,N,U,N,U,Sort,Lan,Volume,Observer,Pckg_SDAResources_agstrat_H1,N,,,1,1,1.0000000000000000,1.0000000000000000,CENSUS,210,,,,,,Y,
118082,,77618,,,31831,,SS,211,N,U,N,U,Sort,Lan,Volume,Observer,Pckg_SDAResources_agstrat_H1,N,,,1,1,1.0000000000000000,1.0000000000000000,CENSUS,211,,,,,,Y,
118083,,77619,,,31831,,SS,212,N,U,N,U,Sort,Lan,Volume,Observer,Pckg_SDAResources_agstrat_H1,N,,,1,1,1.0000000000000000,1.0000000000000000,CENSUS,212,,,,,,Y,
118084,,77620,,,31831,,SS,213,N,U,N,U,Sort,Lan,Volume,Observer,Pckg_SDAResources_agstrat_H1,N,,,1,1,1.0000000000000000,1.0000000000000000,CENSUS,213,,,,,,Y,
118085,,77621,,,31831,,SS,214,N,U,N,U,Sort,Lan,Volume,Observer,Pckg_SDAResources_agstrat_H1,N,,,1,1,1.0000000000000000,1.0000000000000000,CENSUS,214,,,,,,Y,
118086,,77622,,,31831,,SS,215,N,U,N,U,Sort,Lan,Volume,Observer,Pckg_SDAResources_agstrat_H1,N,,,1,1,1.0000000000000000,1.0000000000000000,CENSUS,215,,,,,,Y,
118087,,77623,,,31831,,SS,216,N,U,N,U,Sort,Lan,Volume,Observer,Pckg_SDAResources_agstrat_H1,N,,,1,1,1.0000000000000000,1.0000000000000000,CENSUS,216,,,,,,Y,
118088,,77624,,,31831,,SS,217,N,U,N,U,Sort,Lan,Volume,Observer,Pckg_SDAResources_agstrat_H1,N,,,1,1,1.0000000000000000,1.0000000000000000,CENSUS,217,,,,,,Y,
118089,,77625,,,31831,,SS,218,N,U,N,U,Sort,Lan,Volume,Observer,Pckg_SDAResources_agstrat_H1,N,,,1,1,1.0000000000000000,1.0000000000000000,CENSUS,218,,,,,,Y,
118090,,77626,,,31831,,SS,219,N,U,N,U,Sort,Lan,Volume,Observer,Pckg_SDAResources_agstrat_H1,N,,,1,1,1.0000000000000000,1.0000000000000000,CENSUS,219,,,,,,Y,
118091,,77627,,,31831,,SS,22,N,U,N,U,Sort,Lan,Volume,Observer,Pckg_SDAResources_agstrat_H1,N,,,1,1,1.0000000000000000,1.0000000000000000,CENSUS,22,,,,,,Y,
118092,,77628,,,31831,,SS,220,N,U,N,U,Sort,Lan,Volume,Observer,Pckg_SDAResources_agstrat_H1,N,,,1,1,1.0000000000000000,1.0000000000000000,CENSUS,220,,,,,,Y,
118093,,77629,,,31831,,SS,221,N,U,N,U,Sort,Lan,Volume,Observer,Pckg_SDAResources_agstrat_H1,N,,,1,1,1.0000000000000000,1.0000000000000000,CENSUS,221,,,,,,Y,
118094,,77630,,,31831,,SS,222,N,U,N,U,Sort,Lan,Volume,Observer,Pckg_SDAResources_agstrat_H1,N,,,1,1,1.0000000000000000,1.0000000000000000,CENSUS,222,,,,,,Y,
118095,,77631,,,31831,,SS,223,N,U,N,U,Sort,Lan,Volume,Observer,Pckg_SDAResources_agstrat_H1,N,,,1,1,1.0000000000000000,1.0000000000000000,CENSUS,223,,,,,,Y,
118096,,77632,,,31831,,SS,224,N,U,N,U,Sort,Lan,Volume,Observer,Pckg_SDAResources_agstrat_H1,N,,,1,1,1.0000000000000000,1.0000000000000000,CENSUS,224,,,,,,Y,
118097,,77633,,,31831,,SS,225,N,U,N,U,Sort,Lan,Volume,Observer,Pckg_SDAResources_agstrat_H1,N,,,1,1,1.0000000000000000,1.0000000000000000,CENSUS,225,,,,,,Y,
118098,,77634,,,31831,,SS,226,N,U,N,U,Sort,Lan,Volume,Observer,Pckg_SDAResources_agstrat_H1,N,,,1,1,1.0000000000000000,1.0000000000000000,CENSUS,226,,,,,,Y,
118099,,77635,,,31831,,SS,227,N,U,N,U,Sort,Lan,Volume,Observer,Pckg_SDAResources_agstrat_H1,N,,,1,1,1.0000000000000000,1.0000000000000000,CENSUS,227,,,,,,Y,
118100,,77636,,,31831,,SS,228,N,U,N,U,Sort,Lan,Volume,Observer,Pckg_SDAResources_agstrat_H1,N,,,1,1,1.0000000000000000,1.0000000000000000,CENSUS,228,,,,,,Y,
118101,,77637,,,31831,,SS,229,N,U,N,U,Sort,Lan,Volume,Observer,Pckg_SDAResources_agstrat_H1,N,,,1,1,1.0000000000000000,1.0000000000000000,CENSUS,229,,,,,,Y,
118102,,77638,,,31831,,SS,23,N,U,N,U,Sort,Lan,Volume,Observer,Pckg_SDAResources_agstrat_H1,N,,,1,1,1.0000000000000000,1.0000000000000000,CENSUS,23,,,,,,Y,
118103,,77639,,,31831,,SS,230,N,U,N,U,Sort,Lan,Volume,Observer,Pckg_SDAResources_agstrat_H1,N,,,1,1,1.0000000000000000,1.0000000000000000,CENSUS,230,,,,,,Y,
118104,,77640,,,31831,,SS,231,N,U,N,U,Sort,Lan,Volume,Observer,Pckg_SDAResources_agstrat_H1,N,,,1,1,1.0000000000000000,1.0000000000000000,CENSUS,231,,,,,,Y,
118105,,77641,,,31831,,SS,232,N,U,N,U,Sort,Lan,Volume,Observer,Pckg_SDAResources_agstrat_H1,N,,,1,1,1.0000000000000000,1.0000000000000000,CENSUS,232,,,,,,Y,
118106,,77642,,,31831,,SS,233,N,U,N,U,Sort,Lan,Volume,Observer,Pckg_SDAResources_agstrat_H1,N,,,1,1,1.0000000000000000,1.0000000000000000,CENSUS,233,,,,,,Y,
118107,,77643,,,31831,,SS,234,N,U,N,U,Sort,Lan,Volume,Observer,Pckg_SDAResources_agstrat_H1,N,,,1,1,1.0000000000000000,1.0000000000000000,CENSUS,234,,,,,,Y,
118108,,77644,,,31831,,SS,235,N,U,N,U,Sort,Lan,Volume,Observer,Pckg_SDAResources_agstrat_H1,N,,,1,1,1.0000000000000000,1.0000000000000000,CENSUS,235,,,,,,Y,
118109,,77645,,,31831,,SS,236,N,U,N,U,Sort,Lan,Volume,Observer,Pckg_SDAResources_agstrat_H1,N,,,1,1,1.0000000000000000,1.0000000000000000,CENSUS,236,,,,,,Y,
118110,,77646,,,31831,,SS,237,N,U,N,U,Sort,Lan,Volume,Observer,Pckg_SDAResources_agstrat_H1,N,,,1,1,1.0000000000000000,1.0000000000000000,CENSUS,237,,,,,,Y,
118111,,77647,,,31831,,SS,238,N,U,N,U,Sort,Lan,Volume,Observer,Pckg_SDAResources_agstrat_H1,N,,,1,1,1.0000000000000000,1.0000000000000000,CENSUS,238,,,,,,Y,
118112,,77648,,,31831,,SS,239,N,U,N,U,Sort,Lan,Volume,Observer,Pckg_SDAResources_agstrat_H1,N,,,1,1,1.0000000000000000,1.0000000000000000,CENSUS,239,,,,,,Y,
118113,,77649,,,31831,,SS,24,N,U,N,U,Sort,Lan,Volume,Observer,Pckg_SDAResources_agstrat_H1,N,,,1,1,1.0000000000000000,1.0000000000000000,CENSUS,24,,,,,,Y,
118114,,77650,,,31831,,SS,240,N,U,N,U,Sort,Lan,Volume,Observer,Pckg_SDAResources_agstrat_H1,N,,,1,1,1.0000000000000000,1.0000000000000000,CENSUS,240,,,,,,Y,
118115,,77651,,,31831,,SS,241,N,U,N,U,Sort,Lan,Volume,Observer,Pckg_SDAResources_agstrat_H1,N,,,1,1,1.0000000000000000,1.0000000000000000,CENSUS,241,,,,,,Y,
118116,,77652,,,31831,,SS,242,N,U,N,U,Sort,Lan,Volume,Observer,Pckg_SDAResources_agstrat_H1,N,,,1,1,1.0000000000000000,1.0000000000000000,CENSUS,242,,,,,,Y,
118117,,77653,,,31831,,SS,243,N,U,N,U,Sort,Lan,Volume,Observer,Pckg_SDAResources_agstrat_H1,N,,,1,1,1.0000000000000000,1.0000000000000000,CENSUS,243,,,,,,Y,
118118,,77654,,,31831,,SS,244,N,U,N,U,Sort,Lan,Volume,Observer,Pckg_SDAResources_agstrat_H1,N,,,1,1,1.0000000000000000,1.0000000000000000,CENSUS,244,,,,,,Y,
118119,,77655,,,31831,,SS,245,N,U,N,U,Sort,Lan,Volume,Observer,Pckg_SDAResources_agstrat_H1,N,,,1,1,1.0000000000000000,1.0000000000000000,CENSUS,245,,,,,,Y,
118120,,77656,,,31831,,SS,246,N,U,N,U,Sort,Lan,Volume,Observer,Pckg_SDAResources_agstrat_H1,N,,,1,1,1.0000000000000000,1.0000000000000000,CENSUS,246,,,,,,Y,
118121,,77657,,,31831,,SS,247,N,U,N,U,Sort,Lan,Volume,Observer,Pckg_SDAResources_agstrat_H1,N,,,1,1,1.0000000000000000,1.0000000000000000,CENSUS,247,,,,,,Y,
118122,,77658,,,31831,,SS,248,N,U,N,U,Sort,Lan,Volume,Observer,Pckg_SDAResources_agstrat_H1,N,,,1,1,1.0000000000000000,1.0000000000000000,CENSUS,248,,,,,,Y,
118123,,77659,,,31831,,SS,249,N,U,N,U,Sort,Lan,Volume,Observer,Pckg_SDAResources_agstrat_H1,N,,,1,1,1.0000000000000000,1.0000000000000000,CENSUS,249,,,,,,Y,
118124,,77660,,,31831,,SS,25,N,U,N,U,Sort,Lan,Volume,Observer,Pckg_SDAResources_agstrat_H1,N,,,1,1,1.0000000000000000,1.0000000000000000,CENSUS,25,,,,,,Y,
118125,,77661,,,31831,,SS,250,N,U,N,U,Sort,Lan,Volume,Observer,Pckg_SDAResources_agstrat_H1,N,,,1,1,1.0000000000000000,1.0000000000000000,CENSUS,250,,,,,,Y,
118126,,77662,,,31831,,SS,251,N,U,N,U,Sort,Lan,Volume,Observer,Pckg_SDAResources_agstrat_H1,N,,,1,1,1.0000000000000000,1.0000000000000000,CENSUS,251,,,,,,Y,
118127,,77663,,,31831,,SS,252,N,U,N,U,Sort,Lan,Volume,Observer,Pckg_SDAResources_agstrat_H1,N,,,1,1,1.0000000000000000,1.0000000000000000,CENSUS,252,,,,,,Y,
118128,,77664,,,31831,,SS,253,N,U,N,U,Sort,Lan,Volume,Observer,Pckg_SDAResources_agstrat_H1,N,,,1,1,1.0000000000000000,1.0000000000000000,CENSUS,253,,,,,,Y,
118129,,77665,,,31831,,SS,254,N,U,N,U,Sort,Lan,Volume,Observer,Pckg_SDAResources_agstrat_H1,N,,,1,1,1.0000000000000000,1.0000000000000000,CENSUS,254,,,,,,Y,
118130,,77666,,,31831,,SS,255,N,U,N,U,Sort,Lan,Volume,Observer,Pckg_SDAResources_agstrat_H1,N,,,1,1,1.0000000000000000,1.0000000000000000,CENSUS,255,,,,,,Y,
118131,,77667,,,31831,,SS,256,N,U,N,U,Sort,Lan,Volume,Observer,Pckg_SDAResources_agstrat_H1,N,,,1,1,1.0000000000000000,1.0000000000000000,CENSUS,256,,,,,,Y,
118132,,77668,,,31831,,SS,257,N,U,N,U,Sort,Lan,Volume,Observer,Pckg_SDAResources_agstrat_H1,N,,,1,1,1.0000000000000000,1.0000000000000000,CENSUS,257,,,,,,Y,
118133,,77669,,,31831,,SS,258,N,U,N,U,Sort,Lan,Volume,Observer,Pckg_SDAResources_agstrat_H1,N,,,1,1,1.0000000000000000,1.0000000000000000,CENSUS,258,,,,,,Y,
118134,,77670,,,31831,,SS,259,N,U,N,U,Sort,Lan,Volume,Observer,Pckg_SDAResources_agstrat_H1,N,,,1,1,1.0000000000000000,1.0000000000000000,CENSUS,259,,,,,,Y,
118135,,77671,,,31831,,SS,26,N,U,N,U,Sort,Lan,Volume,Observer,Pckg_SDAResources_agstrat_H1,N,,,1,1,1.0000000000000000,1.0000000000000000,CENSUS,26,,,,,,Y,
118136,,77672,,,31831,,SS,260,N,U,N,U,Sort,Lan,Volume,Observer,Pckg_SDAResources_agstrat_H1,N,,,1,1,1.0000000000000000,1.0000000000000000,CENSUS,260,,,,,,Y,
118137,,77673,,,31831,,SS,261,N,U,N,U,Sort,Lan,Volume,Observer,Pckg_SDAResources_agstrat_H1,N,,,1,1,1.0000000000000000,1.0000000000000000,CENSUS,261,,,,,,Y,
118138,,77674,,,31831,,SS,262,N,U,N,U,Sort,Lan,Volume,Observer,Pckg_SDAResources_agstrat_H1,N,,,1,1,1.0000000000000000,1.0000000000000000,CENSUS,262,,,,,,Y,
118139,,77675,,,31831,,SS,263,N,U,N,U,Sort,Lan,Volume,Observer,Pckg_SDAResources_agstrat_H1,N,,,1,1,1.0000000000000000,1.0000000000000000,CENSUS,263,,,,,,Y,
118140,,77676,,,31831,,SS,264,N,U,N,U,Sort,Lan,Volume,Observer,Pckg_SDAResources_agstrat_H1,N,,,1,1,1.0000000000000000,1.0000000000000000,CENSUS,264,,,,,,Y,
118141,,77677,,,31831,,SS,265,N,U,N,U,Sort,Lan,Volume,Observer,Pckg_SDAResources_agstrat_H1,N,,,1,1,1.0000000000000000,1.0000000000000000,CENSUS,265,,,,,,Y,
118142,,77678,,,31831,,SS,266,N,U,N,U,Sort,Lan,Volume,Observer,Pckg_SDAResources_agstrat_H1,N,,,1,1,1.0000000000000000,1.0000000000000000,CENSUS,266,,,,,,Y,
118143,,77679,,,31831,,SS,267,N,U,N,U,Sort,Lan,Volume,Observer,Pckg_SDAResources_agstrat_H1,N,,,1,1,1.0000000000000000,1.0000000000000000,CENSUS,267,,,,,,Y,
118144,,77680,,,31831,,SS,268,N,U,N,U,Sort,Lan,Volume,Observer,Pckg_SDAResources_agstrat_H1,N,,,1,1,1.0000000000000000,1.0000000000000000,CENSUS,268,,,,,,Y,
118145,,77681,,,31831,,SS,269,N,U,N,U,Sort,Lan,Volume,Observer,Pckg_SDAResources_agstrat_H1,N,,,1,1,1.0000000000000000,1.0000000000000000,CENSUS,269,,,,,,Y,
118146,,77682,,,31831,,SS,27,N,U,N,U,Sort,Lan,Volume,Observer,Pckg_SDAResources_agstrat_H1,N,,,1,1,1.0000000000000000,1.0000000000000000,CENSUS,27,,,,,,Y,
118147,,77683,,,31831,,SS,270,N,U,N,U,Sort,Lan,Volume,Observer,Pckg_SDAResources_agstrat_H1,N,,,1,1,1.0000000000000000,1.0000000000000000,CENSUS,270,,,,,,Y,
118148,,77684,,,31831,,SS,271,N,U,N,U,Sort,Lan,Volume,Observer,Pckg_SDAResources_agstrat_H1,N,,,1,1,1.0000000000000000,1.0000000000000000,CENSUS,271,,,,,,Y,
118149,,77685,,,31831,,SS,272,N,U,N,U,Sort,Lan,Volume,Observer,Pckg_SDAResources_agstrat_H1,N,,,1,1,1.0000000000000000,1.0000000000000000,CENSUS,272,,,,,,Y,
118150,,77686,,,31831,,SS,273,N,U,N,U,Sort,Lan,Volume,Observer,Pckg_SDAResources_agstrat_H1,N,,,1,1,1.0000000000000000,1.0000000000000000,CENSUS,273,,,,,,Y,
118151,,77687,,,31831,,SS,274,N,U,N,U,Sort,Lan,Volume,Observer,Pckg_SDAResources_agstrat_H1,N,,,1,1,1.0000000000000000,1.0000000000000000,CENSUS,274,,,,,,Y,
118152,,77688,,,31831,,SS,275,N,U,N,U,Sort,Lan,Volume,Observer,Pckg_SDAResources_agstrat_H1,N,,,1,1,1.0000000000000000,1.0000000000000000,CENSUS,275,,,,,,Y,
118153,,77689,,,31831,,SS,276,N,U,N,U,Sort,Lan,Volume,Observer,Pckg_SDAResources_agstrat_H1,N,,,1,1,1.0000000000000000,1.0000000000000000,CENSUS,276,,,,,,Y,
118154,,77690,,,31831,,SS,277,N,U,N,U,Sort,Lan,Volume,Observer,Pckg_SDAResources_agstrat_H1,N,,,1,1,1.0000000000000000,1.0000000000000000,CENSUS,277,,,,,,Y,
118155,,77691,,,31831,,SS,278,N,U,N,U,Sort,Lan,Volume,Observer,Pckg_SDAResources_agstrat_H1,N,,,1,1,1.0000000000000000,1.0000000000000000,CENSUS,278,,,,,,Y,
118156,,77692,,,31831,,SS,279,N,U,N,U,Sort,Lan,Volume,Observer,Pckg_SDAResources_agstrat_H1,N,,,1,1,1.0000000000000000,1.0000000000000000,CENSUS,279,,,,,,Y,
118157,,77693,,,31831,,SS,28,N,U,N,U,Sort,Lan,Volume,Observer,Pckg_SDAResources_agstrat_H1,N,,,1,1,1.0000000000000000,1.0000000000000000,CENSUS,28,,,,,,Y,
118158,,77694,,,31831,,SS,280,N,U,N,U,Sort,Lan,Volume,Observer,Pckg_SDAResources_agstrat_H1,N,,,1,1,1.0000000000000000,1.0000000000000000,CENSUS,280,,,,,,Y,
118159,,77695,,,31831,,SS,281,N,U,N,U,Sort,Lan,Volume,Observer,Pckg_SDAResources_agstrat_H1,N,,,1,1,1.0000000000000000,1.0000000000000000,CENSUS,281,,,,,,Y,
118160,,77696,,,31831,,SS,282,N,U,N,U,Sort,Lan,Volume,Observer,Pckg_SDAResources_agstrat_H1,N,,,1,1,1.0000000000000000,1.0000000000000000,CENSUS,282,,,,,,Y,
118161,,77697,,,31831,,SS,283,N,U,N,U,Sort,Lan,Volume,Observer,Pckg_SDAResources_agstrat_H1,N,,,1,1,1.0000000000000000,1.0000000000000000,CENSUS,283,,,,,,Y,
118162,,77698,,,31831,,SS,284,N,U,N,U,Sort,Lan,Volume,Observer,Pckg_SDAResources_agstrat_H1,N,,,1,1,1.0000000000000000,1.0000000000000000,CENSUS,284,,,,,,Y,
118163,,77699,,,31831,,SS,285,N,U,N,U,Sort,Lan,Volume,Observer,Pckg_SDAResources_agstrat_H1,N,,,1,1,1.0000000000000000,1.0000000000000000,CENSUS,285,,,,,,Y,
118164,,77700,,,31831,,SS,286,N,U,N,U,Sort,Lan,Volume,Observer,Pckg_SDAResources_agstrat_H1,N,,,1,1,1.0000000000000000,1.0000000000000000,CENSUS,286,,,,,,Y,
118165,,77701,,,31831,,SS,287,N,U,N,U,Sort,Lan,Volume,Observer,Pckg_SDAResources_agstrat_H1,N,,,1,1,1.0000000000000000,1.0000000000000000,CENSUS,287,,,,,,Y,
118166,,77702,,,31831,,SS,288,N,U,N,U,Sort,Lan,Volume,Observer,Pckg_SDAResources_agstrat_H1,N,,,1,1,1.0000000000000000,1.0000000000000000,CENSUS,288,,,,,,Y,
118167,,77703,,,31831,,SS,289,N,U,N,U,Sort,Lan,Volume,Observer,Pckg_SDAResources_agstrat_H1,N,,,1,1,1.0000000000000000,1.0000000000000000,CENSUS,289,,,,,,Y,
118168,,77704,,,31831,,SS,29,N,U,N,U,Sort,Lan,Volume,Observer,Pckg_SDAResources_agstrat_H1,N,,,1,1,1.0000000000000000,1.0000000000000000,CENSUS,29,,,,,,Y,
118169,,77705,,,31831,,SS,290,N,U,N,U,Sort,Lan,Volume,Observer,Pckg_SDAResources_agstrat_H1,N,,,1,1,1.0000000000000000,1.0000000000000000,CENSUS,290,,,,,,Y,
118170,,77706,,,31831,,SS,291,N,U,N,U,Sort,Lan,Volume,Observer,Pckg_SDAResources_agstrat_H1,N,,,1,1,1.0000000000000000,1.0000000000000000,CENSUS,291,,,,,,Y,
118171,,77707,,,31831,,SS,292,N,U,N,U,Sort,Lan,Volume,Observer,Pckg_SDAResources_agstrat_H1,N,,,1,1,1.0000000000000000,1.0000000000000000,CENSUS,292,,,,,,Y,
118172,,77708,,,31831,,SS,293,N,U,N,U,Sort,Lan,Volume,Observer,Pckg_SDAResources_agstrat_H1,N,,,1,1,1.0000000000000000,1.0000000000000000,CENSUS,293,,,,,,Y,
118173,,77709,,,31831,,SS,294,N,U,N,U,Sort,Lan,Volume,Observer,Pckg_SDAResources_agstrat_H1,N,,,1,1,1.0000000000000000,1.0000000000000000,CENSUS,294,,,,,,Y,
118174,,77710,,,31831,,SS,295,N,U,N,U,Sort,Lan,Volume,Observer,Pckg_SDAResources_agstrat_H1,N,,,1,1,1.0000000000000000,1.0000000000000000,CENSUS,295,,,,,,Y,
118175,,77711,,,31831,,SS,296,N,U,N,U,Sort,Lan,Volume,Observer,Pckg_SDAResources_agstrat_H1,N,,,1,1,1.0000000000000000,1.0000000000000000,CENSUS,296,,,,,,Y,
118176,,77712,,,31831,,SS,297,N,U,N,U,Sort,Lan,Volume,Observer,Pckg_SDAResources_agstrat_H1,N,,,1,1,1.0000000000000000,1.0000000000000000,CENSUS,297,,,,,,Y,
118177,,77713,,,31831,,SS,298,N,U,N,U,Sort,Lan,Volume,Observer,Pckg_SDAResources_agstrat_H1,N,,,1,1,1.0000000000000000,1.0000000000000000,CENSUS,298,,,,,,Y,
118178,,77714,,,31831,,SS,299,N,U,N,U,Sort,Lan,Volume,Observer,Pckg_SDAResources_agstrat_H1,N,,,1,1,1.0000000000000000,1.0000000000000000,CENSUS,299,,,,,,Y,
118179,,77715,,,31831,,SS,3,N,U,N,U,Sort,Lan,Volume,Observer,Pckg_SDAResources_agstrat_H1,N,,,1,1,1.0000000000000000,1.0000000000000000,CENSUS,3,,,,,,Y,
118180,,77716,,,31831,,SS,30,N,U,N,U,Sort,Lan,Volume,Observer,Pckg_SDAResources_agstrat_H1,N,,,1,1,1.0000000000000000,1.0000000000000000,CENSUS,30,,,,,,Y,
118181,,77717,,,31831,,SS,300,N,U,N,U,Sort,Lan,Volume,Observer,Pckg_SDAResources_agstrat_H1,N,,,1,1,1.0000000000000000,1.0000000000000000,CENSUS,300,,,,,,Y,
118182,,77718,,,31831,,SS,31,N,U,N,U,Sort,Lan,Volume,Observer,Pckg_SDAResources_agstrat_H1,N,,,1,1,1.0000000000000000,1.0000000000000000,CENSUS,31,,,,,,Y,
118183,,77719,,,31831,,SS,32,N,U,N,U,Sort,Lan,Volume,Observer,Pckg_SDAResources_agstrat_H1,N,,,1,1,1.0000000000000000,1.0000000000000000,CENSUS,32,,,,,,Y,
118184,,77720,,,31831,,SS,33,N,U,N,U,Sort,Lan,Volume,Observer,Pckg_SDAResources_agstrat_H1,N,,,1,1,1.0000000000000000,1.0000000000000000,CENSUS,33,,,,,,Y,
118185,,77721,,,31831,,SS,34,N,U,N,U,Sort,Lan,Volume,Observer,Pckg_SDAResources_agstrat_H1,N,,,1,1,1.0000000000000000,1.0000000000000000,CENSUS,34,,,,,,Y,
118186,,77722,,,31831,,SS,35,N,U,N,U,Sort,Lan,Volume,Observer,Pckg_SDAResources_agstrat_H1,N,,,1,1,1.0000000000000000,1.0000000000000000,CENSUS,35,,,,,,Y,
118187,,77723,,,31831,,SS,36,N,U,N,U,Sort,Lan,Volume,Observer,Pckg_SDAResources_agstrat_H1,N,,,1,1,1.0000000000000000,1.0000000000000000,CENSUS,36,,,,,,Y,
118188,,77724,,,31831,,SS,37,N,U,N,U,Sort,Lan,Volume,Observer,Pckg_SDAResources_agstrat_H1,N,,,1,1,1.0000000000000000,1.0000000000000000,CENSUS,37,,,,,,Y,
118189,,77725,,,31831,,SS,38,N,U,N,U,Sort,Lan,Volume,Observer,Pckg_SDAResources_agstrat_H1,N,,,1,1,1.0000000000000000,1.0000000000000000,CENSUS,38,,,,,,Y,
118190,,77726,,,31831,,SS,39,N,U,N,U,Sort,Lan,Volume,Observer,Pckg_SDAResources_agstrat_H1,N,,,1,1,1.0000000000000000,1.0000000000000000,CENSUS,39,,,,,,Y,
118191,,77727,,,31831,,SS,4,N,U,N,U,Sort,Lan,Volume,Observer,Pckg_SDAResources_agstrat_H1,N,,,1,1,1.0000000000000000,1.0000000000000000,CENSUS,4,,,,,,Y,
118192,,77728,,,31831,,SS,40,N,U,N,U,Sort,Lan,Volume,Observer,Pckg_SDAResources_agstrat_H1,N,,,1,1,1.0000000000000000,1.0000000000000000,CENSUS,40,,,,,,Y,
118193,,77729,,,31831,,SS,41,N,U,N,U,Sort,Lan,Volume,Observer,Pckg_SDAResources_agstrat_H1,N,,,1,1,1.0000000000000000,1.0000000000000000,CENSUS,41,,,,,,Y,
118194,,77730,,,31831,,SS,42,N,U,N,U,Sort,Lan,Volume,Observer,Pckg_SDAResources_agstrat_H1,N,,,1,1,1.0000000000000000,1.0000000000000000,CENSUS,42,,,,,,Y,
118195,,77731,,,31831,,SS,43,N,U,N,U,Sort,Lan,Volume,Observer,Pckg_SDAResources_agstrat_H1,N,,,1,1,1.0000000000000000,1.0000000000000000,CENSUS,43,,,,,,Y,
118196,,77732,,,31831,,SS,44,N,U,N,U,Sort,Lan,Volume,Observer,Pckg_SDAResources_agstrat_H1,N,,,1,1,1.0000000000000000,1.0000000000000000,CENSUS,44,,,,,,Y,
118197,,77733,,,31831,,SS,45,N,U,N,U,Sort,Lan,Volume,Observer,Pckg_SDAResources_agstrat_H1,N,,,1,1,1.0000000000000000,1.0000000000000000,CENSUS,45,,,,,,Y,
118198,,77734,,,31831,,SS,46,N,U,N,U,Sort,Lan,Volume,Observer,Pckg_SDAResources_agstrat_H1,N,,,1,1,1.0000000000000000,1.0000000000000000,CENSUS,46,,,,,,Y,
118199,,77735,,,31831,,SS,47,N,U,N,U,Sort,Lan,Volume,Observer,Pckg_SDAResources_agstrat_H1,N,,,1,1,1.0000000000000000,1.0000000000000000,CENSUS,47,,,,,,Y,
118200,,77736,,,31831,,SS,48,N,U,N,U,Sort,Lan,Volume,Observer,Pckg_SDAResources_agstrat_H1,N,,,1,1,1.0000000000000000,1.0000000000000000,CENSUS,48,,,,,,Y,
118201,,77737,,,31831,,SS,49,N,U,N,U,Sort,Lan,Volume,Observer,Pckg_SDAResources_agstrat_H1,N,,,1,1,1.0000000000000000,1.0000000000000000,CENSUS,49,,,,,,Y,
118202,,77738,,,31831,,SS,5,N,U,N,U,Sort,Lan,Volume,Observer,Pckg_SDAResources_agstrat_H1,N,,,1,1,1.0000000000000000,1.0000000000000000,CENSUS,5,,,,,,Y,
118203,,77739,,,31831,,SS,50,N,U,N,U,Sort,Lan,Volume,Observer,Pckg_SDAResources_agstrat_H1,N,,,1,1,1.0000000000000000,1.0000000000000000,CENSUS,50,,,,,,Y,
118204,,77740,,,31831,,SS,51,N,U,N,U,Sort,Lan,Volume,Observer,Pckg_SDAResources_agstrat_H1,N,,,1,1,1.0000000000000000,1.0000000000000000,CENSUS,51,,,,,,Y,
118205,,77741,,,31831,,SS,52,N,U,N,U,Sort,Lan,Volume,Observer,Pckg_SDAResources_agstrat_H1,N,,,1,1,1.0000000000000000,1.0000000000000000,CENSUS,52,,,,,,Y,
118206,,77742,,,31831,,SS,53,N,U,N,U,Sort,Lan,Volume,Observer,Pckg_SDAResources_agstrat_H1,N,,,1,1,1.0000000000000000,1.0000000000000000,CENSUS,53,,,,,,Y,
118207,,77743,,,31831,,SS,54,N,U,N,U,Sort,Lan,Volume,Observer,Pckg_SDAResources_agstrat_H1,N,,,1,1,1.0000000000000000,1.0000000000000000,CENSUS,54,,,,,,Y,
118208,,77744,,,31831,,SS,55,N,U,N,U,Sort,Lan,Volume,Observer,Pckg_SDAResources_agstrat_H1,N,,,1,1,1.0000000000000000,1.0000000000000000,CENSUS,55,,,,,,Y,
118209,,77745,,,31831,,SS,56,N,U,N,U,Sort,Lan,Volume,Observer,Pckg_SDAResources_agstrat_H1,N,,,1,1,1.0000000000000000,1.0000000000000000,CENSUS,56,,,,,,Y,
118210,,77746,,,31831,,SS,57,N,U,N,U,Sort,Lan,Volume,Observer,Pckg_SDAResources_agstrat_H1,N,,,1,1,1.0000000000000000,1.0000000000000000,CENSUS,57,,,,,,Y,
118211,,77747,,,31831,,SS,58,N,U,N,U,Sort,Lan,Volume,Observer,Pckg_SDAResources_agstrat_H1,N,,,1,1,1.0000000000000000,1.0000000000000000,CENSUS,58,,,,,,Y,
118212,,77748,,,31831,,SS,59,N,U,N,U,Sort,Lan,Volume,Observer,Pckg_SDAResources_agstrat_H1,N,,,1,1,1.0000000000000000,1.0000000000000000,CENSUS,59,,,,,,Y,
118213,,77749,,,31831,,SS,6,N,U,N,U,Sort,Lan,Volume,Observer,Pckg_SDAResources_agstrat_H1,N,,,1,1,1.0000000000000000,1.0000000000000000,CENSUS,6,,,,,,Y,
118214,,77750,,,31831,,SS,60,N,U,N,U,Sort,Lan,Volume,Observer,Pckg_SDAResources_agstrat_H1,N,,,1,1,1.0000000000000000,1.0000000000000000,CENSUS,60,,,,,,Y,
118215,,77751,,,31831,,SS,61,N,U,N,U,Sort,Lan,Volume,Observer,Pckg_SDAResources_agstrat_H1,N,,,1,1,1.0000000000000000,1.0000000000000000,CENSUS,61,,,,,,Y,
118216,,77752,,,31831,,SS,62,N,U,N,U,Sort,Lan,Volume,Observer,Pckg_SDAResources_agstrat_H1,N,,,1,1,1.0000000000000000,1.0000000000000000,CENSUS,62,,,,,,Y,
118217,,77753,,,31831,,SS,63,N,U,N,U,Sort,Lan,Volume,Observer,Pckg_SDAResources_agstrat_H1,N,,,1,1,1.0000000000000000,1.0000000000000000,CENSUS,63,,,,,,Y,
118218,,77754,,,31831,,SS,64,N,U,N,U,Sort,Lan,Volume,Observer,Pckg_SDAResources_agstrat_H1,N,,,1,1,1.0000000000000000,1.0000000000000000,CENSUS,64,,,,,,Y,
118219,,77755,,,31831,,SS,65,N,U,N,U,Sort,Lan,Volume,Observer,Pckg_SDAResources_agstrat_H1,N,,,1,1,1.0000000000000000,1.0000000000000000,CENSUS,65,,,,,,Y,
118220,,77756,,,31831,,SS,66,N,U,N,U,Sort,Lan,Volume,Observer,Pckg_SDAResources_agstrat_H1,N,,,1,1,1.0000000000000000,1.0000000000000000,CENSUS,66,,,,,,Y,
118221,,77757,,,31831,,SS,67,N,U,N,U,Sort,Lan,Volume,Observer,Pckg_SDAResources_agstrat_H1,N,,,1,1,1.0000000000000000,1.0000000000000000,CENSUS,67,,,,,,Y,
118222,,77758,,,31831,,SS,68,N,U,N,U,Sort,Lan,Volume,Observer,Pckg_SDAResources_agstrat_H1,N,,,1,1,1.0000000000000000,1.0000000000000000,CENSUS,68,,,,,,Y,
118223,,77759,,,31831,,SS,69,N,U,N,U,Sort,Lan,Volume,Observer,Pckg_SDAResources_agstrat_H1,N,,,1,1,1.0000000000000000,1.0000000000000000,CENSUS,69,,,,,,Y,
118224,,77760,,,31831,,SS,7,N,U,N,U,Sort,Lan,Volume,Observer,Pckg_SDAResources_agstrat_H1,N,,,1,1,1.0000000000000000,1.0000000000000000,CENSUS,7,,,,,,Y,
118225,,77761,,,31831,,SS,70,N,U,N,U,Sort,Lan,Volume,Observer,Pckg_SDAResources_agstrat_H1,N,,,1,1,1.0000000000000000,1.0000000000000000,CENSUS,70,,,,,,Y,
118226,,77762,,,31831,,SS,71,N,U,N,U,Sort,Lan,Volume,Observer,Pckg_SDAResources_agstrat_H1,N,,,1,1,1.0000000000000000,1.0000000000000000,CENSUS,71,,,,,,Y,
118227,,77763,,,31831,,SS,72,N,U,N,U,Sort,Lan,Volume,Observer,Pckg_SDAResources_agstrat_H1,N,,,1,1,1.0000000000000000,1.0000000000000000,CENSUS,72,,,,,,Y,
118228,,77764,,,31831,,SS,73,N,U,N,U,Sort,Lan,Volume,Observer,Pckg_SDAResources_agstrat_H1,N,,,1,1,1.0000000000000000,1.0000000000000000,CENSUS,73,,,,,,Y,
118229,,77765,,,31831,,SS,74,N,U,N,U,Sort,Lan,Volume,Observer,Pckg_SDAResources_agstrat_H1,N,,,1,1,1.0000000000000000,1.0000000000000000,CENSUS,74,,,,,,Y,
118230,,77766,,,31831,,SS,75,N,U,N,U,Sort,Lan,Volume,Observer,Pckg_SDAResources_agstrat_H1,N,,,1,1,1.0000000000000000,1.0000000000000000,CENSUS,75,,,,,,Y,
118231,,77767,,,31831,,SS,76,N,U,N,U,Sort,Lan,Volume,Observer,Pckg_SDAResources_agstrat_H1,N,,,1,1,1.0000000000000000,1.0000000000000000,CENSUS,76,,,,,,Y,
118232,,77768,,,31831,,SS,77,N,U,N,U,Sort,Lan,Volume,Observer,Pckg_SDAResources_agstrat_H1,N,,,1,1,1.0000000000000000,1.0000000000000000,CENSUS,77,,,,,,Y,
118233,,77769,,,31831,,SS,78,N,U,N,U,Sort,Lan,Volume,Observer,Pckg_SDAResources_agstrat_H1,N,,,1,1,1.0000000000000000,1.0000000000000000,CENSUS,78,,,,,,Y,
118234,,77770,,,31831,,SS,79,N,U,N,U,Sort,Lan,Volume,Observer,Pckg_SDAResources_agstrat_H1,N,,,1,1,1.0000000000000000,1.0000000000000000,CENSUS,79,,,,,,Y,
118235,,77771,,,31831,,SS,8,N,U,N,U,Sort,Lan,Volume,Observer,Pckg_SDAResources_agstrat_H1,N,,,1,1,1.0000000000000000,1.0000000000000000,CENSUS,8,,,,,,Y,
118236,,77772,,,31831,,SS,80,N,U,N,U,Sort,Lan,Volume,Observer,Pckg_SDAResources_agstrat_H1,N,,,1,1,1.0000000000000000,1.0000000000000000,CENSUS,80,,,,,,Y,
118237,,77773,,,31831,,SS,81,N,U,N,U,Sort,Lan,Volume,Observer,Pckg_SDAResources_agstrat_H1,N,,,1,1,1.0000000000000000,1.0000000000000000,CENSUS,81,,,,,,Y,
118238,,77774,,,31831,,SS,82,N,U,N,U,Sort,Lan,Volume,Observer,Pckg_SDAResources_agstrat_H1,N,,,1,1,1.0000000000000000,1.0000000000000000,CENSUS,82,,,,,,Y,
118239,,77775,,,31831,,SS,83,N,U,N,U,Sort,Lan,Volume,Observer,Pckg_SDAResources_agstrat_H1,N,,,1,1,1.0000000000000000,1.0000000000000000,CENSUS,83,,,,,,Y,
118240,,77776,,,31831,,SS,84,N,U,N,U,Sort,Lan,Volume,Observer,Pckg_SDAResources_agstrat_H1,N,,,1,1,1.0000000000000000,1.0000000000000000,CENSUS,84,,,,,,Y,
118241,,77777,,,31831,,SS,85,N,U,N,U,Sort,Lan,Volume,Observer,Pckg_SDAResources_agstrat_H1,N,,,1,1,1.0000000000000000,1.0000000000000000,CENSUS,85,,,,,,Y,
118242,,77778,,,31831,,SS,86,N,U,N,U,Sort,Lan,Volume,Observer,Pckg_SDAResources_agstrat_H1,N,,,1,1,1.0000000000000000,1.0000000000000000,CENSUS,86,,,,,,Y,
118243,,77779,,,31831,,SS,87,N,U,N,U,Sort,Lan,Volume,Observer,Pckg_SDAResources_agstrat_H1,N,,,1,1,1.0000000000000000,1.0000000000000000,CENSUS,87,,,,,,Y,
118244,,77780,,,31831,,SS,88,N,U,N,U,Sort,Lan,Volume,Observer,Pckg_SDAResources_agstrat_H1,N,,,1,1,1.0000000000000000,1.0000000000000000,CENSUS,88,,,,,,Y,
118245,,77781,,,31831,,SS,89,N,U,N,U,Sort,Lan,Volume,Observer,Pckg_SDAResources_agstrat_H1,N,,,1,1,1.0000000000000000,1.0000000000000000,CENSUS,89,,,,,,Y,
118246,,77782,,,31831,,SS,9,N,U,N,U,Sort,Lan,Volume,Observer,Pckg_SDAResources_agstrat_H1,N,,,1,1,1.0000000000000000,1.0000000000000000,CENSUS,9,,,,,,Y,
118247,,77783,,,31831,,SS,90,N,U,N,U,Sort,Lan,Volume,Observer,Pckg_SDAResources_agstrat_H1,N,,,1,1,1.0000000000000000,1.0000000000000000,CENSUS,90,,,,,,Y,
118248,,77784,,,31831,,SS,91,N,U,N,U,Sort,Lan,Volume,Observer,Pckg_SDAResources_agstrat_H1,N,,,1,1,1.0000000000000000,1.0000000000000000,CENSUS,91,,,,,,Y,
118249,,77785,,,31831,,SS,92,N,U,N,U,Sort,Lan,Volume,Observer,Pckg_SDAResources_agstrat_H1,N,,,1,1,1.0000000000000000,1.0000000000000000,CENSUS,92,,,,,,Y,
118250,,77786,,,31831,,SS,93,N,U,N,U,Sort,Lan,Volume,Observer,Pckg_SDAResources_agstrat_H1,N,,,1,1,1.0000000000000000,1.0000000000000000,CENSUS,93,,,,,,Y,
118251,,77787,,,31831,,SS,94,N,U,N,U,Sort,Lan,Volume,Observer,Pckg_SDAResources_agstrat_H1,N,,,1,1,1.0000000000000000,1.0000000000000000,CENSUS,94,,,,,,Y,
118252,,77788,,,31831,,SS,95,N,U,N,U,Sort,Lan,Volume,Observer,Pckg_SDAResources_agstrat_H1,N,,,1,1,1.0000000000000000,1.0000000000000000,CENSUS,95,,,,,,Y,
118253,,77789,,,31831,,SS,96,N,U,N,U,Sort,Lan,Volume,Observer,Pckg_SDAResources_agstrat_H1,N,,,1,1,1.0000000000000000,1.0000000000000000,CENSUS,96,,,,,,Y,
118254,,77790,,,31831,,SS,97,N,U,N,U,Sort,Lan,Volume,Observer,Pckg_SDAResources_agstrat_H1,N,,,1,1,1.0000000000000000,1.0000000000000000,CENSUS,97,,,,,,Y,
118255,,77791,,,31831,,SS,98,N,U,N,U,Sort,Lan,Volume,Observer,Pckg_SDAResources_agstrat_H1,N,,,1,1,1.0000000000000000,1.0000000000000000,CENSUS,98,,,,,,Y,
118256,,77792,,,31831,,SS,99,N,U,N,U,Sort,Lan,Volume,Observer,Pckg_SDAResources_agstrat_H1,N,,,1,1,1.0000000000000000,1.0000000000000000,CENSUS,99,,,,,,Y,
