FOid,FTid,SDid,FOrecordType,FOstratification,FOsequenceNumber,FOstratumName,FOclustering,FOclusterName,FOsampler,FOaggregationLevel,FOvalidity,FOcatchReg,FOstartDate,FOstartTime,FOendDate,FOendTime,FOduration,FOdurationSource,FOhandlingTime,FOstartLat,FOstartLon,FOstopLat,FOstopLon,FOexclusiveEconomicZoneIndicator,FOarea,FOrectangle,FOgsaSubarea,FOjurisdictionArea,FOfishingDepth,FOwaterDepth,FOnationalFishingActivity,FOmetier5,FOmetier6,FOgear,FOmeshSize,FOselectionDevice,FOselectionDeviceMeshSize,FOtargetSpecies,FOincidentalByCatchMitigationDeviceFirst,FOincidentalByCatchMitigationDeviceTargetFirst,FOincidentalByCatchMitigationDeviceSecond,FOincidentalByCatchMitigationDeviceTargetSecond,FOgearDimensions,FOobservationCode,FOnumberTotal,FOnumberSampled,FOselectionProb,FOinclusionProb,FOselectionMethod,FOunitName,FOselectionMethodCluster,FOnumberTotalClusters,FOnumberSampledClusters,FOselectionProbCluster,FOinclusionProbCluster,FOsampled,FOreasonNotSampled
77493,73696,,FO,N,1,U,N,U,Observer,H,V,Lan,1968-01-01,,1968-01-01,,60,Crew,,,,,,,27.3.a.21,,NotApplicable,,,,,,OTT_CRU_70-89_2_35,OTT,,,,,NotRecorded,NotApplicable,NotRecorded,NotApplicable,,So,1,1,1.0000000000000000,1.0000000000000000,CENSUS,1,,,,,,Y,
77494,73697,,FO,N,10,U,N,U,Observer,H,V,Lan,1968-01-10,,1968-01-10,,60,Crew,,,,,,,27.3.a.21,,NotApplicable,,,,,,OTT_CRU_70-89_2_35,OTT,,,,,NotRecorded,NotApplicable,NotRecorded,NotApplicable,,So,1,1,1.0000000000000000,1.0000000000000000,CENSUS,10,,,,,,Y,
77495,73698,,FO,N,100,U,N,U,Observer,H,V,Lan,1968-04-09,,1968-04-09,,60,Crew,,,,,,,27.3.a.21,,NotApplicable,,,,,,OTT_CRU_70-89_2_35,OTT,,,,,NotRecorded,NotApplicable,NotRecorded,NotApplicable,,So,1,1,1.0000000000000000,1.0000000000000000,CENSUS,100,,,,,,Y,
77496,73699,,FO,N,101,U,N,U,Observer,H,V,Lan,1968-04-10,,1968-04-10,,60,Crew,,,,,,,27.3.a.21,,NotApplicable,,,,,,OTT_CRU_70-89_2_35,OTT,,,,,NotRecorded,NotApplicable,NotRecorded,NotApplicable,,So,1,1,1.0000000000000000,1.0000000000000000,CENSUS,101,,,,,,Y,
77497,73700,,FO,N,102,U,N,U,Observer,H,V,Lan,1968-04-11,,1968-04-11,,60,Crew,,,,,,,27.3.a.21,,NotApplicable,,,,,,OTT_CRU_70-89_2_35,OTT,,,,,NotRecorded,NotApplicable,NotRecorded,NotApplicable,,So,1,1,1.0000000000000000,1.0000000000000000,CENSUS,102,,,,,,Y,
77498,73701,,FO,N,103,U,N,U,Observer,H,V,Lan,1968-04-12,,1968-04-12,,60,Crew,,,,,,,27.3.a.21,,NotApplicable,,,,,,OTT_CRU_70-89_2_35,OTT,,,,,NotRecorded,NotApplicable,NotRecorded,NotApplicable,,So,1,1,1.0000000000000000,1.0000000000000000,CENSUS,103,,,,,,Y,
77499,73702,,FO,N,104,U,N,U,Observer,H,V,Lan,1968-04-13,,1968-04-13,,60,Crew,,,,,,,27.3.a.21,,NotApplicable,,,,,,OTT_CRU_70-89_2_35,OTT,,,,,NotRecorded,NotApplicable,NotRecorded,NotApplicable,,So,1,1,1.0000000000000000,1.0000000000000000,CENSUS,104,,,,,,Y,
77500,73703,,FO,N,105,U,N,U,Observer,H,V,Lan,1968-04-14,,1968-04-14,,60,Crew,,,,,,,27.3.a.21,,NotApplicable,,,,,,OTT_CRU_70-89_2_35,OTT,,,,,NotRecorded,NotApplicable,NotRecorded,NotApplicable,,So,1,1,1.0000000000000000,1.0000000000000000,CENSUS,105,,,,,,Y,
77501,73704,,FO,N,106,U,N,U,Observer,H,V,Lan,1968-04-15,,1968-04-15,,60,Crew,,,,,,,27.3.a.21,,NotApplicable,,,,,,OTT_CRU_70-89_2_35,OTT,,,,,NotRecorded,NotApplicable,NotRecorded,NotApplicable,,So,1,1,1.0000000000000000,1.0000000000000000,CENSUS,106,,,,,,Y,
77502,73705,,FO,N,107,U,N,U,Observer,H,V,Lan,1968-04-16,,1968-04-16,,60,Crew,,,,,,,27.3.a.21,,NotApplicable,,,,,,OTT_CRU_70-89_2_35,OTT,,,,,NotRecorded,NotApplicable,NotRecorded,NotApplicable,,So,1,1,1.0000000000000000,1.0000000000000000,CENSUS,107,,,,,,Y,
77503,73706,,FO,N,108,U,N,U,Observer,H,V,Lan,1968-04-17,,1968-04-17,,60,Crew,,,,,,,27.3.a.21,,NotApplicable,,,,,,OTT_CRU_70-89_2_35,OTT,,,,,NotRecorded,NotApplicable,NotRecorded,NotApplicable,,So,1,1,1.0000000000000000,1.0000000000000000,CENSUS,108,,,,,,Y,
77504,73707,,FO,N,109,U,N,U,Observer,H,V,Lan,1968-04-18,,1968-04-18,,60,Crew,,,,,,,27.3.a.21,,NotApplicable,,,,,,OTT_CRU_70-89_2_35,OTT,,,,,NotRecorded,NotApplicable,NotRecorded,NotApplicable,,So,1,1,1.0000000000000000,1.0000000000000000,CENSUS,109,,,,,,Y,
77505,73708,,FO,N,11,U,N,U,Observer,H,V,Lan,1968-01-11,,1968-01-11,,60,Crew,,,,,,,27.3.a.21,,NotApplicable,,,,,,OTT_CRU_70-89_2_35,OTT,,,,,NotRecorded,NotApplicable,NotRecorded,NotApplicable,,So,1,1,1.0000000000000000,1.0000000000000000,CENSUS,11,,,,,,Y,
77506,73709,,FO,N,110,U,N,U,Observer,H,V,Lan,1968-04-19,,1968-04-19,,60,Crew,,,,,,,27.3.a.21,,NotApplicable,,,,,,OTT_CRU_70-89_2_35,OTT,,,,,NotRecorded,NotApplicable,NotRecorded,NotApplicable,,So,1,1,1.0000000000000000,1.0000000000000000,CENSUS,110,,,,,,Y,
77507,73710,,FO,N,111,U,N,U,Observer,H,V,Lan,1968-04-20,,1968-04-20,,60,Crew,,,,,,,27.3.a.21,,NotApplicable,,,,,,OTT_CRU_70-89_2_35,OTT,,,,,NotRecorded,NotApplicable,NotRecorded,NotApplicable,,So,1,1,1.0000000000000000,1.0000000000000000,CENSUS,111,,,,,,Y,
77508,73711,,FO,N,112,U,N,U,Observer,H,V,Lan,1968-04-21,,1968-04-21,,60,Crew,,,,,,,27.3.a.21,,NotApplicable,,,,,,OTT_CRU_70-89_2_35,OTT,,,,,NotRecorded,NotApplicable,NotRecorded,NotApplicable,,So,1,1,1.0000000000000000,1.0000000000000000,CENSUS,112,,,,,,Y,
77509,73712,,FO,N,113,U,N,U,Observer,H,V,Lan,1968-04-22,,1968-04-22,,60,Crew,,,,,,,27.3.a.21,,NotApplicable,,,,,,OTT_CRU_70-89_2_35,OTT,,,,,NotRecorded,NotApplicable,NotRecorded,NotApplicable,,So,1,1,1.0000000000000000,1.0000000000000000,CENSUS,113,,,,,,Y,
77510,73713,,FO,N,114,U,N,U,Observer,H,V,Lan,1968-04-23,,1968-04-23,,60,Crew,,,,,,,27.3.a.21,,NotApplicable,,,,,,OTT_CRU_70-89_2_35,OTT,,,,,NotRecorded,NotApplicable,NotRecorded,NotApplicable,,So,1,1,1.0000000000000000,1.0000000000000000,CENSUS,114,,,,,,Y,
77511,73714,,FO,N,115,U,N,U,Observer,H,V,Lan,1968-04-24,,1968-04-24,,60,Crew,,,,,,,27.3.a.21,,NotApplicable,,,,,,OTT_CRU_70-89_2_35,OTT,,,,,NotRecorded,NotApplicable,NotRecorded,NotApplicable,,So,1,1,1.0000000000000000,1.0000000000000000,CENSUS,115,,,,,,Y,
77512,73715,,FO,N,116,U,N,U,Observer,H,V,Lan,1968-04-25,,1968-04-25,,60,Crew,,,,,,,27.3.a.21,,NotApplicable,,,,,,OTT_CRU_70-89_2_35,OTT,,,,,NotRecorded,NotApplicable,NotRecorded,NotApplicable,,So,1,1,1.0000000000000000,1.0000000000000000,CENSUS,116,,,,,,Y,
77513,73716,,FO,N,117,U,N,U,Observer,H,V,Lan,1968-04-26,,1968-04-26,,60,Crew,,,,,,,27.3.a.21,,NotApplicable,,,,,,OTT_CRU_70-89_2_35,OTT,,,,,NotRecorded,NotApplicable,NotRecorded,NotApplicable,,So,1,1,1.0000000000000000,1.0000000000000000,CENSUS,117,,,,,,Y,
77514,73717,,FO,N,118,U,N,U,Observer,H,V,Lan,1968-04-27,,1968-04-27,,60,Crew,,,,,,,27.3.a.21,,NotApplicable,,,,,,OTT_CRU_70-89_2_35,OTT,,,,,NotRecorded,NotApplicable,NotRecorded,NotApplicable,,So,1,1,1.0000000000000000,1.0000000000000000,CENSUS,118,,,,,,Y,
77515,73718,,FO,N,119,U,N,U,Observer,H,V,Lan,1968-04-28,,1968-04-28,,60,Crew,,,,,,,27.3.a.21,,NotApplicable,,,,,,OTT_CRU_70-89_2_35,OTT,,,,,NotRecorded,NotApplicable,NotRecorded,NotApplicable,,So,1,1,1.0000000000000000,1.0000000000000000,CENSUS,119,,,,,,Y,
77516,73719,,FO,N,12,U,N,U,Observer,H,V,Lan,1968-01-12,,1968-01-12,,60,Crew,,,,,,,27.3.a.21,,NotApplicable,,,,,,OTT_CRU_70-89_2_35,OTT,,,,,NotRecorded,NotApplicable,NotRecorded,NotApplicable,,So,1,1,1.0000000000000000,1.0000000000000000,CENSUS,12,,,,,,Y,
77517,73720,,FO,N,120,U,N,U,Observer,H,V,Lan,1968-04-29,,1968-04-29,,60,Crew,,,,,,,27.3.a.21,,NotApplicable,,,,,,OTT_CRU_70-89_2_35,OTT,,,,,NotRecorded,NotApplicable,NotRecorded,NotApplicable,,So,1,1,1.0000000000000000,1.0000000000000000,CENSUS,120,,,,,,Y,
77518,73721,,FO,N,121,U,N,U,Observer,H,V,Lan,1968-04-30,,1968-04-30,,60,Crew,,,,,,,27.3.a.21,,NotApplicable,,,,,,OTT_CRU_70-89_2_35,OTT,,,,,NotRecorded,NotApplicable,NotRecorded,NotApplicable,,So,1,1,1.0000000000000000,1.0000000000000000,CENSUS,121,,,,,,Y,
77519,73722,,FO,N,122,U,N,U,Observer,H,V,Lan,1968-05-01,,1968-05-01,,60,Crew,,,,,,,27.3.a.21,,NotApplicable,,,,,,OTT_CRU_70-89_2_35,OTT,,,,,NotRecorded,NotApplicable,NotRecorded,NotApplicable,,So,1,1,1.0000000000000000,1.0000000000000000,CENSUS,122,,,,,,Y,
77520,73723,,FO,N,123,U,N,U,Observer,H,V,Lan,1968-05-02,,1968-05-02,,60,Crew,,,,,,,27.3.a.21,,NotApplicable,,,,,,OTT_CRU_70-89_2_35,OTT,,,,,NotRecorded,NotApplicable,NotRecorded,NotApplicable,,So,1,1,1.0000000000000000,1.0000000000000000,CENSUS,123,,,,,,Y,
77521,73724,,FO,N,124,U,N,U,Observer,H,V,Lan,1968-05-03,,1968-05-03,,60,Crew,,,,,,,27.3.a.21,,NotApplicable,,,,,,OTT_CRU_70-89_2_35,OTT,,,,,NotRecorded,NotApplicable,NotRecorded,NotApplicable,,So,1,1,1.0000000000000000,1.0000000000000000,CENSUS,124,,,,,,Y,
77522,73725,,FO,N,125,U,N,U,Observer,H,V,Lan,1968-05-04,,1968-05-04,,60,Crew,,,,,,,27.3.a.21,,NotApplicable,,,,,,OTT_CRU_70-89_2_35,OTT,,,,,NotRecorded,NotApplicable,NotRecorded,NotApplicable,,So,1,1,1.0000000000000000,1.0000000000000000,CENSUS,125,,,,,,Y,
77523,73726,,FO,N,126,U,N,U,Observer,H,V,Lan,1968-05-05,,1968-05-05,,60,Crew,,,,,,,27.3.a.21,,NotApplicable,,,,,,OTT_CRU_70-89_2_35,OTT,,,,,NotRecorded,NotApplicable,NotRecorded,NotApplicable,,So,1,1,1.0000000000000000,1.0000000000000000,CENSUS,126,,,,,,Y,
77524,73727,,FO,N,127,U,N,U,Observer,H,V,Lan,1968-05-06,,1968-05-06,,60,Crew,,,,,,,27.3.a.21,,NotApplicable,,,,,,OTT_CRU_70-89_2_35,OTT,,,,,NotRecorded,NotApplicable,NotRecorded,NotApplicable,,So,1,1,1.0000000000000000,1.0000000000000000,CENSUS,127,,,,,,Y,
77525,73728,,FO,N,128,U,N,U,Observer,H,V,Lan,1968-05-07,,1968-05-07,,60,Crew,,,,,,,27.3.a.21,,NotApplicable,,,,,,OTT_CRU_70-89_2_35,OTT,,,,,NotRecorded,NotApplicable,NotRecorded,NotApplicable,,So,1,1,1.0000000000000000,1.0000000000000000,CENSUS,128,,,,,,Y,
77526,73729,,FO,N,129,U,N,U,Observer,H,V,Lan,1968-05-08,,1968-05-08,,60,Crew,,,,,,,27.3.a.21,,NotApplicable,,,,,,OTT_CRU_70-89_2_35,OTT,,,,,NotRecorded,NotApplicable,NotRecorded,NotApplicable,,So,1,1,1.0000000000000000,1.0000000000000000,CENSUS,129,,,,,,Y,
77527,73730,,FO,N,13,U,N,U,Observer,H,V,Lan,1968-01-13,,1968-01-13,,60,Crew,,,,,,,27.3.a.21,,NotApplicable,,,,,,OTT_CRU_70-89_2_35,OTT,,,,,NotRecorded,NotApplicable,NotRecorded,NotApplicable,,So,1,1,1.0000000000000000,1.0000000000000000,CENSUS,13,,,,,,Y,
77528,73731,,FO,N,130,U,N,U,Observer,H,V,Lan,1968-05-09,,1968-05-09,,60,Crew,,,,,,,27.3.a.21,,NotApplicable,,,,,,OTT_CRU_70-89_2_35,OTT,,,,,NotRecorded,NotApplicable,NotRecorded,NotApplicable,,So,1,1,1.0000000000000000,1.0000000000000000,CENSUS,130,,,,,,Y,
77529,73732,,FO,N,131,U,N,U,Observer,H,V,Lan,1968-05-10,,1968-05-10,,60,Crew,,,,,,,27.3.a.21,,NotApplicable,,,,,,OTT_CRU_70-89_2_35,OTT,,,,,NotRecorded,NotApplicable,NotRecorded,NotApplicable,,So,1,1,1.0000000000000000,1.0000000000000000,CENSUS,131,,,,,,Y,
77530,73733,,FO,N,132,U,N,U,Observer,H,V,Lan,1968-05-11,,1968-05-11,,60,Crew,,,,,,,27.3.a.21,,NotApplicable,,,,,,OTT_CRU_70-89_2_35,OTT,,,,,NotRecorded,NotApplicable,NotRecorded,NotApplicable,,So,1,1,1.0000000000000000,1.0000000000000000,CENSUS,132,,,,,,Y,
77531,73734,,FO,N,133,U,N,U,Observer,H,V,Lan,1968-05-12,,1968-05-12,,60,Crew,,,,,,,27.3.a.21,,NotApplicable,,,,,,OTT_CRU_70-89_2_35,OTT,,,,,NotRecorded,NotApplicable,NotRecorded,NotApplicable,,So,1,1,1.0000000000000000,1.0000000000000000,CENSUS,133,,,,,,Y,
77532,73735,,FO,N,134,U,N,U,Observer,H,V,Lan,1968-05-13,,1968-05-13,,60,Crew,,,,,,,27.3.a.21,,NotApplicable,,,,,,OTT_CRU_70-89_2_35,OTT,,,,,NotRecorded,NotApplicable,NotRecorded,NotApplicable,,So,1,1,1.0000000000000000,1.0000000000000000,CENSUS,134,,,,,,Y,
77533,73736,,FO,N,135,U,N,U,Observer,H,V,Lan,1968-05-14,,1968-05-14,,60,Crew,,,,,,,27.3.a.21,,NotApplicable,,,,,,OTT_CRU_70-89_2_35,OTT,,,,,NotRecorded,NotApplicable,NotRecorded,NotApplicable,,So,1,1,1.0000000000000000,1.0000000000000000,CENSUS,135,,,,,,Y,
77534,73737,,FO,N,136,U,N,U,Observer,H,V,Lan,1968-05-15,,1968-05-15,,60,Crew,,,,,,,27.3.a.21,,NotApplicable,,,,,,OTT_CRU_70-89_2_35,OTT,,,,,NotRecorded,NotApplicable,NotRecorded,NotApplicable,,So,1,1,1.0000000000000000,1.0000000000000000,CENSUS,136,,,,,,Y,
77535,73738,,FO,N,137,U,N,U,Observer,H,V,Lan,1968-05-16,,1968-05-16,,60,Crew,,,,,,,27.3.a.21,,NotApplicable,,,,,,OTT_CRU_70-89_2_35,OTT,,,,,NotRecorded,NotApplicable,NotRecorded,NotApplicable,,So,1,1,1.0000000000000000,1.0000000000000000,CENSUS,137,,,,,,Y,
77536,73739,,FO,N,138,U,N,U,Observer,H,V,Lan,1968-05-17,,1968-05-17,,60,Crew,,,,,,,27.3.a.21,,NotApplicable,,,,,,OTT_CRU_70-89_2_35,OTT,,,,,NotRecorded,NotApplicable,NotRecorded,NotApplicable,,So,1,1,1.0000000000000000,1.0000000000000000,CENSUS,138,,,,,,Y,
77537,73740,,FO,N,139,U,N,U,Observer,H,V,Lan,1968-05-18,,1968-05-18,,60,Crew,,,,,,,27.3.a.21,,NotApplicable,,,,,,OTT_CRU_70-89_2_35,OTT,,,,,NotRecorded,NotApplicable,NotRecorded,NotApplicable,,So,1,1,1.0000000000000000,1.0000000000000000,CENSUS,139,,,,,,Y,
77538,73741,,FO,N,14,U,N,U,Observer,H,V,Lan,1968-01-14,,1968-01-14,,60,Crew,,,,,,,27.3.a.21,,NotApplicable,,,,,,OTT_CRU_70-89_2_35,OTT,,,,,NotRecorded,NotApplicable,NotRecorded,NotApplicable,,So,1,1,1.0000000000000000,1.0000000000000000,CENSUS,14,,,,,,Y,
77539,73742,,FO,N,140,U,N,U,Observer,H,V,Lan,1968-05-19,,1968-05-19,,60,Crew,,,,,,,27.3.a.21,,NotApplicable,,,,,,OTT_CRU_70-89_2_35,OTT,,,,,NotRecorded,NotApplicable,NotRecorded,NotApplicable,,So,1,1,1.0000000000000000,1.0000000000000000,CENSUS,140,,,,,,Y,
77540,73743,,FO,N,141,U,N,U,Observer,H,V,Lan,1968-05-20,,1968-05-20,,60,Crew,,,,,,,27.3.a.21,,NotApplicable,,,,,,OTT_CRU_70-89_2_35,OTT,,,,,NotRecorded,NotApplicable,NotRecorded,NotApplicable,,So,1,1,1.0000000000000000,1.0000000000000000,CENSUS,141,,,,,,Y,
77541,73744,,FO,N,142,U,N,U,Observer,H,V,Lan,1968-05-21,,1968-05-21,,60,Crew,,,,,,,27.3.a.21,,NotApplicable,,,,,,OTT_CRU_70-89_2_35,OTT,,,,,NotRecorded,NotApplicable,NotRecorded,NotApplicable,,So,1,1,1.0000000000000000,1.0000000000000000,CENSUS,142,,,,,,Y,
77542,73745,,FO,N,143,U,N,U,Observer,H,V,Lan,1968-05-22,,1968-05-22,,60,Crew,,,,,,,27.3.a.21,,NotApplicable,,,,,,OTT_CRU_70-89_2_35,OTT,,,,,NotRecorded,NotApplicable,NotRecorded,NotApplicable,,So,1,1,1.0000000000000000,1.0000000000000000,CENSUS,143,,,,,,Y,
77543,73746,,FO,N,144,U,N,U,Observer,H,V,Lan,1968-05-23,,1968-05-23,,60,Crew,,,,,,,27.3.a.21,,NotApplicable,,,,,,OTT_CRU_70-89_2_35,OTT,,,,,NotRecorded,NotApplicable,NotRecorded,NotApplicable,,So,1,1,1.0000000000000000,1.0000000000000000,CENSUS,144,,,,,,Y,
77544,73747,,FO,N,145,U,N,U,Observer,H,V,Lan,1968-05-24,,1968-05-24,,60,Crew,,,,,,,27.3.a.21,,NotApplicable,,,,,,OTT_CRU_70-89_2_35,OTT,,,,,NotRecorded,NotApplicable,NotRecorded,NotApplicable,,So,1,1,1.0000000000000000,1.0000000000000000,CENSUS,145,,,,,,Y,
77545,73748,,FO,N,146,U,N,U,Observer,H,V,Lan,1968-05-25,,1968-05-25,,60,Crew,,,,,,,27.3.a.21,,NotApplicable,,,,,,OTT_CRU_70-89_2_35,OTT,,,,,NotRecorded,NotApplicable,NotRecorded,NotApplicable,,So,1,1,1.0000000000000000,1.0000000000000000,CENSUS,146,,,,,,Y,
77546,73749,,FO,N,147,U,N,U,Observer,H,V,Lan,1968-05-26,,1968-05-26,,60,Crew,,,,,,,27.3.a.21,,NotApplicable,,,,,,OTT_CRU_70-89_2_35,OTT,,,,,NotRecorded,NotApplicable,NotRecorded,NotApplicable,,So,1,1,1.0000000000000000,1.0000000000000000,CENSUS,147,,,,,,Y,
77547,73750,,FO,N,148,U,N,U,Observer,H,V,Lan,1968-05-27,,1968-05-27,,60,Crew,,,,,,,27.3.a.21,,NotApplicable,,,,,,OTT_CRU_70-89_2_35,OTT,,,,,NotRecorded,NotApplicable,NotRecorded,NotApplicable,,So,1,1,1.0000000000000000,1.0000000000000000,CENSUS,148,,,,,,Y,
77548,73751,,FO,N,149,U,N,U,Observer,H,V,Lan,1968-05-28,,1968-05-28,,60,Crew,,,,,,,27.3.a.21,,NotApplicable,,,,,,OTT_CRU_70-89_2_35,OTT,,,,,NotRecorded,NotApplicable,NotRecorded,NotApplicable,,So,1,1,1.0000000000000000,1.0000000000000000,CENSUS,149,,,,,,Y,
77549,73752,,FO,N,15,U,N,U,Observer,H,V,Lan,1968-01-15,,1968-01-15,,60,Crew,,,,,,,27.3.a.21,,NotApplicable,,,,,,OTT_CRU_70-89_2_35,OTT,,,,,NotRecorded,NotApplicable,NotRecorded,NotApplicable,,So,1,1,1.0000000000000000,1.0000000000000000,CENSUS,15,,,,,,Y,
77550,73753,,FO,N,150,U,N,U,Observer,H,V,Lan,1968-05-29,,1968-05-29,,60,Crew,,,,,,,27.3.a.21,,NotApplicable,,,,,,OTT_CRU_70-89_2_35,OTT,,,,,NotRecorded,NotApplicable,NotRecorded,NotApplicable,,So,1,1,1.0000000000000000,1.0000000000000000,CENSUS,150,,,,,,Y,
77551,73754,,FO,N,151,U,N,U,Observer,H,V,Lan,1968-05-30,,1968-05-30,,60,Crew,,,,,,,27.3.a.21,,NotApplicable,,,,,,OTT_CRU_70-89_2_35,OTT,,,,,NotRecorded,NotApplicable,NotRecorded,NotApplicable,,So,1,1,1.0000000000000000,1.0000000000000000,CENSUS,151,,,,,,Y,
77552,73755,,FO,N,152,U,N,U,Observer,H,V,Lan,1968-05-31,,1968-05-31,,60,Crew,,,,,,,27.3.a.21,,NotApplicable,,,,,,OTT_CRU_70-89_2_35,OTT,,,,,NotRecorded,NotApplicable,NotRecorded,NotApplicable,,So,1,1,1.0000000000000000,1.0000000000000000,CENSUS,152,,,,,,Y,
77553,73756,,FO,N,153,U,N,U,Observer,H,V,Lan,1968-06-01,,1968-06-01,,60,Crew,,,,,,,27.3.a.21,,NotApplicable,,,,,,OTT_CRU_70-89_2_35,OTT,,,,,NotRecorded,NotApplicable,NotRecorded,NotApplicable,,So,1,1,1.0000000000000000,1.0000000000000000,CENSUS,153,,,,,,Y,
77554,73757,,FO,N,154,U,N,U,Observer,H,V,Lan,1968-06-02,,1968-06-02,,60,Crew,,,,,,,27.3.a.21,,NotApplicable,,,,,,OTT_CRU_70-89_2_35,OTT,,,,,NotRecorded,NotApplicable,NotRecorded,NotApplicable,,So,1,1,1.0000000000000000,1.0000000000000000,CENSUS,154,,,,,,Y,
77555,73758,,FO,N,155,U,N,U,Observer,H,V,Lan,1968-06-03,,1968-06-03,,60,Crew,,,,,,,27.3.a.21,,NotApplicable,,,,,,OTT_CRU_70-89_2_35,OTT,,,,,NotRecorded,NotApplicable,NotRecorded,NotApplicable,,So,1,1,1.0000000000000000,1.0000000000000000,CENSUS,155,,,,,,Y,
77556,73759,,FO,N,156,U,N,U,Observer,H,V,Lan,1968-06-04,,1968-06-04,,60,Crew,,,,,,,27.3.a.21,,NotApplicable,,,,,,OTT_CRU_70-89_2_35,OTT,,,,,NotRecorded,NotApplicable,NotRecorded,NotApplicable,,So,1,1,1.0000000000000000,1.0000000000000000,CENSUS,156,,,,,,Y,
77557,73760,,FO,N,157,U,N,U,Observer,H,V,Lan,1968-06-05,,1968-06-05,,60,Crew,,,,,,,27.3.a.21,,NotApplicable,,,,,,OTT_CRU_70-89_2_35,OTT,,,,,NotRecorded,NotApplicable,NotRecorded,NotApplicable,,So,1,1,1.0000000000000000,1.0000000000000000,CENSUS,157,,,,,,Y,
77558,73761,,FO,N,158,U,N,U,Observer,H,V,Lan,1968-06-06,,1968-06-06,,60,Crew,,,,,,,27.3.a.21,,NotApplicable,,,,,,OTT_CRU_70-89_2_35,OTT,,,,,NotRecorded,NotApplicable,NotRecorded,NotApplicable,,So,1,1,1.0000000000000000,1.0000000000000000,CENSUS,158,,,,,,Y,
77559,73762,,FO,N,159,U,N,U,Observer,H,V,Lan,1968-06-07,,1968-06-07,,60,Crew,,,,,,,27.3.a.21,,NotApplicable,,,,,,OTT_CRU_70-89_2_35,OTT,,,,,NotRecorded,NotApplicable,NotRecorded,NotApplicable,,So,1,1,1.0000000000000000,1.0000000000000000,CENSUS,159,,,,,,Y,
77560,73763,,FO,N,16,U,N,U,Observer,H,V,Lan,1968-01-16,,1968-01-16,,60,Crew,,,,,,,27.3.a.21,,NotApplicable,,,,,,OTT_CRU_70-89_2_35,OTT,,,,,NotRecorded,NotApplicable,NotRecorded,NotApplicable,,So,1,1,1.0000000000000000,1.0000000000000000,CENSUS,16,,,,,,Y,
77561,73764,,FO,N,160,U,N,U,Observer,H,V,Lan,1968-06-08,,1968-06-08,,60,Crew,,,,,,,27.3.a.21,,NotApplicable,,,,,,OTT_CRU_70-89_2_35,OTT,,,,,NotRecorded,NotApplicable,NotRecorded,NotApplicable,,So,1,1,1.0000000000000000,1.0000000000000000,CENSUS,160,,,,,,Y,
77562,73765,,FO,N,161,U,N,U,Observer,H,V,Lan,1968-06-09,,1968-06-09,,60,Crew,,,,,,,27.3.a.21,,NotApplicable,,,,,,OTT_CRU_70-89_2_35,OTT,,,,,NotRecorded,NotApplicable,NotRecorded,NotApplicable,,So,1,1,1.0000000000000000,1.0000000000000000,CENSUS,161,,,,,,Y,
77563,73766,,FO,N,162,U,N,U,Observer,H,V,Lan,1968-06-10,,1968-06-10,,60,Crew,,,,,,,27.3.a.21,,NotApplicable,,,,,,OTT_CRU_70-89_2_35,OTT,,,,,NotRecorded,NotApplicable,NotRecorded,NotApplicable,,So,1,1,1.0000000000000000,1.0000000000000000,CENSUS,162,,,,,,Y,
77564,73767,,FO,N,163,U,N,U,Observer,H,V,Lan,1968-06-11,,1968-06-11,,60,Crew,,,,,,,27.3.a.21,,NotApplicable,,,,,,OTT_CRU_70-89_2_35,OTT,,,,,NotRecorded,NotApplicable,NotRecorded,NotApplicable,,So,1,1,1.0000000000000000,1.0000000000000000,CENSUS,163,,,,,,Y,
77565,73768,,FO,N,164,U,N,U,Observer,H,V,Lan,1968-06-12,,1968-06-12,,60,Crew,,,,,,,27.3.a.21,,NotApplicable,,,,,,OTT_CRU_70-89_2_35,OTT,,,,,NotRecorded,NotApplicable,NotRecorded,NotApplicable,,So,1,1,1.0000000000000000,1.0000000000000000,CENSUS,164,,,,,,Y,
77566,73769,,FO,N,165,U,N,U,Observer,H,V,Lan,1968-06-13,,1968-06-13,,60,Crew,,,,,,,27.3.a.21,,NotApplicable,,,,,,OTT_CRU_70-89_2_35,OTT,,,,,NotRecorded,NotApplicable,NotRecorded,NotApplicable,,So,1,1,1.0000000000000000,1.0000000000000000,CENSUS,165,,,,,,Y,
77567,73770,,FO,N,166,U,N,U,Observer,H,V,Lan,1968-06-14,,1968-06-14,,60,Crew,,,,,,,27.3.a.21,,NotApplicable,,,,,,OTT_CRU_70-89_2_35,OTT,,,,,NotRecorded,NotApplicable,NotRecorded,NotApplicable,,So,1,1,1.0000000000000000,1.0000000000000000,CENSUS,166,,,,,,Y,
77568,73771,,FO,N,167,U,N,U,Observer,H,V,Lan,1968-06-15,,1968-06-15,,60,Crew,,,,,,,27.3.a.21,,NotApplicable,,,,,,OTT_CRU_70-89_2_35,OTT,,,,,NotRecorded,NotApplicable,NotRecorded,NotApplicable,,So,1,1,1.0000000000000000,1.0000000000000000,CENSUS,167,,,,,,Y,
77569,73772,,FO,N,168,U,N,U,Observer,H,V,Lan,1968-06-16,,1968-06-16,,60,Crew,,,,,,,27.3.a.21,,NotApplicable,,,,,,OTT_CRU_70-89_2_35,OTT,,,,,NotRecorded,NotApplicable,NotRecorded,NotApplicable,,So,1,1,1.0000000000000000,1.0000000000000000,CENSUS,168,,,,,,Y,
77570,73773,,FO,N,169,U,N,U,Observer,H,V,Lan,1968-06-17,,1968-06-17,,60,Crew,,,,,,,27.3.a.21,,NotApplicable,,,,,,OTT_CRU_70-89_2_35,OTT,,,,,NotRecorded,NotApplicable,NotRecorded,NotApplicable,,So,1,1,1.0000000000000000,1.0000000000000000,CENSUS,169,,,,,,Y,
77571,73774,,FO,N,17,U,N,U,Observer,H,V,Lan,1968-01-17,,1968-01-17,,60,Crew,,,,,,,27.3.a.21,,NotApplicable,,,,,,OTT_CRU_70-89_2_35,OTT,,,,,NotRecorded,NotApplicable,NotRecorded,NotApplicable,,So,1,1,1.0000000000000000,1.0000000000000000,CENSUS,17,,,,,,Y,
77572,73775,,FO,N,170,U,N,U,Observer,H,V,Lan,1968-06-18,,1968-06-18,,60,Crew,,,,,,,27.3.a.21,,NotApplicable,,,,,,OTT_CRU_70-89_2_35,OTT,,,,,NotRecorded,NotApplicable,NotRecorded,NotApplicable,,So,1,1,1.0000000000000000,1.0000000000000000,CENSUS,170,,,,,,Y,
77573,73776,,FO,N,171,U,N,U,Observer,H,V,Lan,1968-06-19,,1968-06-19,,60,Crew,,,,,,,27.3.a.21,,NotApplicable,,,,,,OTT_CRU_70-89_2_35,OTT,,,,,NotRecorded,NotApplicable,NotRecorded,NotApplicable,,So,1,1,1.0000000000000000,1.0000000000000000,CENSUS,171,,,,,,Y,
77574,73777,,FO,N,172,U,N,U,Observer,H,V,Lan,1968-06-20,,1968-06-20,,60,Crew,,,,,,,27.3.a.21,,NotApplicable,,,,,,OTT_CRU_70-89_2_35,OTT,,,,,NotRecorded,NotApplicable,NotRecorded,NotApplicable,,So,1,1,1.0000000000000000,1.0000000000000000,CENSUS,172,,,,,,Y,
77575,73778,,FO,N,173,U,N,U,Observer,H,V,Lan,1968-06-21,,1968-06-21,,60,Crew,,,,,,,27.3.a.21,,NotApplicable,,,,,,OTT_CRU_70-89_2_35,OTT,,,,,NotRecorded,NotApplicable,NotRecorded,NotApplicable,,So,1,1,1.0000000000000000,1.0000000000000000,CENSUS,173,,,,,,Y,
77576,73779,,FO,N,174,U,N,U,Observer,H,V,Lan,1968-06-22,,1968-06-22,,60,Crew,,,,,,,27.3.a.21,,NotApplicable,,,,,,OTT_CRU_70-89_2_35,OTT,,,,,NotRecorded,NotApplicable,NotRecorded,NotApplicable,,So,1,1,1.0000000000000000,1.0000000000000000,CENSUS,174,,,,,,Y,
77577,73780,,FO,N,175,U,N,U,Observer,H,V,Lan,1968-06-23,,1968-06-23,,60,Crew,,,,,,,27.3.a.21,,NotApplicable,,,,,,OTT_CRU_70-89_2_35,OTT,,,,,NotRecorded,NotApplicable,NotRecorded,NotApplicable,,So,1,1,1.0000000000000000,1.0000000000000000,CENSUS,175,,,,,,Y,
77578,73781,,FO,N,176,U,N,U,Observer,H,V,Lan,1968-06-24,,1968-06-24,,60,Crew,,,,,,,27.3.a.21,,NotApplicable,,,,,,OTT_CRU_70-89_2_35,OTT,,,,,NotRecorded,NotApplicable,NotRecorded,NotApplicable,,So,1,1,1.0000000000000000,1.0000000000000000,CENSUS,176,,,,,,Y,
77579,73782,,FO,N,177,U,N,U,Observer,H,V,Lan,1968-06-25,,1968-06-25,,60,Crew,,,,,,,27.3.a.21,,NotApplicable,,,,,,OTT_CRU_70-89_2_35,OTT,,,,,NotRecorded,NotApplicable,NotRecorded,NotApplicable,,So,1,1,1.0000000000000000,1.0000000000000000,CENSUS,177,,,,,,Y,
77580,73783,,FO,N,178,U,N,U,Observer,H,V,Lan,1968-06-26,,1968-06-26,,60,Crew,,,,,,,27.3.a.21,,NotApplicable,,,,,,OTT_CRU_70-89_2_35,OTT,,,,,NotRecorded,NotApplicable,NotRecorded,NotApplicable,,So,1,1,1.0000000000000000,1.0000000000000000,CENSUS,178,,,,,,Y,
77581,73784,,FO,N,179,U,N,U,Observer,H,V,Lan,1968-06-27,,1968-06-27,,60,Crew,,,,,,,27.3.a.21,,NotApplicable,,,,,,OTT_CRU_70-89_2_35,OTT,,,,,NotRecorded,NotApplicable,NotRecorded,NotApplicable,,So,1,1,1.0000000000000000,1.0000000000000000,CENSUS,179,,,,,,Y,
77582,73785,,FO,N,18,U,N,U,Observer,H,V,Lan,1968-01-18,,1968-01-18,,60,Crew,,,,,,,27.3.a.21,,NotApplicable,,,,,,OTT_CRU_70-89_2_35,OTT,,,,,NotRecorded,NotApplicable,NotRecorded,NotApplicable,,So,1,1,1.0000000000000000,1.0000000000000000,CENSUS,18,,,,,,Y,
77583,73786,,FO,N,180,U,N,U,Observer,H,V,Lan,1968-06-28,,1968-06-28,,60,Crew,,,,,,,27.3.a.21,,NotApplicable,,,,,,OTT_CRU_70-89_2_35,OTT,,,,,NotRecorded,NotApplicable,NotRecorded,NotApplicable,,So,1,1,1.0000000000000000,1.0000000000000000,CENSUS,180,,,,,,Y,
77584,73787,,FO,N,181,U,N,U,Observer,H,V,Lan,1968-06-29,,1968-06-29,,60,Crew,,,,,,,27.3.a.21,,NotApplicable,,,,,,OTT_CRU_70-89_2_35,OTT,,,,,NotRecorded,NotApplicable,NotRecorded,NotApplicable,,So,1,1,1.0000000000000000,1.0000000000000000,CENSUS,181,,,,,,Y,
77585,73788,,FO,N,182,U,N,U,Observer,H,V,Lan,1968-06-30,,1968-06-30,,60,Crew,,,,,,,27.3.a.21,,NotApplicable,,,,,,OTT_CRU_70-89_2_35,OTT,,,,,NotRecorded,NotApplicable,NotRecorded,NotApplicable,,So,1,1,1.0000000000000000,1.0000000000000000,CENSUS,182,,,,,,Y,
77586,73789,,FO,N,183,U,N,U,Observer,H,V,Lan,1968-07-01,,1968-07-01,,60,Crew,,,,,,,27.3.a.21,,NotApplicable,,,,,,OTT_CRU_70-89_2_35,OTT,,,,,NotRecorded,NotApplicable,NotRecorded,NotApplicable,,So,1,1,1.0000000000000000,1.0000000000000000,CENSUS,183,,,,,,Y,
77587,73790,,FO,N,184,U,N,U,Observer,H,V,Lan,1968-07-02,,1968-07-02,,60,Crew,,,,,,,27.3.a.21,,NotApplicable,,,,,,OTT_CRU_70-89_2_35,OTT,,,,,NotRecorded,NotApplicable,NotRecorded,NotApplicable,,So,1,1,1.0000000000000000,1.0000000000000000,CENSUS,184,,,,,,Y,
77588,73791,,FO,N,185,U,N,U,Observer,H,V,Lan,1968-07-03,,1968-07-03,,60,Crew,,,,,,,27.3.a.21,,NotApplicable,,,,,,OTT_CRU_70-89_2_35,OTT,,,,,NotRecorded,NotApplicable,NotRecorded,NotApplicable,,So,1,1,1.0000000000000000,1.0000000000000000,CENSUS,185,,,,,,Y,
77589,73792,,FO,N,186,U,N,U,Observer,H,V,Lan,1968-07-04,,1968-07-04,,60,Crew,,,,,,,27.3.a.21,,NotApplicable,,,,,,OTT_CRU_70-89_2_35,OTT,,,,,NotRecorded,NotApplicable,NotRecorded,NotApplicable,,So,1,1,1.0000000000000000,1.0000000000000000,CENSUS,186,,,,,,Y,
77590,73793,,FO,N,187,U,N,U,Observer,H,V,Lan,1968-07-05,,1968-07-05,,60,Crew,,,,,,,27.3.a.21,,NotApplicable,,,,,,OTT_CRU_70-89_2_35,OTT,,,,,NotRecorded,NotApplicable,NotRecorded,NotApplicable,,So,1,1,1.0000000000000000,1.0000000000000000,CENSUS,187,,,,,,Y,
77591,73794,,FO,N,188,U,N,U,Observer,H,V,Lan,1968-07-06,,1968-07-06,,60,Crew,,,,,,,27.3.a.21,,NotApplicable,,,,,,OTT_CRU_70-89_2_35,OTT,,,,,NotRecorded,NotApplicable,NotRecorded,NotApplicable,,So,1,1,1.0000000000000000,1.0000000000000000,CENSUS,188,,,,,,Y,
77592,73795,,FO,N,189,U,N,U,Observer,H,V,Lan,1968-07-07,,1968-07-07,,60,Crew,,,,,,,27.3.a.21,,NotApplicable,,,,,,OTT_CRU_70-89_2_35,OTT,,,,,NotRecorded,NotApplicable,NotRecorded,NotApplicable,,So,1,1,1.0000000000000000,1.0000000000000000,CENSUS,189,,,,,,Y,
77593,73796,,FO,N,19,U,N,U,Observer,H,V,Lan,1968-01-19,,1968-01-19,,60,Crew,,,,,,,27.3.a.21,,NotApplicable,,,,,,OTT_CRU_70-89_2_35,OTT,,,,,NotRecorded,NotApplicable,NotRecorded,NotApplicable,,So,1,1,1.0000000000000000,1.0000000000000000,CENSUS,19,,,,,,Y,
77594,73797,,FO,N,190,U,N,U,Observer,H,V,Lan,1968-07-08,,1968-07-08,,60,Crew,,,,,,,27.3.a.21,,NotApplicable,,,,,,OTT_CRU_70-89_2_35,OTT,,,,,NotRecorded,NotApplicable,NotRecorded,NotApplicable,,So,1,1,1.0000000000000000,1.0000000000000000,CENSUS,190,,,,,,Y,
77595,73798,,FO,N,191,U,N,U,Observer,H,V,Lan,1968-07-09,,1968-07-09,,60,Crew,,,,,,,27.3.a.21,,NotApplicable,,,,,,OTT_CRU_70-89_2_35,OTT,,,,,NotRecorded,NotApplicable,NotRecorded,NotApplicable,,So,1,1,1.0000000000000000,1.0000000000000000,CENSUS,191,,,,,,Y,
77596,73799,,FO,N,192,U,N,U,Observer,H,V,Lan,1968-07-10,,1968-07-10,,60,Crew,,,,,,,27.3.a.21,,NotApplicable,,,,,,OTT_CRU_70-89_2_35,OTT,,,,,NotRecorded,NotApplicable,NotRecorded,NotApplicable,,So,1,1,1.0000000000000000,1.0000000000000000,CENSUS,192,,,,,,Y,
77597,73800,,FO,N,193,U,N,U,Observer,H,V,Lan,1968-07-11,,1968-07-11,,60,Crew,,,,,,,27.3.a.21,,NotApplicable,,,,,,OTT_CRU_70-89_2_35,OTT,,,,,NotRecorded,NotApplicable,NotRecorded,NotApplicable,,So,1,1,1.0000000000000000,1.0000000000000000,CENSUS,193,,,,,,Y,
77598,73801,,FO,N,194,U,N,U,Observer,H,V,Lan,1968-07-12,,1968-07-12,,60,Crew,,,,,,,27.3.a.21,,NotApplicable,,,,,,OTT_CRU_70-89_2_35,OTT,,,,,NotRecorded,NotApplicable,NotRecorded,NotApplicable,,So,1,1,1.0000000000000000,1.0000000000000000,CENSUS,194,,,,,,Y,
77599,73802,,FO,N,195,U,N,U,Observer,H,V,Lan,1968-07-13,,1968-07-13,,60,Crew,,,,,,,27.3.a.21,,NotApplicable,,,,,,OTT_CRU_70-89_2_35,OTT,,,,,NotRecorded,NotApplicable,NotRecorded,NotApplicable,,So,1,1,1.0000000000000000,1.0000000000000000,CENSUS,195,,,,,,Y,
77600,73803,,FO,N,196,U,N,U,Observer,H,V,Lan,1968-07-14,,1968-07-14,,60,Crew,,,,,,,27.3.a.21,,NotApplicable,,,,,,OTT_CRU_70-89_2_35,OTT,,,,,NotRecorded,NotApplicable,NotRecorded,NotApplicable,,So,1,1,1.0000000000000000,1.0000000000000000,CENSUS,196,,,,,,Y,
77601,73804,,FO,N,197,U,N,U,Observer,H,V,Lan,1968-07-15,,1968-07-15,,60,Crew,,,,,,,27.3.a.21,,NotApplicable,,,,,,OTT_CRU_70-89_2_35,OTT,,,,,NotRecorded,NotApplicable,NotRecorded,NotApplicable,,So,1,1,1.0000000000000000,1.0000000000000000,CENSUS,197,,,,,,Y,
77602,73805,,FO,N,198,U,N,U,Observer,H,V,Lan,1968-07-16,,1968-07-16,,60,Crew,,,,,,,27.3.a.21,,NotApplicable,,,,,,OTT_CRU_70-89_2_35,OTT,,,,,NotRecorded,NotApplicable,NotRecorded,NotApplicable,,So,1,1,1.0000000000000000,1.0000000000000000,CENSUS,198,,,,,,Y,
77603,73806,,FO,N,199,U,N,U,Observer,H,V,Lan,1968-07-17,,1968-07-17,,60,Crew,,,,,,,27.3.a.21,,NotApplicable,,,,,,OTT_CRU_70-89_2_35,OTT,,,,,NotRecorded,NotApplicable,NotRecorded,NotApplicable,,So,1,1,1.0000000000000000,1.0000000000000000,CENSUS,199,,,,,,Y,
77604,73807,,FO,N,2,U,N,U,Observer,H,V,Lan,1968-01-02,,1968-01-02,,60,Crew,,,,,,,27.3.a.21,,NotApplicable,,,,,,OTT_CRU_70-89_2_35,OTT,,,,,NotRecorded,NotApplicable,NotRecorded,NotApplicable,,So,1,1,1.0000000000000000,1.0000000000000000,CENSUS,2,,,,,,Y,
77605,73808,,FO,N,20,U,N,U,Observer,H,V,Lan,1968-01-20,,1968-01-20,,60,Crew,,,,,,,27.3.a.21,,NotApplicable,,,,,,OTT_CRU_70-89_2_35,OTT,,,,,NotRecorded,NotApplicable,NotRecorded,NotApplicable,,So,1,1,1.0000000000000000,1.0000000000000000,CENSUS,20,,,,,,Y,
77606,73809,,FO,N,200,U,N,U,Observer,H,V,Lan,1968-07-18,,1968-07-18,,60,Crew,,,,,,,27.3.a.21,,NotApplicable,,,,,,OTT_CRU_70-89_2_35,OTT,,,,,NotRecorded,NotApplicable,NotRecorded,NotApplicable,,So,1,1,1.0000000000000000,1.0000000000000000,CENSUS,200,,,,,,Y,
77607,73810,,FO,N,201,U,N,U,Observer,H,V,Lan,1968-07-19,,1968-07-19,,60,Crew,,,,,,,27.3.a.21,,NotApplicable,,,,,,OTT_CRU_70-89_2_35,OTT,,,,,NotRecorded,NotApplicable,NotRecorded,NotApplicable,,So,1,1,1.0000000000000000,1.0000000000000000,CENSUS,201,,,,,,Y,
77608,73811,,FO,N,202,U,N,U,Observer,H,V,Lan,1968-07-20,,1968-07-20,,60,Crew,,,,,,,27.3.a.21,,NotApplicable,,,,,,OTT_CRU_70-89_2_35,OTT,,,,,NotRecorded,NotApplicable,NotRecorded,NotApplicable,,So,1,1,1.0000000000000000,1.0000000000000000,CENSUS,202,,,,,,Y,
77609,73812,,FO,N,203,U,N,U,Observer,H,V,Lan,1968-07-21,,1968-07-21,,60,Crew,,,,,,,27.3.a.21,,NotApplicable,,,,,,OTT_CRU_70-89_2_35,OTT,,,,,NotRecorded,NotApplicable,NotRecorded,NotApplicable,,So,1,1,1.0000000000000000,1.0000000000000000,CENSUS,203,,,,,,Y,
77610,73813,,FO,N,204,U,N,U,Observer,H,V,Lan,1968-07-22,,1968-07-22,,60,Crew,,,,,,,27.3.a.21,,NotApplicable,,,,,,OTT_CRU_70-89_2_35,OTT,,,,,NotRecorded,NotApplicable,NotRecorded,NotApplicable,,So,1,1,1.0000000000000000,1.0000000000000000,CENSUS,204,,,,,,Y,
77611,73814,,FO,N,205,U,N,U,Observer,H,V,Lan,1968-07-23,,1968-07-23,,60,Crew,,,,,,,27.3.a.21,,NotApplicable,,,,,,OTT_CRU_70-89_2_35,OTT,,,,,NotRecorded,NotApplicable,NotRecorded,NotApplicable,,So,1,1,1.0000000000000000,1.0000000000000000,CENSUS,205,,,,,,Y,
77612,73815,,FO,N,206,U,N,U,Observer,H,V,Lan,1968-07-24,,1968-07-24,,60,Crew,,,,,,,27.3.a.21,,NotApplicable,,,,,,OTT_CRU_70-89_2_35,OTT,,,,,NotRecorded,NotApplicable,NotRecorded,NotApplicable,,So,1,1,1.0000000000000000,1.0000000000000000,CENSUS,206,,,,,,Y,
77613,73816,,FO,N,207,U,N,U,Observer,H,V,Lan,1968-07-25,,1968-07-25,,60,Crew,,,,,,,27.3.a.21,,NotApplicable,,,,,,OTT_CRU_70-89_2_35,OTT,,,,,NotRecorded,NotApplicable,NotRecorded,NotApplicable,,So,1,1,1.0000000000000000,1.0000000000000000,CENSUS,207,,,,,,Y,
77614,73817,,FO,N,208,U,N,U,Observer,H,V,Lan,1968-07-26,,1968-07-26,,60,Crew,,,,,,,27.3.a.21,,NotApplicable,,,,,,OTT_CRU_70-89_2_35,OTT,,,,,NotRecorded,NotApplicable,NotRecorded,NotApplicable,,So,1,1,1.0000000000000000,1.0000000000000000,CENSUS,208,,,,,,Y,
77615,73818,,FO,N,209,U,N,U,Observer,H,V,Lan,1968-07-27,,1968-07-27,,60,Crew,,,,,,,27.3.a.21,,NotApplicable,,,,,,OTT_CRU_70-89_2_35,OTT,,,,,NotRecorded,NotApplicable,NotRecorded,NotApplicable,,So,1,1,1.0000000000000000,1.0000000000000000,CENSUS,209,,,,,,Y,
77616,73819,,FO,N,21,U,N,U,Observer,H,V,Lan,1968-01-21,,1968-01-21,,60,Crew,,,,,,,27.3.a.21,,NotApplicable,,,,,,OTT_CRU_70-89_2_35,OTT,,,,,NotRecorded,NotApplicable,NotRecorded,NotApplicable,,So,1,1,1.0000000000000000,1.0000000000000000,CENSUS,21,,,,,,Y,
77617,73820,,FO,N,210,U,N,U,Observer,H,V,Lan,1968-07-28,,1968-07-28,,60,Crew,,,,,,,27.3.a.21,,NotApplicable,,,,,,OTT_CRU_70-89_2_35,OTT,,,,,NotRecorded,NotApplicable,NotRecorded,NotApplicable,,So,1,1,1.0000000000000000,1.0000000000000000,CENSUS,210,,,,,,Y,
77618,73821,,FO,N,211,U,N,U,Observer,H,V,Lan,1968-07-29,,1968-07-29,,60,Crew,,,,,,,27.3.a.21,,NotApplicable,,,,,,OTT_CRU_70-89_2_35,OTT,,,,,NotRecorded,NotApplicable,NotRecorded,NotApplicable,,So,1,1,1.0000000000000000,1.0000000000000000,CENSUS,211,,,,,,Y,
77619,73822,,FO,N,212,U,N,U,Observer,H,V,Lan,1968-07-30,,1968-07-30,,60,Crew,,,,,,,27.3.a.21,,NotApplicable,,,,,,OTT_CRU_70-89_2_35,OTT,,,,,NotRecorded,NotApplicable,NotRecorded,NotApplicable,,So,1,1,1.0000000000000000,1.0000000000000000,CENSUS,212,,,,,,Y,
77620,73823,,FO,N,213,U,N,U,Observer,H,V,Lan,1968-07-31,,1968-07-31,,60,Crew,,,,,,,27.3.a.21,,NotApplicable,,,,,,OTT_CRU_70-89_2_35,OTT,,,,,NotRecorded,NotApplicable,NotRecorded,NotApplicable,,So,1,1,1.0000000000000000,1.0000000000000000,CENSUS,213,,,,,,Y,
77621,73824,,FO,N,214,U,N,U,Observer,H,V,Lan,1968-08-01,,1968-08-01,,60,Crew,,,,,,,27.3.a.21,,NotApplicable,,,,,,OTT_CRU_70-89_2_35,OTT,,,,,NotRecorded,NotApplicable,NotRecorded,NotApplicable,,So,1,1,1.0000000000000000,1.0000000000000000,CENSUS,214,,,,,,Y,
77622,73825,,FO,N,215,U,N,U,Observer,H,V,Lan,1968-08-02,,1968-08-02,,60,Crew,,,,,,,27.3.a.21,,NotApplicable,,,,,,OTT_CRU_70-89_2_35,OTT,,,,,NotRecorded,NotApplicable,NotRecorded,NotApplicable,,So,1,1,1.0000000000000000,1.0000000000000000,CENSUS,215,,,,,,Y,
77623,73826,,FO,N,216,U,N,U,Observer,H,V,Lan,1968-08-03,,1968-08-03,,60,Crew,,,,,,,27.3.a.21,,NotApplicable,,,,,,OTT_CRU_70-89_2_35,OTT,,,,,NotRecorded,NotApplicable,NotRecorded,NotApplicable,,So,1,1,1.0000000000000000,1.0000000000000000,CENSUS,216,,,,,,Y,
77624,73827,,FO,N,217,U,N,U,Observer,H,V,Lan,1968-08-04,,1968-08-04,,60,Crew,,,,,,,27.3.a.21,,NotApplicable,,,,,,OTT_CRU_70-89_2_35,OTT,,,,,NotRecorded,NotApplicable,NotRecorded,NotApplicable,,So,1,1,1.0000000000000000,1.0000000000000000,CENSUS,217,,,,,,Y,
77625,73828,,FO,N,218,U,N,U,Observer,H,V,Lan,1968-08-05,,1968-08-05,,60,Crew,,,,,,,27.3.a.21,,NotApplicable,,,,,,OTT_CRU_70-89_2_35,OTT,,,,,NotRecorded,NotApplicable,NotRecorded,NotApplicable,,So,1,1,1.0000000000000000,1.0000000000000000,CENSUS,218,,,,,,Y,
77626,73829,,FO,N,219,U,N,U,Observer,H,V,Lan,1968-08-06,,1968-08-06,,60,Crew,,,,,,,27.3.a.21,,NotApplicable,,,,,,OTT_CRU_70-89_2_35,OTT,,,,,NotRecorded,NotApplicable,NotRecorded,NotApplicable,,So,1,1,1.0000000000000000,1.0000000000000000,CENSUS,219,,,,,,Y,
77627,73830,,FO,N,22,U,N,U,Observer,H,V,Lan,1968-01-22,,1968-01-22,,60,Crew,,,,,,,27.3.a.21,,NotApplicable,,,,,,OTT_CRU_70-89_2_35,OTT,,,,,NotRecorded,NotApplicable,NotRecorded,NotApplicable,,So,1,1,1.0000000000000000,1.0000000000000000,CENSUS,22,,,,,,Y,
77628,73831,,FO,N,220,U,N,U,Observer,H,V,Lan,1968-08-07,,1968-08-07,,60,Crew,,,,,,,27.3.a.21,,NotApplicable,,,,,,OTT_CRU_70-89_2_35,OTT,,,,,NotRecorded,NotApplicable,NotRecorded,NotApplicable,,So,1,1,1.0000000000000000,1.0000000000000000,CENSUS,220,,,,,,Y,
77629,73832,,FO,N,221,U,N,U,Observer,H,V,Lan,1968-08-08,,1968-08-08,,60,Crew,,,,,,,27.3.a.21,,NotApplicable,,,,,,OTT_CRU_70-89_2_35,OTT,,,,,NotRecorded,NotApplicable,NotRecorded,NotApplicable,,So,1,1,1.0000000000000000,1.0000000000000000,CENSUS,221,,,,,,Y,
77630,73833,,FO,N,222,U,N,U,Observer,H,V,Lan,1968-08-09,,1968-08-09,,60,Crew,,,,,,,27.3.a.21,,NotApplicable,,,,,,OTT_CRU_70-89_2_35,OTT,,,,,NotRecorded,NotApplicable,NotRecorded,NotApplicable,,So,1,1,1.0000000000000000,1.0000000000000000,CENSUS,222,,,,,,Y,
77631,73834,,FO,N,223,U,N,U,Observer,H,V,Lan,1968-08-10,,1968-08-10,,60,Crew,,,,,,,27.3.a.21,,NotApplicable,,,,,,OTT_CRU_70-89_2_35,OTT,,,,,NotRecorded,NotApplicable,NotRecorded,NotApplicable,,So,1,1,1.0000000000000000,1.0000000000000000,CENSUS,223,,,,,,Y,
77632,73835,,FO,N,224,U,N,U,Observer,H,V,Lan,1968-08-11,,1968-08-11,,60,Crew,,,,,,,27.3.a.21,,NotApplicable,,,,,,OTT_CRU_70-89_2_35,OTT,,,,,NotRecorded,NotApplicable,NotRecorded,NotApplicable,,So,1,1,1.0000000000000000,1.0000000000000000,CENSUS,224,,,,,,Y,
77633,73836,,FO,N,225,U,N,U,Observer,H,V,Lan,1968-08-12,,1968-08-12,,60,Crew,,,,,,,27.3.a.21,,NotApplicable,,,,,,OTT_CRU_70-89_2_35,OTT,,,,,NotRecorded,NotApplicable,NotRecorded,NotApplicable,,So,1,1,1.0000000000000000,1.0000000000000000,CENSUS,225,,,,,,Y,
77634,73837,,FO,N,226,U,N,U,Observer,H,V,Lan,1968-08-13,,1968-08-13,,60,Crew,,,,,,,27.3.a.21,,NotApplicable,,,,,,OTT_CRU_70-89_2_35,OTT,,,,,NotRecorded,NotApplicable,NotRecorded,NotApplicable,,So,1,1,1.0000000000000000,1.0000000000000000,CENSUS,226,,,,,,Y,
77635,73838,,FO,N,227,U,N,U,Observer,H,V,Lan,1968-08-14,,1968-08-14,,60,Crew,,,,,,,27.3.a.21,,NotApplicable,,,,,,OTT_CRU_70-89_2_35,OTT,,,,,NotRecorded,NotApplicable,NotRecorded,NotApplicable,,So,1,1,1.0000000000000000,1.0000000000000000,CENSUS,227,,,,,,Y,
77636,73839,,FO,N,228,U,N,U,Observer,H,V,Lan,1968-08-15,,1968-08-15,,60,Crew,,,,,,,27.3.a.21,,NotApplicable,,,,,,OTT_CRU_70-89_2_35,OTT,,,,,NotRecorded,NotApplicable,NotRecorded,NotApplicable,,So,1,1,1.0000000000000000,1.0000000000000000,CENSUS,228,,,,,,Y,
77637,73840,,FO,N,229,U,N,U,Observer,H,V,Lan,1968-08-16,,1968-08-16,,60,Crew,,,,,,,27.3.a.21,,NotApplicable,,,,,,OTT_CRU_70-89_2_35,OTT,,,,,NotRecorded,NotApplicable,NotRecorded,NotApplicable,,So,1,1,1.0000000000000000,1.0000000000000000,CENSUS,229,,,,,,Y,
77638,73841,,FO,N,23,U,N,U,Observer,H,V,Lan,1968-01-23,,1968-01-23,,60,Crew,,,,,,,27.3.a.21,,NotApplicable,,,,,,OTT_CRU_70-89_2_35,OTT,,,,,NotRecorded,NotApplicable,NotRecorded,NotApplicable,,So,1,1,1.0000000000000000,1.0000000000000000,CENSUS,23,,,,,,Y,
77639,73842,,FO,N,230,U,N,U,Observer,H,V,Lan,1968-08-17,,1968-08-17,,60,Crew,,,,,,,27.3.a.21,,NotApplicable,,,,,,OTT_CRU_70-89_2_35,OTT,,,,,NotRecorded,NotApplicable,NotRecorded,NotApplicable,,So,1,1,1.0000000000000000,1.0000000000000000,CENSUS,230,,,,,,Y,
77640,73843,,FO,N,231,U,N,U,Observer,H,V,Lan,1968-08-18,,1968-08-18,,60,Crew,,,,,,,27.3.a.21,,NotApplicable,,,,,,OTT_CRU_70-89_2_35,OTT,,,,,NotRecorded,NotApplicable,NotRecorded,NotApplicable,,So,1,1,1.0000000000000000,1.0000000000000000,CENSUS,231,,,,,,Y,
77641,73844,,FO,N,232,U,N,U,Observer,H,V,Lan,1968-08-19,,1968-08-19,,60,Crew,,,,,,,27.3.a.21,,NotApplicable,,,,,,OTT_CRU_70-89_2_35,OTT,,,,,NotRecorded,NotApplicable,NotRecorded,NotApplicable,,So,1,1,1.0000000000000000,1.0000000000000000,CENSUS,232,,,,,,Y,
77642,73845,,FO,N,233,U,N,U,Observer,H,V,Lan,1968-08-20,,1968-08-20,,60,Crew,,,,,,,27.3.a.21,,NotApplicable,,,,,,OTT_CRU_70-89_2_35,OTT,,,,,NotRecorded,NotApplicable,NotRecorded,NotApplicable,,So,1,1,1.0000000000000000,1.0000000000000000,CENSUS,233,,,,,,Y,
77643,73846,,FO,N,234,U,N,U,Observer,H,V,Lan,1968-08-21,,1968-08-21,,60,Crew,,,,,,,27.3.a.21,,NotApplicable,,,,,,OTT_CRU_70-89_2_35,OTT,,,,,NotRecorded,NotApplicable,NotRecorded,NotApplicable,,So,1,1,1.0000000000000000,1.0000000000000000,CENSUS,234,,,,,,Y,
77644,73847,,FO,N,235,U,N,U,Observer,H,V,Lan,1968-08-22,,1968-08-22,,60,Crew,,,,,,,27.3.a.21,,NotApplicable,,,,,,OTT_CRU_70-89_2_35,OTT,,,,,NotRecorded,NotApplicable,NotRecorded,NotApplicable,,So,1,1,1.0000000000000000,1.0000000000000000,CENSUS,235,,,,,,Y,
77645,73848,,FO,N,236,U,N,U,Observer,H,V,Lan,1968-08-23,,1968-08-23,,60,Crew,,,,,,,27.3.a.21,,NotApplicable,,,,,,OTT_CRU_70-89_2_35,OTT,,,,,NotRecorded,NotApplicable,NotRecorded,NotApplicable,,So,1,1,1.0000000000000000,1.0000000000000000,CENSUS,236,,,,,,Y,
77646,73849,,FO,N,237,U,N,U,Observer,H,V,Lan,1968-08-24,,1968-08-24,,60,Crew,,,,,,,27.3.a.21,,NotApplicable,,,,,,OTT_CRU_70-89_2_35,OTT,,,,,NotRecorded,NotApplicable,NotRecorded,NotApplicable,,So,1,1,1.0000000000000000,1.0000000000000000,CENSUS,237,,,,,,Y,
77647,73850,,FO,N,238,U,N,U,Observer,H,V,Lan,1968-08-25,,1968-08-25,,60,Crew,,,,,,,27.3.a.21,,NotApplicable,,,,,,OTT_CRU_70-89_2_35,OTT,,,,,NotRecorded,NotApplicable,NotRecorded,NotApplicable,,So,1,1,1.0000000000000000,1.0000000000000000,CENSUS,238,,,,,,Y,
77648,73851,,FO,N,239,U,N,U,Observer,H,V,Lan,1968-08-26,,1968-08-26,,60,Crew,,,,,,,27.3.a.21,,NotApplicable,,,,,,OTT_CRU_70-89_2_35,OTT,,,,,NotRecorded,NotApplicable,NotRecorded,NotApplicable,,So,1,1,1.0000000000000000,1.0000000000000000,CENSUS,239,,,,,,Y,
77649,73852,,FO,N,24,U,N,U,Observer,H,V,Lan,1968-01-24,,1968-01-24,,60,Crew,,,,,,,27.3.a.21,,NotApplicable,,,,,,OTT_CRU_70-89_2_35,OTT,,,,,NotRecorded,NotApplicable,NotRecorded,NotApplicable,,So,1,1,1.0000000000000000,1.0000000000000000,CENSUS,24,,,,,,Y,
77650,73853,,FO,N,240,U,N,U,Observer,H,V,Lan,1968-08-27,,1968-08-27,,60,Crew,,,,,,,27.3.a.21,,NotApplicable,,,,,,OTT_CRU_70-89_2_35,OTT,,,,,NotRecorded,NotApplicable,NotRecorded,NotApplicable,,So,1,1,1.0000000000000000,1.0000000000000000,CENSUS,240,,,,,,Y,
77651,73854,,FO,N,241,U,N,U,Observer,H,V,Lan,1968-08-28,,1968-08-28,,60,Crew,,,,,,,27.3.a.21,,NotApplicable,,,,,,OTT_CRU_70-89_2_35,OTT,,,,,NotRecorded,NotApplicable,NotRecorded,NotApplicable,,So,1,1,1.0000000000000000,1.0000000000000000,CENSUS,241,,,,,,Y,
77652,73855,,FO,N,242,U,N,U,Observer,H,V,Lan,1968-08-29,,1968-08-29,,60,Crew,,,,,,,27.3.a.21,,NotApplicable,,,,,,OTT_CRU_70-89_2_35,OTT,,,,,NotRecorded,NotApplicable,NotRecorded,NotApplicable,,So,1,1,1.0000000000000000,1.0000000000000000,CENSUS,242,,,,,,Y,
77653,73856,,FO,N,243,U,N,U,Observer,H,V,Lan,1968-08-30,,1968-08-30,,60,Crew,,,,,,,27.3.a.21,,NotApplicable,,,,,,OTT_CRU_70-89_2_35,OTT,,,,,NotRecorded,NotApplicable,NotRecorded,NotApplicable,,So,1,1,1.0000000000000000,1.0000000000000000,CENSUS,243,,,,,,Y,
77654,73857,,FO,N,244,U,N,U,Observer,H,V,Lan,1968-08-31,,1968-08-31,,60,Crew,,,,,,,27.3.a.21,,NotApplicable,,,,,,OTT_CRU_70-89_2_35,OTT,,,,,NotRecorded,NotApplicable,NotRecorded,NotApplicable,,So,1,1,1.0000000000000000,1.0000000000000000,CENSUS,244,,,,,,Y,
77655,73858,,FO,N,245,U,N,U,Observer,H,V,Lan,1968-09-01,,1968-09-01,,60,Crew,,,,,,,27.3.a.21,,NotApplicable,,,,,,OTT_CRU_70-89_2_35,OTT,,,,,NotRecorded,NotApplicable,NotRecorded,NotApplicable,,So,1,1,1.0000000000000000,1.0000000000000000,CENSUS,245,,,,,,Y,
77656,73859,,FO,N,246,U,N,U,Observer,H,V,Lan,1968-09-02,,1968-09-02,,60,Crew,,,,,,,27.3.a.21,,NotApplicable,,,,,,OTT_CRU_70-89_2_35,OTT,,,,,NotRecorded,NotApplicable,NotRecorded,NotApplicable,,So,1,1,1.0000000000000000,1.0000000000000000,CENSUS,246,,,,,,Y,
77657,73860,,FO,N,247,U,N,U,Observer,H,V,Lan,1968-09-03,,1968-09-03,,60,Crew,,,,,,,27.3.a.21,,NotApplicable,,,,,,OTT_CRU_70-89_2_35,OTT,,,,,NotRecorded,NotApplicable,NotRecorded,NotApplicable,,So,1,1,1.0000000000000000,1.0000000000000000,CENSUS,247,,,,,,Y,
77658,73861,,FO,N,248,U,N,U,Observer,H,V,Lan,1968-09-04,,1968-09-04,,60,Crew,,,,,,,27.3.a.21,,NotApplicable,,,,,,OTT_CRU_70-89_2_35,OTT,,,,,NotRecorded,NotApplicable,NotRecorded,NotApplicable,,So,1,1,1.0000000000000000,1.0000000000000000,CENSUS,248,,,,,,Y,
77659,73862,,FO,N,249,U,N,U,Observer,H,V,Lan,1968-09-05,,1968-09-05,,60,Crew,,,,,,,27.3.a.21,,NotApplicable,,,,,,OTT_CRU_70-89_2_35,OTT,,,,,NotRecorded,NotApplicable,NotRecorded,NotApplicable,,So,1,1,1.0000000000000000,1.0000000000000000,CENSUS,249,,,,,,Y,
77660,73863,,FO,N,25,U,N,U,Observer,H,V,Lan,1968-01-25,,1968-01-25,,60,Crew,,,,,,,27.3.a.21,,NotApplicable,,,,,,OTT_CRU_70-89_2_35,OTT,,,,,NotRecorded,NotApplicable,NotRecorded,NotApplicable,,So,1,1,1.0000000000000000,1.0000000000000000,CENSUS,25,,,,,,Y,
77661,73864,,FO,N,250,U,N,U,Observer,H,V,Lan,1968-09-06,,1968-09-06,,60,Crew,,,,,,,27.3.a.21,,NotApplicable,,,,,,OTT_CRU_70-89_2_35,OTT,,,,,NotRecorded,NotApplicable,NotRecorded,NotApplicable,,So,1,1,1.0000000000000000,1.0000000000000000,CENSUS,250,,,,,,Y,
77662,73865,,FO,N,251,U,N,U,Observer,H,V,Lan,1968-09-07,,1968-09-07,,60,Crew,,,,,,,27.3.a.21,,NotApplicable,,,,,,OTT_CRU_70-89_2_35,OTT,,,,,NotRecorded,NotApplicable,NotRecorded,NotApplicable,,So,1,1,1.0000000000000000,1.0000000000000000,CENSUS,251,,,,,,Y,
77663,73866,,FO,N,252,U,N,U,Observer,H,V,Lan,1968-09-08,,1968-09-08,,60,Crew,,,,,,,27.3.a.21,,NotApplicable,,,,,,OTT_CRU_70-89_2_35,OTT,,,,,NotRecorded,NotApplicable,NotRecorded,NotApplicable,,So,1,1,1.0000000000000000,1.0000000000000000,CENSUS,252,,,,,,Y,
77664,73867,,FO,N,253,U,N,U,Observer,H,V,Lan,1968-09-09,,1968-09-09,,60,Crew,,,,,,,27.3.a.21,,NotApplicable,,,,,,OTT_CRU_70-89_2_35,OTT,,,,,NotRecorded,NotApplicable,NotRecorded,NotApplicable,,So,1,1,1.0000000000000000,1.0000000000000000,CENSUS,253,,,,,,Y,
77665,73868,,FO,N,254,U,N,U,Observer,H,V,Lan,1968-09-10,,1968-09-10,,60,Crew,,,,,,,27.3.a.21,,NotApplicable,,,,,,OTT_CRU_70-89_2_35,OTT,,,,,NotRecorded,NotApplicable,NotRecorded,NotApplicable,,So,1,1,1.0000000000000000,1.0000000000000000,CENSUS,254,,,,,,Y,
77666,73869,,FO,N,255,U,N,U,Observer,H,V,Lan,1968-09-11,,1968-09-11,,60,Crew,,,,,,,27.3.a.21,,NotApplicable,,,,,,OTT_CRU_70-89_2_35,OTT,,,,,NotRecorded,NotApplicable,NotRecorded,NotApplicable,,So,1,1,1.0000000000000000,1.0000000000000000,CENSUS,255,,,,,,Y,
77667,73870,,FO,N,256,U,N,U,Observer,H,V,Lan,1968-09-12,,1968-09-12,,60,Crew,,,,,,,27.3.a.21,,NotApplicable,,,,,,OTT_CRU_70-89_2_35,OTT,,,,,NotRecorded,NotApplicable,NotRecorded,NotApplicable,,So,1,1,1.0000000000000000,1.0000000000000000,CENSUS,256,,,,,,Y,
77668,73871,,FO,N,257,U,N,U,Observer,H,V,Lan,1968-09-13,,1968-09-13,,60,Crew,,,,,,,27.3.a.21,,NotApplicable,,,,,,OTT_CRU_70-89_2_35,OTT,,,,,NotRecorded,NotApplicable,NotRecorded,NotApplicable,,So,1,1,1.0000000000000000,1.0000000000000000,CENSUS,257,,,,,,Y,
77669,73872,,FO,N,258,U,N,U,Observer,H,V,Lan,1968-09-14,,1968-09-14,,60,Crew,,,,,,,27.3.a.21,,NotApplicable,,,,,,OTT_CRU_70-89_2_35,OTT,,,,,NotRecorded,NotApplicable,NotRecorded,NotApplicable,,So,1,1,1.0000000000000000,1.0000000000000000,CENSUS,258,,,,,,Y,
77670,73873,,FO,N,259,U,N,U,Observer,H,V,Lan,1968-09-15,,1968-09-15,,60,Crew,,,,,,,27.3.a.21,,NotApplicable,,,,,,OTT_CRU_70-89_2_35,OTT,,,,,NotRecorded,NotApplicable,NotRecorded,NotApplicable,,So,1,1,1.0000000000000000,1.0000000000000000,CENSUS,259,,,,,,Y,
77671,73874,,FO,N,26,U,N,U,Observer,H,V,Lan,1968-01-26,,1968-01-26,,60,Crew,,,,,,,27.3.a.21,,NotApplicable,,,,,,OTT_CRU_70-89_2_35,OTT,,,,,NotRecorded,NotApplicable,NotRecorded,NotApplicable,,So,1,1,1.0000000000000000,1.0000000000000000,CENSUS,26,,,,,,Y,
77672,73875,,FO,N,260,U,N,U,Observer,H,V,Lan,1968-09-16,,1968-09-16,,60,Crew,,,,,,,27.3.a.21,,NotApplicable,,,,,,OTT_CRU_70-89_2_35,OTT,,,,,NotRecorded,NotApplicable,NotRecorded,NotApplicable,,So,1,1,1.0000000000000000,1.0000000000000000,CENSUS,260,,,,,,Y,
77673,73876,,FO,N,261,U,N,U,Observer,H,V,Lan,1968-09-17,,1968-09-17,,60,Crew,,,,,,,27.3.a.21,,NotApplicable,,,,,,OTT_CRU_70-89_2_35,OTT,,,,,NotRecorded,NotApplicable,NotRecorded,NotApplicable,,So,1,1,1.0000000000000000,1.0000000000000000,CENSUS,261,,,,,,Y,
77674,73877,,FO,N,262,U,N,U,Observer,H,V,Lan,1968-09-18,,1968-09-18,,60,Crew,,,,,,,27.3.a.21,,NotApplicable,,,,,,OTT_CRU_70-89_2_35,OTT,,,,,NotRecorded,NotApplicable,NotRecorded,NotApplicable,,So,1,1,1.0000000000000000,1.0000000000000000,CENSUS,262,,,,,,Y,
77675,73878,,FO,N,263,U,N,U,Observer,H,V,Lan,1968-09-19,,1968-09-19,,60,Crew,,,,,,,27.3.a.21,,NotApplicable,,,,,,OTT_CRU_70-89_2_35,OTT,,,,,NotRecorded,NotApplicable,NotRecorded,NotApplicable,,So,1,1,1.0000000000000000,1.0000000000000000,CENSUS,263,,,,,,Y,
77676,73879,,FO,N,264,U,N,U,Observer,H,V,Lan,1968-09-20,,1968-09-20,,60,Crew,,,,,,,27.3.a.21,,NotApplicable,,,,,,OTT_CRU_70-89_2_35,OTT,,,,,NotRecorded,NotApplicable,NotRecorded,NotApplicable,,So,1,1,1.0000000000000000,1.0000000000000000,CENSUS,264,,,,,,Y,
77677,73880,,FO,N,265,U,N,U,Observer,H,V,Lan,1968-09-21,,1968-09-21,,60,Crew,,,,,,,27.3.a.21,,NotApplicable,,,,,,OTT_CRU_70-89_2_35,OTT,,,,,NotRecorded,NotApplicable,NotRecorded,NotApplicable,,So,1,1,1.0000000000000000,1.0000000000000000,CENSUS,265,,,,,,Y,
77678,73881,,FO,N,266,U,N,U,Observer,H,V,Lan,1968-09-22,,1968-09-22,,60,Crew,,,,,,,27.3.a.21,,NotApplicable,,,,,,OTT_CRU_70-89_2_35,OTT,,,,,NotRecorded,NotApplicable,NotRecorded,NotApplicable,,So,1,1,1.0000000000000000,1.0000000000000000,CENSUS,266,,,,,,Y,
77679,73882,,FO,N,267,U,N,U,Observer,H,V,Lan,1968-09-23,,1968-09-23,,60,Crew,,,,,,,27.3.a.21,,NotApplicable,,,,,,OTT_CRU_70-89_2_35,OTT,,,,,NotRecorded,NotApplicable,NotRecorded,NotApplicable,,So,1,1,1.0000000000000000,1.0000000000000000,CENSUS,267,,,,,,Y,
77680,73883,,FO,N,268,U,N,U,Observer,H,V,Lan,1968-09-24,,1968-09-24,,60,Crew,,,,,,,27.3.a.21,,NotApplicable,,,,,,OTT_CRU_70-89_2_35,OTT,,,,,NotRecorded,NotApplicable,NotRecorded,NotApplicable,,So,1,1,1.0000000000000000,1.0000000000000000,CENSUS,268,,,,,,Y,
77681,73884,,FO,N,269,U,N,U,Observer,H,V,Lan,1968-09-25,,1968-09-25,,60,Crew,,,,,,,27.3.a.21,,NotApplicable,,,,,,OTT_CRU_70-89_2_35,OTT,,,,,NotRecorded,NotApplicable,NotRecorded,NotApplicable,,So,1,1,1.0000000000000000,1.0000000000000000,CENSUS,269,,,,,,Y,
77682,73885,,FO,N,27,U,N,U,Observer,H,V,Lan,1968-01-27,,1968-01-27,,60,Crew,,,,,,,27.3.a.21,,NotApplicable,,,,,,OTT_CRU_70-89_2_35,OTT,,,,,NotRecorded,NotApplicable,NotRecorded,NotApplicable,,So,1,1,1.0000000000000000,1.0000000000000000,CENSUS,27,,,,,,Y,
77683,73886,,FO,N,270,U,N,U,Observer,H,V,Lan,1968-09-26,,1968-09-26,,60,Crew,,,,,,,27.3.a.21,,NotApplicable,,,,,,OTT_CRU_70-89_2_35,OTT,,,,,NotRecorded,NotApplicable,NotRecorded,NotApplicable,,So,1,1,1.0000000000000000,1.0000000000000000,CENSUS,270,,,,,,Y,
77684,73887,,FO,N,271,U,N,U,Observer,H,V,Lan,1968-09-27,,1968-09-27,,60,Crew,,,,,,,27.3.a.21,,NotApplicable,,,,,,OTT_CRU_70-89_2_35,OTT,,,,,NotRecorded,NotApplicable,NotRecorded,NotApplicable,,So,1,1,1.0000000000000000,1.0000000000000000,CENSUS,271,,,,,,Y,
77685,73888,,FO,N,272,U,N,U,Observer,H,V,Lan,1968-09-28,,1968-09-28,,60,Crew,,,,,,,27.3.a.21,,NotApplicable,,,,,,OTT_CRU_70-89_2_35,OTT,,,,,NotRecorded,NotApplicable,NotRecorded,NotApplicable,,So,1,1,1.0000000000000000,1.0000000000000000,CENSUS,272,,,,,,Y,
77686,73889,,FO,N,273,U,N,U,Observer,H,V,Lan,1968-09-29,,1968-09-29,,60,Crew,,,,,,,27.3.a.21,,NotApplicable,,,,,,OTT_CRU_70-89_2_35,OTT,,,,,NotRecorded,NotApplicable,NotRecorded,NotApplicable,,So,1,1,1.0000000000000000,1.0000000000000000,CENSUS,273,,,,,,Y,
77687,73890,,FO,N,274,U,N,U,Observer,H,V,Lan,1968-09-30,,1968-09-30,,60,Crew,,,,,,,27.3.a.21,,NotApplicable,,,,,,OTT_CRU_70-89_2_35,OTT,,,,,NotRecorded,NotApplicable,NotRecorded,NotApplicable,,So,1,1,1.0000000000000000,1.0000000000000000,CENSUS,274,,,,,,Y,
77688,73891,,FO,N,275,U,N,U,Observer,H,V,Lan,1968-10-01,,1968-10-01,,60,Crew,,,,,,,27.3.a.21,,NotApplicable,,,,,,OTT_CRU_70-89_2_35,OTT,,,,,NotRecorded,NotApplicable,NotRecorded,NotApplicable,,So,1,1,1.0000000000000000,1.0000000000000000,CENSUS,275,,,,,,Y,
77689,73892,,FO,N,276,U,N,U,Observer,H,V,Lan,1968-10-02,,1968-10-02,,60,Crew,,,,,,,27.3.a.21,,NotApplicable,,,,,,OTT_CRU_70-89_2_35,OTT,,,,,NotRecorded,NotApplicable,NotRecorded,NotApplicable,,So,1,1,1.0000000000000000,1.0000000000000000,CENSUS,276,,,,,,Y,
77690,73893,,FO,N,277,U,N,U,Observer,H,V,Lan,1968-10-03,,1968-10-03,,60,Crew,,,,,,,27.3.a.21,,NotApplicable,,,,,,OTT_CRU_70-89_2_35,OTT,,,,,NotRecorded,NotApplicable,NotRecorded,NotApplicable,,So,1,1,1.0000000000000000,1.0000000000000000,CENSUS,277,,,,,,Y,
77691,73894,,FO,N,278,U,N,U,Observer,H,V,Lan,1968-10-04,,1968-10-04,,60,Crew,,,,,,,27.3.a.21,,NotApplicable,,,,,,OTT_CRU_70-89_2_35,OTT,,,,,NotRecorded,NotApplicable,NotRecorded,NotApplicable,,So,1,1,1.0000000000000000,1.0000000000000000,CENSUS,278,,,,,,Y,
77692,73895,,FO,N,279,U,N,U,Observer,H,V,Lan,1968-10-05,,1968-10-05,,60,Crew,,,,,,,27.3.a.21,,NotApplicable,,,,,,OTT_CRU_70-89_2_35,OTT,,,,,NotRecorded,NotApplicable,NotRecorded,NotApplicable,,So,1,1,1.0000000000000000,1.0000000000000000,CENSUS,279,,,,,,Y,
77693,73896,,FO,N,28,U,N,U,Observer,H,V,Lan,1968-01-28,,1968-01-28,,60,Crew,,,,,,,27.3.a.21,,NotApplicable,,,,,,OTT_CRU_70-89_2_35,OTT,,,,,NotRecorded,NotApplicable,NotRecorded,NotApplicable,,So,1,1,1.0000000000000000,1.0000000000000000,CENSUS,28,,,,,,Y,
77694,73897,,FO,N,280,U,N,U,Observer,H,V,Lan,1968-10-06,,1968-10-06,,60,Crew,,,,,,,27.3.a.21,,NotApplicable,,,,,,OTT_CRU_70-89_2_35,OTT,,,,,NotRecorded,NotApplicable,NotRecorded,NotApplicable,,So,1,1,1.0000000000000000,1.0000000000000000,CENSUS,280,,,,,,Y,
77695,73898,,FO,N,281,U,N,U,Observer,H,V,Lan,1968-10-07,,1968-10-07,,60,Crew,,,,,,,27.3.a.21,,NotApplicable,,,,,,OTT_CRU_70-89_2_35,OTT,,,,,NotRecorded,NotApplicable,NotRecorded,NotApplicable,,So,1,1,1.0000000000000000,1.0000000000000000,CENSUS,281,,,,,,Y,
77696,73899,,FO,N,282,U,N,U,Observer,H,V,Lan,1968-10-08,,1968-10-08,,60,Crew,,,,,,,27.3.a.21,,NotApplicable,,,,,,OTT_CRU_70-89_2_35,OTT,,,,,NotRecorded,NotApplicable,NotRecorded,NotApplicable,,So,1,1,1.0000000000000000,1.0000000000000000,CENSUS,282,,,,,,Y,
77697,73900,,FO,N,283,U,N,U,Observer,H,V,Lan,1968-10-09,,1968-10-09,,60,Crew,,,,,,,27.3.a.21,,NotApplicable,,,,,,OTT_CRU_70-89_2_35,OTT,,,,,NotRecorded,NotApplicable,NotRecorded,NotApplicable,,So,1,1,1.0000000000000000,1.0000000000000000,CENSUS,283,,,,,,Y,
77698,73901,,FO,N,284,U,N,U,Observer,H,V,Lan,1968-10-10,,1968-10-10,,60,Crew,,,,,,,27.3.a.21,,NotApplicable,,,,,,OTT_CRU_70-89_2_35,OTT,,,,,NotRecorded,NotApplicable,NotRecorded,NotApplicable,,So,1,1,1.0000000000000000,1.0000000000000000,CENSUS,284,,,,,,Y,
77699,73902,,FO,N,285,U,N,U,Observer,H,V,Lan,1968-10-11,,1968-10-11,,60,Crew,,,,,,,27.3.a.21,,NotApplicable,,,,,,OTT_CRU_70-89_2_35,OTT,,,,,NotRecorded,NotApplicable,NotRecorded,NotApplicable,,So,1,1,1.0000000000000000,1.0000000000000000,CENSUS,285,,,,,,Y,
77700,73903,,FO,N,286,U,N,U,Observer,H,V,Lan,1968-10-12,,1968-10-12,,60,Crew,,,,,,,27.3.a.21,,NotApplicable,,,,,,OTT_CRU_70-89_2_35,OTT,,,,,NotRecorded,NotApplicable,NotRecorded,NotApplicable,,So,1,1,1.0000000000000000,1.0000000000000000,CENSUS,286,,,,,,Y,
77701,73904,,FO,N,287,U,N,U,Observer,H,V,Lan,1968-10-13,,1968-10-13,,60,Crew,,,,,,,27.3.a.21,,NotApplicable,,,,,,OTT_CRU_70-89_2_35,OTT,,,,,NotRecorded,NotApplicable,NotRecorded,NotApplicable,,So,1,1,1.0000000000000000,1.0000000000000000,CENSUS,287,,,,,,Y,
77702,73905,,FO,N,288,U,N,U,Observer,H,V,Lan,1968-10-14,,1968-10-14,,60,Crew,,,,,,,27.3.a.21,,NotApplicable,,,,,,OTT_CRU_70-89_2_35,OTT,,,,,NotRecorded,NotApplicable,NotRecorded,NotApplicable,,So,1,1,1.0000000000000000,1.0000000000000000,CENSUS,288,,,,,,Y,
77703,73906,,FO,N,289,U,N,U,Observer,H,V,Lan,1968-10-15,,1968-10-15,,60,Crew,,,,,,,27.3.a.21,,NotApplicable,,,,,,OTT_CRU_70-89_2_35,OTT,,,,,NotRecorded,NotApplicable,NotRecorded,NotApplicable,,So,1,1,1.0000000000000000,1.0000000000000000,CENSUS,289,,,,,,Y,
77704,73907,,FO,N,29,U,N,U,Observer,H,V,Lan,1968-01-29,,1968-01-29,,60,Crew,,,,,,,27.3.a.21,,NotApplicable,,,,,,OTT_CRU_70-89_2_35,OTT,,,,,NotRecorded,NotApplicable,NotRecorded,NotApplicable,,So,1,1,1.0000000000000000,1.0000000000000000,CENSUS,29,,,,,,Y,
77705,73908,,FO,N,290,U,N,U,Observer,H,V,Lan,1968-10-16,,1968-10-16,,60,Crew,,,,,,,27.3.a.21,,NotApplicable,,,,,,OTT_CRU_70-89_2_35,OTT,,,,,NotRecorded,NotApplicable,NotRecorded,NotApplicable,,So,1,1,1.0000000000000000,1.0000000000000000,CENSUS,290,,,,,,Y,
77706,73909,,FO,N,291,U,N,U,Observer,H,V,Lan,1968-10-17,,1968-10-17,,60,Crew,,,,,,,27.3.a.21,,NotApplicable,,,,,,OTT_CRU_70-89_2_35,OTT,,,,,NotRecorded,NotApplicable,NotRecorded,NotApplicable,,So,1,1,1.0000000000000000,1.0000000000000000,CENSUS,291,,,,,,Y,
77707,73910,,FO,N,292,U,N,U,Observer,H,V,Lan,1968-10-18,,1968-10-18,,60,Crew,,,,,,,27.3.a.21,,NotApplicable,,,,,,OTT_CRU_70-89_2_35,OTT,,,,,NotRecorded,NotApplicable,NotRecorded,NotApplicable,,So,1,1,1.0000000000000000,1.0000000000000000,CENSUS,292,,,,,,Y,
77708,73911,,FO,N,293,U,N,U,Observer,H,V,Lan,1968-10-19,,1968-10-19,,60,Crew,,,,,,,27.3.a.21,,NotApplicable,,,,,,OTT_CRU_70-89_2_35,OTT,,,,,NotRecorded,NotApplicable,NotRecorded,NotApplicable,,So,1,1,1.0000000000000000,1.0000000000000000,CENSUS,293,,,,,,Y,
77709,73912,,FO,N,294,U,N,U,Observer,H,V,Lan,1968-10-20,,1968-10-20,,60,Crew,,,,,,,27.3.a.21,,NotApplicable,,,,,,OTT_CRU_70-89_2_35,OTT,,,,,NotRecorded,NotApplicable,NotRecorded,NotApplicable,,So,1,1,1.0000000000000000,1.0000000000000000,CENSUS,294,,,,,,Y,
77710,73913,,FO,N,295,U,N,U,Observer,H,V,Lan,1968-10-21,,1968-10-21,,60,Crew,,,,,,,27.3.a.21,,NotApplicable,,,,,,OTT_CRU_70-89_2_35,OTT,,,,,NotRecorded,NotApplicable,NotRecorded,NotApplicable,,So,1,1,1.0000000000000000,1.0000000000000000,CENSUS,295,,,,,,Y,
77711,73914,,FO,N,296,U,N,U,Observer,H,V,Lan,1968-10-22,,1968-10-22,,60,Crew,,,,,,,27.3.a.21,,NotApplicable,,,,,,OTT_CRU_70-89_2_35,OTT,,,,,NotRecorded,NotApplicable,NotRecorded,NotApplicable,,So,1,1,1.0000000000000000,1.0000000000000000,CENSUS,296,,,,,,Y,
77712,73915,,FO,N,297,U,N,U,Observer,H,V,Lan,1968-10-23,,1968-10-23,,60,Crew,,,,,,,27.3.a.21,,NotApplicable,,,,,,OTT_CRU_70-89_2_35,OTT,,,,,NotRecorded,NotApplicable,NotRecorded,NotApplicable,,So,1,1,1.0000000000000000,1.0000000000000000,CENSUS,297,,,,,,Y,
77713,73916,,FO,N,298,U,N,U,Observer,H,V,Lan,1968-10-24,,1968-10-24,,60,Crew,,,,,,,27.3.a.21,,NotApplicable,,,,,,OTT_CRU_70-89_2_35,OTT,,,,,NotRecorded,NotApplicable,NotRecorded,NotApplicable,,So,1,1,1.0000000000000000,1.0000000000000000,CENSUS,298,,,,,,Y,
77714,73917,,FO,N,299,U,N,U,Observer,H,V,Lan,1968-10-25,,1968-10-25,,60,Crew,,,,,,,27.3.a.21,,NotApplicable,,,,,,OTT_CRU_70-89_2_35,OTT,,,,,NotRecorded,NotApplicable,NotRecorded,NotApplicable,,So,1,1,1.0000000000000000,1.0000000000000000,CENSUS,299,,,,,,Y,
77715,73918,,FO,N,3,U,N,U,Observer,H,V,Lan,1968-01-03,,1968-01-03,,60,Crew,,,,,,,27.3.a.21,,NotApplicable,,,,,,OTT_CRU_70-89_2_35,OTT,,,,,NotRecorded,NotApplicable,NotRecorded,NotApplicable,,So,1,1,1.0000000000000000,1.0000000000000000,CENSUS,3,,,,,,Y,
77716,73919,,FO,N,30,U,N,U,Observer,H,V,Lan,1968-01-30,,1968-01-30,,60,Crew,,,,,,,27.3.a.21,,NotApplicable,,,,,,OTT_CRU_70-89_2_35,OTT,,,,,NotRecorded,NotApplicable,NotRecorded,NotApplicable,,So,1,1,1.0000000000000000,1.0000000000000000,CENSUS,30,,,,,,Y,
77717,73920,,FO,N,300,U,N,U,Observer,H,V,Lan,1968-10-26,,1968-10-26,,60,Crew,,,,,,,27.3.a.21,,NotApplicable,,,,,,OTT_CRU_70-89_2_35,OTT,,,,,NotRecorded,NotApplicable,NotRecorded,NotApplicable,,So,1,1,1.0000000000000000,1.0000000000000000,CENSUS,300,,,,,,Y,
77718,73921,,FO,N,31,U,N,U,Observer,H,V,Lan,1968-01-31,,1968-01-31,,60,Crew,,,,,,,27.3.a.21,,NotApplicable,,,,,,OTT_CRU_70-89_2_35,OTT,,,,,NotRecorded,NotApplicable,NotRecorded,NotApplicable,,So,1,1,1.0000000000000000,1.0000000000000000,CENSUS,31,,,,,,Y,
77719,73922,,FO,N,32,U,N,U,Observer,H,V,Lan,1968-02-01,,1968-02-01,,60,Crew,,,,,,,27.3.a.21,,NotApplicable,,,,,,OTT_CRU_70-89_2_35,OTT,,,,,NotRecorded,NotApplicable,NotRecorded,NotApplicable,,So,1,1,1.0000000000000000,1.0000000000000000,CENSUS,32,,,,,,Y,
77720,73923,,FO,N,33,U,N,U,Observer,H,V,Lan,1968-02-02,,1968-02-02,,60,Crew,,,,,,,27.3.a.21,,NotApplicable,,,,,,OTT_CRU_70-89_2_35,OTT,,,,,NotRecorded,NotApplicable,NotRecorded,NotApplicable,,So,1,1,1.0000000000000000,1.0000000000000000,CENSUS,33,,,,,,Y,
77721,73924,,FO,N,34,U,N,U,Observer,H,V,Lan,1968-02-03,,1968-02-03,,60,Crew,,,,,,,27.3.a.21,,NotApplicable,,,,,,OTT_CRU_70-89_2_35,OTT,,,,,NotRecorded,NotApplicable,NotRecorded,NotApplicable,,So,1,1,1.0000000000000000,1.0000000000000000,CENSUS,34,,,,,,Y,
77722,73925,,FO,N,35,U,N,U,Observer,H,V,Lan,1968-02-04,,1968-02-04,,60,Crew,,,,,,,27.3.a.21,,NotApplicable,,,,,,OTT_CRU_70-89_2_35,OTT,,,,,NotRecorded,NotApplicable,NotRecorded,NotApplicable,,So,1,1,1.0000000000000000,1.0000000000000000,CENSUS,35,,,,,,Y,
77723,73926,,FO,N,36,U,N,U,Observer,H,V,Lan,1968-02-05,,1968-02-05,,60,Crew,,,,,,,27.3.a.21,,NotApplicable,,,,,,OTT_CRU_70-89_2_35,OTT,,,,,NotRecorded,NotApplicable,NotRecorded,NotApplicable,,So,1,1,1.0000000000000000,1.0000000000000000,CENSUS,36,,,,,,Y,
77724,73927,,FO,N,37,U,N,U,Observer,H,V,Lan,1968-02-06,,1968-02-06,,60,Crew,,,,,,,27.3.a.21,,NotApplicable,,,,,,OTT_CRU_70-89_2_35,OTT,,,,,NotRecorded,NotApplicable,NotRecorded,NotApplicable,,So,1,1,1.0000000000000000,1.0000000000000000,CENSUS,37,,,,,,Y,
77725,73928,,FO,N,38,U,N,U,Observer,H,V,Lan,1968-02-07,,1968-02-07,,60,Crew,,,,,,,27.3.a.21,,NotApplicable,,,,,,OTT_CRU_70-89_2_35,OTT,,,,,NotRecorded,NotApplicable,NotRecorded,NotApplicable,,So,1,1,1.0000000000000000,1.0000000000000000,CENSUS,38,,,,,,Y,
77726,73929,,FO,N,39,U,N,U,Observer,H,V,Lan,1968-02-08,,1968-02-08,,60,Crew,,,,,,,27.3.a.21,,NotApplicable,,,,,,OTT_CRU_70-89_2_35,OTT,,,,,NotRecorded,NotApplicable,NotRecorded,NotApplicable,,So,1,1,1.0000000000000000,1.0000000000000000,CENSUS,39,,,,,,Y,
77727,73930,,FO,N,4,U,N,U,Observer,H,V,Lan,1968-01-04,,1968-01-04,,60,Crew,,,,,,,27.3.a.21,,NotApplicable,,,,,,OTT_CRU_70-89_2_35,OTT,,,,,NotRecorded,NotApplicable,NotRecorded,NotApplicable,,So,1,1,1.0000000000000000,1.0000000000000000,CENSUS,4,,,,,,Y,
77728,73931,,FO,N,40,U,N,U,Observer,H,V,Lan,1968-02-09,,1968-02-09,,60,Crew,,,,,,,27.3.a.21,,NotApplicable,,,,,,OTT_CRU_70-89_2_35,OTT,,,,,NotRecorded,NotApplicable,NotRecorded,NotApplicable,,So,1,1,1.0000000000000000,1.0000000000000000,CENSUS,40,,,,,,Y,
77729,73932,,FO,N,41,U,N,U,Observer,H,V,Lan,1968-02-10,,1968-02-10,,60,Crew,,,,,,,27.3.a.21,,NotApplicable,,,,,,OTT_CRU_70-89_2_35,OTT,,,,,NotRecorded,NotApplicable,NotRecorded,NotApplicable,,So,1,1,1.0000000000000000,1.0000000000000000,CENSUS,41,,,,,,Y,
77730,73933,,FO,N,42,U,N,U,Observer,H,V,Lan,1968-02-11,,1968-02-11,,60,Crew,,,,,,,27.3.a.21,,NotApplicable,,,,,,OTT_CRU_70-89_2_35,OTT,,,,,NotRecorded,NotApplicable,NotRecorded,NotApplicable,,So,1,1,1.0000000000000000,1.0000000000000000,CENSUS,42,,,,,,Y,
77731,73934,,FO,N,43,U,N,U,Observer,H,V,Lan,1968-02-12,,1968-02-12,,60,Crew,,,,,,,27.3.a.21,,NotApplicable,,,,,,OTT_CRU_70-89_2_35,OTT,,,,,NotRecorded,NotApplicable,NotRecorded,NotApplicable,,So,1,1,1.0000000000000000,1.0000000000000000,CENSUS,43,,,,,,Y,
77732,73935,,FO,N,44,U,N,U,Observer,H,V,Lan,1968-02-13,,1968-02-13,,60,Crew,,,,,,,27.3.a.21,,NotApplicable,,,,,,OTT_CRU_70-89_2_35,OTT,,,,,NotRecorded,NotApplicable,NotRecorded,NotApplicable,,So,1,1,1.0000000000000000,1.0000000000000000,CENSUS,44,,,,,,Y,
77733,73936,,FO,N,45,U,N,U,Observer,H,V,Lan,1968-02-14,,1968-02-14,,60,Crew,,,,,,,27.3.a.21,,NotApplicable,,,,,,OTT_CRU_70-89_2_35,OTT,,,,,NotRecorded,NotApplicable,NotRecorded,NotApplicable,,So,1,1,1.0000000000000000,1.0000000000000000,CENSUS,45,,,,,,Y,
77734,73937,,FO,N,46,U,N,U,Observer,H,V,Lan,1968-02-15,,1968-02-15,,60,Crew,,,,,,,27.3.a.21,,NotApplicable,,,,,,OTT_CRU_70-89_2_35,OTT,,,,,NotRecorded,NotApplicable,NotRecorded,NotApplicable,,So,1,1,1.0000000000000000,1.0000000000000000,CENSUS,46,,,,,,Y,
77735,73938,,FO,N,47,U,N,U,Observer,H,V,Lan,1968-02-16,,1968-02-16,,60,Crew,,,,,,,27.3.a.21,,NotApplicable,,,,,,OTT_CRU_70-89_2_35,OTT,,,,,NotRecorded,NotApplicable,NotRecorded,NotApplicable,,So,1,1,1.0000000000000000,1.0000000000000000,CENSUS,47,,,,,,Y,
77736,73939,,FO,N,48,U,N,U,Observer,H,V,Lan,1968-02-17,,1968-02-17,,60,Crew,,,,,,,27.3.a.21,,NotApplicable,,,,,,OTT_CRU_70-89_2_35,OTT,,,,,NotRecorded,NotApplicable,NotRecorded,NotApplicable,,So,1,1,1.0000000000000000,1.0000000000000000,CENSUS,48,,,,,,Y,
77737,73940,,FO,N,49,U,N,U,Observer,H,V,Lan,1968-02-18,,1968-02-18,,60,Crew,,,,,,,27.3.a.21,,NotApplicable,,,,,,OTT_CRU_70-89_2_35,OTT,,,,,NotRecorded,NotApplicable,NotRecorded,NotApplicable,,So,1,1,1.0000000000000000,1.0000000000000000,CENSUS,49,,,,,,Y,
77738,73941,,FO,N,5,U,N,U,Observer,H,V,Lan,1968-01-05,,1968-01-05,,60,Crew,,,,,,,27.3.a.21,,NotApplicable,,,,,,OTT_CRU_70-89_2_35,OTT,,,,,NotRecorded,NotApplicable,NotRecorded,NotApplicable,,So,1,1,1.0000000000000000,1.0000000000000000,CENSUS,5,,,,,,Y,
77739,73942,,FO,N,50,U,N,U,Observer,H,V,Lan,1968-02-19,,1968-02-19,,60,Crew,,,,,,,27.3.a.21,,NotApplicable,,,,,,OTT_CRU_70-89_2_35,OTT,,,,,NotRecorded,NotApplicable,NotRecorded,NotApplicable,,So,1,1,1.0000000000000000,1.0000000000000000,CENSUS,50,,,,,,Y,
77740,73943,,FO,N,51,U,N,U,Observer,H,V,Lan,1968-02-20,,1968-02-20,,60,Crew,,,,,,,27.3.a.21,,NotApplicable,,,,,,OTT_CRU_70-89_2_35,OTT,,,,,NotRecorded,NotApplicable,NotRecorded,NotApplicable,,So,1,1,1.0000000000000000,1.0000000000000000,CENSUS,51,,,,,,Y,
77741,73944,,FO,N,52,U,N,U,Observer,H,V,Lan,1968-02-21,,1968-02-21,,60,Crew,,,,,,,27.3.a.21,,NotApplicable,,,,,,OTT_CRU_70-89_2_35,OTT,,,,,NotRecorded,NotApplicable,NotRecorded,NotApplicable,,So,1,1,1.0000000000000000,1.0000000000000000,CENSUS,52,,,,,,Y,
77742,73945,,FO,N,53,U,N,U,Observer,H,V,Lan,1968-02-22,,1968-02-22,,60,Crew,,,,,,,27.3.a.21,,NotApplicable,,,,,,OTT_CRU_70-89_2_35,OTT,,,,,NotRecorded,NotApplicable,NotRecorded,NotApplicable,,So,1,1,1.0000000000000000,1.0000000000000000,CENSUS,53,,,,,,Y,
77743,73946,,FO,N,54,U,N,U,Observer,H,V,Lan,1968-02-23,,1968-02-23,,60,Crew,,,,,,,27.3.a.21,,NotApplicable,,,,,,OTT_CRU_70-89_2_35,OTT,,,,,NotRecorded,NotApplicable,NotRecorded,NotApplicable,,So,1,1,1.0000000000000000,1.0000000000000000,CENSUS,54,,,,,,Y,
77744,73947,,FO,N,55,U,N,U,Observer,H,V,Lan,1968-02-24,,1968-02-24,,60,Crew,,,,,,,27.3.a.21,,NotApplicable,,,,,,OTT_CRU_70-89_2_35,OTT,,,,,NotRecorded,NotApplicable,NotRecorded,NotApplicable,,So,1,1,1.0000000000000000,1.0000000000000000,CENSUS,55,,,,,,Y,
77745,73948,,FO,N,56,U,N,U,Observer,H,V,Lan,1968-02-25,,1968-02-25,,60,Crew,,,,,,,27.3.a.21,,NotApplicable,,,,,,OTT_CRU_70-89_2_35,OTT,,,,,NotRecorded,NotApplicable,NotRecorded,NotApplicable,,So,1,1,1.0000000000000000,1.0000000000000000,CENSUS,56,,,,,,Y,
77746,73949,,FO,N,57,U,N,U,Observer,H,V,Lan,1968-02-26,,1968-02-26,,60,Crew,,,,,,,27.3.a.21,,NotApplicable,,,,,,OTT_CRU_70-89_2_35,OTT,,,,,NotRecorded,NotApplicable,NotRecorded,NotApplicable,,So,1,1,1.0000000000000000,1.0000000000000000,CENSUS,57,,,,,,Y,
77747,73950,,FO,N,58,U,N,U,Observer,H,V,Lan,1968-02-27,,1968-02-27,,60,Crew,,,,,,,27.3.a.21,,NotApplicable,,,,,,OTT_CRU_70-89_2_35,OTT,,,,,NotRecorded,NotApplicable,NotRecorded,NotApplicable,,So,1,1,1.0000000000000000,1.0000000000000000,CENSUS,58,,,,,,Y,
77748,73951,,FO,N,59,U,N,U,Observer,H,V,Lan,1968-02-28,,1968-02-28,,60,Crew,,,,,,,27.3.a.21,,NotApplicable,,,,,,OTT_CRU_70-89_2_35,OTT,,,,,NotRecorded,NotApplicable,NotRecorded,NotApplicable,,So,1,1,1.0000000000000000,1.0000000000000000,CENSUS,59,,,,,,Y,
77749,73952,,FO,N,6,U,N,U,Observer,H,V,Lan,1968-01-06,,1968-01-06,,60,Crew,,,,,,,27.3.a.21,,NotApplicable,,,,,,OTT_CRU_70-89_2_35,OTT,,,,,NotRecorded,NotApplicable,NotRecorded,NotApplicable,,So,1,1,1.0000000000000000,1.0000000000000000,CENSUS,6,,,,,,Y,
77750,73953,,FO,N,60,U,N,U,Observer,H,V,Lan,1968-02-29,,1968-02-29,,60,Crew,,,,,,,27.3.a.21,,NotApplicable,,,,,,OTT_CRU_70-89_2_35,OTT,,,,,NotRecorded,NotApplicable,NotRecorded,NotApplicable,,So,1,1,1.0000000000000000,1.0000000000000000,CENSUS,60,,,,,,Y,
77751,73954,,FO,N,61,U,N,U,Observer,H,V,Lan,1968-03-01,,1968-03-01,,60,Crew,,,,,,,27.3.a.21,,NotApplicable,,,,,,OTT_CRU_70-89_2_35,OTT,,,,,NotRecorded,NotApplicable,NotRecorded,NotApplicable,,So,1,1,1.0000000000000000,1.0000000000000000,CENSUS,61,,,,,,Y,
77752,73955,,FO,N,62,U,N,U,Observer,H,V,Lan,1968-03-02,,1968-03-02,,60,Crew,,,,,,,27.3.a.21,,NotApplicable,,,,,,OTT_CRU_70-89_2_35,OTT,,,,,NotRecorded,NotApplicable,NotRecorded,NotApplicable,,So,1,1,1.0000000000000000,1.0000000000000000,CENSUS,62,,,,,,Y,
77753,73956,,FO,N,63,U,N,U,Observer,H,V,Lan,1968-03-03,,1968-03-03,,60,Crew,,,,,,,27.3.a.21,,NotApplicable,,,,,,OTT_CRU_70-89_2_35,OTT,,,,,NotRecorded,NotApplicable,NotRecorded,NotApplicable,,So,1,1,1.0000000000000000,1.0000000000000000,CENSUS,63,,,,,,Y,
77754,73957,,FO,N,64,U,N,U,Observer,H,V,Lan,1968-03-04,,1968-03-04,,60,Crew,,,,,,,27.3.a.21,,NotApplicable,,,,,,OTT_CRU_70-89_2_35,OTT,,,,,NotRecorded,NotApplicable,NotRecorded,NotApplicable,,So,1,1,1.0000000000000000,1.0000000000000000,CENSUS,64,,,,,,Y,
77755,73958,,FO,N,65,U,N,U,Observer,H,V,Lan,1968-03-05,,1968-03-05,,60,Crew,,,,,,,27.3.a.21,,NotApplicable,,,,,,OTT_CRU_70-89_2_35,OTT,,,,,NotRecorded,NotApplicable,NotRecorded,NotApplicable,,So,1,1,1.0000000000000000,1.0000000000000000,CENSUS,65,,,,,,Y,
77756,73959,,FO,N,66,U,N,U,Observer,H,V,Lan,1968-03-06,,1968-03-06,,60,Crew,,,,,,,27.3.a.21,,NotApplicable,,,,,,OTT_CRU_70-89_2_35,OTT,,,,,NotRecorded,NotApplicable,NotRecorded,NotApplicable,,So,1,1,1.0000000000000000,1.0000000000000000,CENSUS,66,,,,,,Y,
77757,73960,,FO,N,67,U,N,U,Observer,H,V,Lan,1968-03-07,,1968-03-07,,60,Crew,,,,,,,27.3.a.21,,NotApplicable,,,,,,OTT_CRU_70-89_2_35,OTT,,,,,NotRecorded,NotApplicable,NotRecorded,NotApplicable,,So,1,1,1.0000000000000000,1.0000000000000000,CENSUS,67,,,,,,Y,
77758,73961,,FO,N,68,U,N,U,Observer,H,V,Lan,1968-03-08,,1968-03-08,,60,Crew,,,,,,,27.3.a.21,,NotApplicable,,,,,,OTT_CRU_70-89_2_35,OTT,,,,,NotRecorded,NotApplicable,NotRecorded,NotApplicable,,So,1,1,1.0000000000000000,1.0000000000000000,CENSUS,68,,,,,,Y,
77759,73962,,FO,N,69,U,N,U,Observer,H,V,Lan,1968-03-09,,1968-03-09,,60,Crew,,,,,,,27.3.a.21,,NotApplicable,,,,,,OTT_CRU_70-89_2_35,OTT,,,,,NotRecorded,NotApplicable,NotRecorded,NotApplicable,,So,1,1,1.0000000000000000,1.0000000000000000,CENSUS,69,,,,,,Y,
77760,73963,,FO,N,7,U,N,U,Observer,H,V,Lan,1968-01-07,,1968-01-07,,60,Crew,,,,,,,27.3.a.21,,NotApplicable,,,,,,OTT_CRU_70-89_2_35,OTT,,,,,NotRecorded,NotApplicable,NotRecorded,NotApplicable,,So,1,1,1.0000000000000000,1.0000000000000000,CENSUS,7,,,,,,Y,
77761,73964,,FO,N,70,U,N,U,Observer,H,V,Lan,1968-03-10,,1968-03-10,,60,Crew,,,,,,,27.3.a.21,,NotApplicable,,,,,,OTT_CRU_70-89_2_35,OTT,,,,,NotRecorded,NotApplicable,NotRecorded,NotApplicable,,So,1,1,1.0000000000000000,1.0000000000000000,CENSUS,70,,,,,,Y,
77762,73965,,FO,N,71,U,N,U,Observer,H,V,Lan,1968-03-11,,1968-03-11,,60,Crew,,,,,,,27.3.a.21,,NotApplicable,,,,,,OTT_CRU_70-89_2_35,OTT,,,,,NotRecorded,NotApplicable,NotRecorded,NotApplicable,,So,1,1,1.0000000000000000,1.0000000000000000,CENSUS,71,,,,,,Y,
77763,73966,,FO,N,72,U,N,U,Observer,H,V,Lan,1968-03-12,,1968-03-12,,60,Crew,,,,,,,27.3.a.21,,NotApplicable,,,,,,OTT_CRU_70-89_2_35,OTT,,,,,NotRecorded,NotApplicable,NotRecorded,NotApplicable,,So,1,1,1.0000000000000000,1.0000000000000000,CENSUS,72,,,,,,Y,
77764,73967,,FO,N,73,U,N,U,Observer,H,V,Lan,1968-03-13,,1968-03-13,,60,Crew,,,,,,,27.3.a.21,,NotApplicable,,,,,,OTT_CRU_70-89_2_35,OTT,,,,,NotRecorded,NotApplicable,NotRecorded,NotApplicable,,So,1,1,1.0000000000000000,1.0000000000000000,CENSUS,73,,,,,,Y,
77765,73968,,FO,N,74,U,N,U,Observer,H,V,Lan,1968-03-14,,1968-03-14,,60,Crew,,,,,,,27.3.a.21,,NotApplicable,,,,,,OTT_CRU_70-89_2_35,OTT,,,,,NotRecorded,NotApplicable,NotRecorded,NotApplicable,,So,1,1,1.0000000000000000,1.0000000000000000,CENSUS,74,,,,,,Y,
77766,73969,,FO,N,75,U,N,U,Observer,H,V,Lan,1968-03-15,,1968-03-15,,60,Crew,,,,,,,27.3.a.21,,NotApplicable,,,,,,OTT_CRU_70-89_2_35,OTT,,,,,NotRecorded,NotApplicable,NotRecorded,NotApplicable,,So,1,1,1.0000000000000000,1.0000000000000000,CENSUS,75,,,,,,Y,
77767,73970,,FO,N,76,U,N,U,Observer,H,V,Lan,1968-03-16,,1968-03-16,,60,Crew,,,,,,,27.3.a.21,,NotApplicable,,,,,,OTT_CRU_70-89_2_35,OTT,,,,,NotRecorded,NotApplicable,NotRecorded,NotApplicable,,So,1,1,1.0000000000000000,1.0000000000000000,CENSUS,76,,,,,,Y,
77768,73971,,FO,N,77,U,N,U,Observer,H,V,Lan,1968-03-17,,1968-03-17,,60,Crew,,,,,,,27.3.a.21,,NotApplicable,,,,,,OTT_CRU_70-89_2_35,OTT,,,,,NotRecorded,NotApplicable,NotRecorded,NotApplicable,,So,1,1,1.0000000000000000,1.0000000000000000,CENSUS,77,,,,,,Y,
77769,73972,,FO,N,78,U,N,U,Observer,H,V,Lan,1968-03-18,,1968-03-18,,60,Crew,,,,,,,27.3.a.21,,NotApplicable,,,,,,OTT_CRU_70-89_2_35,OTT,,,,,NotRecorded,NotApplicable,NotRecorded,NotApplicable,,So,1,1,1.0000000000000000,1.0000000000000000,CENSUS,78,,,,,,Y,
77770,73973,,FO,N,79,U,N,U,Observer,H,V,Lan,1968-03-19,,1968-03-19,,60,Crew,,,,,,,27.3.a.21,,NotApplicable,,,,,,OTT_CRU_70-89_2_35,OTT,,,,,NotRecorded,NotApplicable,NotRecorded,NotApplicable,,So,1,1,1.0000000000000000,1.0000000000000000,CENSUS,79,,,,,,Y,
77771,73974,,FO,N,8,U,N,U,Observer,H,V,Lan,1968-01-08,,1968-01-08,,60,Crew,,,,,,,27.3.a.21,,NotApplicable,,,,,,OTT_CRU_70-89_2_35,OTT,,,,,NotRecorded,NotApplicable,NotRecorded,NotApplicable,,So,1,1,1.0000000000000000,1.0000000000000000,CENSUS,8,,,,,,Y,
77772,73975,,FO,N,80,U,N,U,Observer,H,V,Lan,1968-03-20,,1968-03-20,,60,Crew,,,,,,,27.3.a.21,,NotApplicable,,,,,,OTT_CRU_70-89_2_35,OTT,,,,,NotRecorded,NotApplicable,NotRecorded,NotApplicable,,So,1,1,1.0000000000000000,1.0000000000000000,CENSUS,80,,,,,,Y,
77773,73976,,FO,N,81,U,N,U,Observer,H,V,Lan,1968-03-21,,1968-03-21,,60,Crew,,,,,,,27.3.a.21,,NotApplicable,,,,,,OTT_CRU_70-89_2_35,OTT,,,,,NotRecorded,NotApplicable,NotRecorded,NotApplicable,,So,1,1,1.0000000000000000,1.0000000000000000,CENSUS,81,,,,,,Y,
77774,73977,,FO,N,82,U,N,U,Observer,H,V,Lan,1968-03-22,,1968-03-22,,60,Crew,,,,,,,27.3.a.21,,NotApplicable,,,,,,OTT_CRU_70-89_2_35,OTT,,,,,NotRecorded,NotApplicable,NotRecorded,NotApplicable,,So,1,1,1.0000000000000000,1.0000000000000000,CENSUS,82,,,,,,Y,
77775,73978,,FO,N,83,U,N,U,Observer,H,V,Lan,1968-03-23,,1968-03-23,,60,Crew,,,,,,,27.3.a.21,,NotApplicable,,,,,,OTT_CRU_70-89_2_35,OTT,,,,,NotRecorded,NotApplicable,NotRecorded,NotApplicable,,So,1,1,1.0000000000000000,1.0000000000000000,CENSUS,83,,,,,,Y,
77776,73979,,FO,N,84,U,N,U,Observer,H,V,Lan,1968-03-24,,1968-03-24,,60,Crew,,,,,,,27.3.a.21,,NotApplicable,,,,,,OTT_CRU_70-89_2_35,OTT,,,,,NotRecorded,NotApplicable,NotRecorded,NotApplicable,,So,1,1,1.0000000000000000,1.0000000000000000,CENSUS,84,,,,,,Y,
77777,73980,,FO,N,85,U,N,U,Observer,H,V,Lan,1968-03-25,,1968-03-25,,60,Crew,,,,,,,27.3.a.21,,NotApplicable,,,,,,OTT_CRU_70-89_2_35,OTT,,,,,NotRecorded,NotApplicable,NotRecorded,NotApplicable,,So,1,1,1.0000000000000000,1.0000000000000000,CENSUS,85,,,,,,Y,
77778,73981,,FO,N,86,U,N,U,Observer,H,V,Lan,1968-03-26,,1968-03-26,,60,Crew,,,,,,,27.3.a.21,,NotApplicable,,,,,,OTT_CRU_70-89_2_35,OTT,,,,,NotRecorded,NotApplicable,NotRecorded,NotApplicable,,So,1,1,1.0000000000000000,1.0000000000000000,CENSUS,86,,,,,,Y,
77779,73982,,FO,N,87,U,N,U,Observer,H,V,Lan,1968-03-27,,1968-03-27,,60,Crew,,,,,,,27.3.a.21,,NotApplicable,,,,,,OTT_CRU_70-89_2_35,OTT,,,,,NotRecorded,NotApplicable,NotRecorded,NotApplicable,,So,1,1,1.0000000000000000,1.0000000000000000,CENSUS,87,,,,,,Y,
77780,73983,,FO,N,88,U,N,U,Observer,H,V,Lan,1968-03-28,,1968-03-28,,60,Crew,,,,,,,27.3.a.21,,NotApplicable,,,,,,OTT_CRU_70-89_2_35,OTT,,,,,NotRecorded,NotApplicable,NotRecorded,NotApplicable,,So,1,1,1.0000000000000000,1.0000000000000000,CENSUS,88,,,,,,Y,
77781,73984,,FO,N,89,U,N,U,Observer,H,V,Lan,1968-03-29,,1968-03-29,,60,Crew,,,,,,,27.3.a.21,,NotApplicable,,,,,,OTT_CRU_70-89_2_35,OTT,,,,,NotRecorded,NotApplicable,NotRecorded,NotApplicable,,So,1,1,1.0000000000000000,1.0000000000000000,CENSUS,89,,,,,,Y,
77782,73985,,FO,N,9,U,N,U,Observer,H,V,Lan,1968-01-09,,1968-01-09,,60,Crew,,,,,,,27.3.a.21,,NotApplicable,,,,,,OTT_CRU_70-89_2_35,OTT,,,,,NotRecorded,NotApplicable,NotRecorded,NotApplicable,,So,1,1,1.0000000000000000,1.0000000000000000,CENSUS,9,,,,,,Y,
77783,73986,,FO,N,90,U,N,U,Observer,H,V,Lan,1968-03-30,,1968-03-30,,60,Crew,,,,,,,27.3.a.21,,NotApplicable,,,,,,OTT_CRU_70-89_2_35,OTT,,,,,NotRecorded,NotApplicable,NotRecorded,NotApplicable,,So,1,1,1.0000000000000000,1.0000000000000000,CENSUS,90,,,,,,Y,
77784,73987,,FO,N,91,U,N,U,Observer,H,V,Lan,1968-03-31,,1968-03-31,,60,Crew,,,,,,,27.3.a.21,,NotApplicable,,,,,,OTT_CRU_70-89_2_35,OTT,,,,,NotRecorded,NotApplicable,NotRecorded,NotApplicable,,So,1,1,1.0000000000000000,1.0000000000000000,CENSUS,91,,,,,,Y,
77785,73988,,FO,N,92,U,N,U,Observer,H,V,Lan,1968-04-01,,1968-04-01,,60,Crew,,,,,,,27.3.a.21,,NotApplicable,,,,,,OTT_CRU_70-89_2_35,OTT,,,,,NotRecorded,NotApplicable,NotRecorded,NotApplicable,,So,1,1,1.0000000000000000,1.0000000000000000,CENSUS,92,,,,,,Y,
77786,73989,,FO,N,93,U,N,U,Observer,H,V,Lan,1968-04-02,,1968-04-02,,60,Crew,,,,,,,27.3.a.21,,NotApplicable,,,,,,OTT_CRU_70-89_2_35,OTT,,,,,NotRecorded,NotApplicable,NotRecorded,NotApplicable,,So,1,1,1.0000000000000000,1.0000000000000000,CENSUS,93,,,,,,Y,
77787,73990,,FO,N,94,U,N,U,Observer,H,V,Lan,1968-04-03,,1968-04-03,,60,Crew,,,,,,,27.3.a.21,,NotApplicable,,,,,,OTT_CRU_70-89_2_35,OTT,,,,,NotRecorded,NotApplicable,NotRecorded,NotApplicable,,So,1,1,1.0000000000000000,1.0000000000000000,CENSUS,94,,,,,,Y,
77788,73991,,FO,N,95,U,N,U,Observer,H,V,Lan,1968-04-04,,1968-04-04,,60,Crew,,,,,,,27.3.a.21,,NotApplicable,,,,,,OTT_CRU_70-89_2_35,OTT,,,,,NotRecorded,NotApplicable,NotRecorded,NotApplicable,,So,1,1,1.0000000000000000,1.0000000000000000,CENSUS,95,,,,,,Y,
77789,73992,,FO,N,96,U,N,U,Observer,H,V,Lan,1968-04-05,,1968-04-05,,60,Crew,,,,,,,27.3.a.21,,NotApplicable,,,,,,OTT_CRU_70-89_2_35,OTT,,,,,NotRecorded,NotApplicable,NotRecorded,NotApplicable,,So,1,1,1.0000000000000000,1.0000000000000000,CENSUS,96,,,,,,Y,
77790,73993,,FO,N,97,U,N,U,Observer,H,V,Lan,1968-04-06,,1968-04-06,,60,Crew,,,,,,,27.3.a.21,,NotApplicable,,,,,,OTT_CRU_70-89_2_35,OTT,,,,,NotRecorded,NotApplicable,NotRecorded,NotApplicable,,So,1,1,1.0000000000000000,1.0000000000000000,CENSUS,97,,,,,,Y,
77791,73994,,FO,N,98,U,N,U,Observer,H,V,Lan,1968-04-07,,1968-04-07,,60,Crew,,,,,,,27.3.a.21,,NotApplicable,,,,,,OTT_CRU_70-89_2_35,OTT,,,,,NotRecorded,NotApplicable,NotRecorded,NotApplicable,,So,1,1,1.0000000000000000,1.0000000000000000,CENSUS,98,,,,,,Y,
77792,73995,,FO,N,99,U,N,U,Observer,H,V,Lan,1968-04-08,,1968-04-08,,60,Crew,,,,,,,27.3.a.21,,NotApplicable,,,,,,OTT_CRU_70-89_2_35,OTT,,,,,NotRecorded,NotApplicable,NotRecorded,NotApplicable,,So,1,1,1.0000000000000000,1.0000000000000000,CENSUS,99,,,,,,Y,
