SAid,SSid,LEid,SArecordType,SAsequenceNumber,SAparentSequenceNumber,SAstratification,SAstratumName,SAspeciesCode,SAspeciesCodeFAO,SAstateOfProcessing,SApresentation,SAspecimensState,SAcatchCategory,SAlandingCategory,SAcommSizeCatScale,SAcommSizeCat,SAsex,SAexclusiveEconomicZoneIndicator,SAarea,SArectangle,SAgsaSubarea,SAjurisdictionArea,SAnationalFishingActivity,SAmetier5,SAmetier6,SAgear,SAmeshSize,SAselectionDevice,SAselectionDeviceMeshSize,SAunitType,SAtotalWeightLive,SAsampleWeightLive,SAnumberTotal,SAnumberSampled,SAselectionProb,SAinclusionProb,SAselectionMethod,SAunitName,SAlowerHierarchy,SAsampler,SAsampled,SAreasonNotSampledFM,SAreasonNotSampledBV,SAtotalWeightMeasured,SAsampleWeightMeasured,SAconversionFactorMeasLive
668988,117957,,SA,1,,N,U,107254,NEP,FRE,WHL,DeadOrZeroProbSurvival,Lan,,,,U,,,,NotApplicable,,,,,,,,,Box,,,1.0,1.0,1.0000000000000000,1.0000000000000000,CENSUS,1,D,Observer,N,,,297326,297326,1.000
668989,117958,,SA,10,,N,U,107254,NEP,FRE,WHL,DeadOrZeroProbSurvival,Lan,,,,U,,,,NotApplicable,,,,,,,,,Box,,,1.0,1.0,1.0000000000000000,1.0000000000000000,CENSUS,10,D,Observer,N,,,535359,535359,1.000
668990,117959,,SA,100,,N,U,107254,NEP,FRE,WHL,DeadOrZeroProbSurvival,Lan,,,,U,,,,NotApplicable,,,,,,,,,Box,,,1.0,1.0,1.0000000000000000,1.0000000000000000,CENSUS,100,D,Observer,N,,,182572,182572,1.000
668991,117960,,SA,101,,N,U,107254,NEP,FRE,WHL,DeadOrZeroProbSurvival,Lan,,,,U,,,,NotApplicable,,,,,,,,,Box,,,1.0,1.0,1.0000000000000000,1.0000000000000000,CENSUS,101,D,Observer,N,,,592207,592207,1.000
668992,117961,,SA,102,,N,U,107254,NEP,FRE,WHL,DeadOrZeroProbSurvival,Lan,,,,U,,,,NotApplicable,,,,,,,,,Box,,,1.0,1.0,1.0000000000000000,1.0000000000000000,CENSUS,102,D,Observer,N,,,296164,296164,1.000
668993,117962,,SA,103,,N,U,107254,NEP,FRE,WHL,DeadOrZeroProbSurvival,Lan,,,,U,,,,NotApplicable,,,,,,,,,Box,,,1.0,1.0,1.0000000000000000,1.0000000000000000,CENSUS,103,D,Observer,N,,,296016,296016,1.000
668994,117963,,SA,104,,N,U,107254,NEP,FRE,WHL,DeadOrZeroProbSurvival,Lan,,,,U,,,,NotApplicable,,,,,,,,,Box,,,1.0,1.0,1.0000000000000000,1.0000000000000000,CENSUS,104,D,Observer,N,,,176643,176643,1.000
668995,117964,,SA,105,,N,U,107254,NEP,FRE,WHL,DeadOrZeroProbSurvival,Lan,,,,U,,,,NotApplicable,,,,,,,,,Box,,,1.0,1.0,1.0000000000000000,1.0000000000000000,CENSUS,105,D,Observer,N,,,112334,112334,1.000
668996,117965,,SA,106,,N,U,107254,NEP,FRE,WHL,DeadOrZeroProbSurvival,Lan,,,,U,,,,NotApplicable,,,,,,,,,Box,,,1.0,1.0,1.0000000000000000,1.0000000000000000,CENSUS,106,D,Observer,N,,,41347,41347,1.000
668997,117966,,SA,107,,N,U,107254,NEP,FRE,WHL,DeadOrZeroProbSurvival,Lan,,,,U,,,,NotApplicable,,,,,,,,,Box,,,1.0,1.0,1.0000000000000000,1.0000000000000000,CENSUS,107,D,Observer,N,,,65987,65987,1.000
668998,117967,,SA,108,,N,U,107254,NEP,FRE,WHL,DeadOrZeroProbSurvival,Lan,,,,U,,,,NotApplicable,,,,,,,,,Box,,,1.0,1.0,1.0000000000000000,1.0000000000000000,CENSUS,108,D,Observer,N,,,53893,53893,1.000
668999,117968,,SA,109,,N,U,107254,NEP,FRE,WHL,DeadOrZeroProbSurvival,Lan,,,,U,,,,NotApplicable,,,,,,,,,Box,,,1.0,1.0,1.0000000000000000,1.0000000000000000,CENSUS,109,D,Observer,N,,,88982,88982,1.000
669000,117969,,SA,11,,N,U,107254,NEP,FRE,WHL,DeadOrZeroProbSurvival,Lan,,,,U,,,,NotApplicable,,,,,,,,,Box,,,1.0,1.0,1.0000000000000000,1.0000000000000000,CENSUS,11,D,Observer,N,,,402310,402310,1.000
669001,117970,,SA,110,,N,U,107254,NEP,FRE,WHL,DeadOrZeroProbSurvival,Lan,,,,U,,,,NotApplicable,,,,,,,,,Box,,,1.0,1.0,1.0000000000000000,1.0000000000000000,CENSUS,110,D,Observer,N,,,17710,17710,1.000
669002,117971,,SA,111,,N,U,107254,NEP,FRE,WHL,DeadOrZeroProbSurvival,Lan,,,,U,,,,NotApplicable,,,,,,,,,Box,,,1.0,1.0,1.0000000000000000,1.0000000000000000,CENSUS,111,D,Observer,N,,,72247,72247,1.000
669003,117972,,SA,112,,N,U,107254,NEP,FRE,WHL,DeadOrZeroProbSurvival,Lan,,,,U,,,,NotApplicable,,,,,,,,,Box,,,1.0,1.0,1.0000000000000000,1.0000000000000000,CENSUS,112,D,Observer,N,,,20777,20777,1.000
669004,117973,,SA,113,,N,U,107254,NEP,FRE,WHL,DeadOrZeroProbSurvival,Lan,,,,U,,,,NotApplicable,,,,,,,,,Box,,,1.0,1.0,1.0000000000000000,1.0000000000000000,CENSUS,113,D,Observer,N,,,158392,158392,1.000
669005,117974,,SA,114,,N,U,107254,NEP,FRE,WHL,DeadOrZeroProbSurvival,Lan,,,,U,,,,NotApplicable,,,,,,,,,Box,,,1.0,1.0,1.0000000000000000,1.0000000000000000,CENSUS,114,D,Observer,N,,,396721,396721,1.000
669006,117975,,SA,115,,N,U,107254,NEP,FRE,WHL,DeadOrZeroProbSurvival,Lan,,,,U,,,,NotApplicable,,,,,,,,,Box,,,1.0,1.0,1.0000000000000000,1.0000000000000000,CENSUS,115,D,Observer,N,,,23915,23915,1.000
669007,117976,,SA,116,,N,U,107254,NEP,FRE,WHL,DeadOrZeroProbSurvival,Lan,,,,U,,,,NotApplicable,,,,,,,,,Box,,,1.0,1.0,1.0000000000000000,1.0000000000000000,CENSUS,116,D,Observer,N,,,141919,141919,1.000
669008,117977,,SA,117,,N,U,107254,NEP,FRE,WHL,DeadOrZeroProbSurvival,Lan,,,,U,,,,NotApplicable,,,,,,,,,Box,,,1.0,1.0,1.0000000000000000,1.0000000000000000,CENSUS,117,D,Observer,N,,,102024,102024,1.000
669009,117978,,SA,118,,N,U,107254,NEP,FRE,WHL,DeadOrZeroProbSurvival,Lan,,,,U,,,,NotApplicable,,,,,,,,,Box,,,1.0,1.0,1.0000000000000000,1.0000000000000000,CENSUS,118,D,Observer,N,,,192116,192116,1.000
669010,117979,,SA,119,,N,U,107254,NEP,FRE,WHL,DeadOrZeroProbSurvival,Lan,,,,U,,,,NotApplicable,,,,,,,,,Box,,,1.0,1.0,1.0000000000000000,1.0000000000000000,CENSUS,119,D,Observer,N,,,0,0,1.000
669011,117980,,SA,12,,N,U,107254,NEP,FRE,WHL,DeadOrZeroProbSurvival,Lan,,,,U,,,,NotApplicable,,,,,,,,,Box,,,1.0,1.0,1.0000000000000000,1.0000000000000000,CENSUS,12,D,Observer,N,,,238906,238906,1.000
669012,117981,,SA,120,,N,U,107254,NEP,FRE,WHL,DeadOrZeroProbSurvival,Lan,,,,U,,,,NotApplicable,,,,,,,,,Box,,,1.0,1.0,1.0000000000000000,1.0000000000000000,CENSUS,120,D,Observer,N,,,69643,69643,1.000
669013,117982,,SA,121,,N,U,107254,NEP,FRE,WHL,DeadOrZeroProbSurvival,Lan,,,,U,,,,NotApplicable,,,,,,,,,Box,,,1.0,1.0,1.0000000000000000,1.0000000000000000,CENSUS,121,D,Observer,N,,,63159,63159,1.000
669014,117983,,SA,122,,N,U,107254,NEP,FRE,WHL,DeadOrZeroProbSurvival,Lan,,,,U,,,,NotApplicable,,,,,,,,,Box,,,1.0,1.0,1.0000000000000000,1.0000000000000000,CENSUS,122,D,Observer,N,,,30613,30613,1.000
669015,117984,,SA,123,,N,U,107254,NEP,FRE,WHL,DeadOrZeroProbSurvival,Lan,,,,U,,,,NotApplicable,,,,,,,,,Box,,,1.0,1.0,1.0000000000000000,1.0000000000000000,CENSUS,123,D,Observer,N,,,138822,138822,1.000
669016,117985,,SA,124,,N,U,107254,NEP,FRE,WHL,DeadOrZeroProbSurvival,Lan,,,,U,,,,NotApplicable,,,,,,,,,Box,,,1.0,1.0,1.0000000000000000,1.0000000000000000,CENSUS,124,D,Observer,N,,,82982,82982,1.000
669017,117986,,SA,125,,N,U,107254,NEP,FRE,WHL,DeadOrZeroProbSurvival,Lan,,,,U,,,,NotApplicable,,,,,,,,,Box,,,1.0,1.0,1.0000000000000000,1.0000000000000000,CENSUS,125,D,Observer,N,,,432379,432379,1.000
669018,117987,,SA,126,,N,U,107254,NEP,FRE,WHL,DeadOrZeroProbSurvival,Lan,,,,U,,,,NotApplicable,,,,,,,,,Box,,,1.0,1.0,1.0000000000000000,1.0000000000000000,CENSUS,126,D,Observer,N,,,44599,44599,1.000
669019,117988,,SA,127,,N,U,107254,NEP,FRE,WHL,DeadOrZeroProbSurvival,Lan,,,,U,,,,NotApplicable,,,,,,,,,Box,,,1.0,1.0,1.0000000000000000,1.0000000000000000,CENSUS,127,D,Observer,N,,,346653,346653,1.000
669020,117989,,SA,128,,N,U,107254,NEP,FRE,WHL,DeadOrZeroProbSurvival,Lan,,,,U,,,,NotApplicable,,,,,,,,,Box,,,1.0,1.0,1.0000000000000000,1.0000000000000000,CENSUS,128,D,Observer,N,,,545666,545666,1.000
669021,117990,,SA,129,,N,U,107254,NEP,FRE,WHL,DeadOrZeroProbSurvival,Lan,,,,U,,,,NotApplicable,,,,,,,,,Box,,,1.0,1.0,1.0000000000000000,1.0000000000000000,CENSUS,129,D,Observer,N,,,250958,250958,1.000
669022,117991,,SA,13,,N,U,107254,NEP,FRE,WHL,DeadOrZeroProbSurvival,Lan,,,,U,,,,NotApplicable,,,,,,,,,Box,,,1.0,1.0,1.0000000000000000,1.0000000000000000,CENSUS,13,D,Observer,N,,,272049,272049,1.000
669023,117992,,SA,130,,N,U,107254,NEP,FRE,WHL,DeadOrZeroProbSurvival,Lan,,,,U,,,,NotApplicable,,,,,,,,,Box,,,1.0,1.0,1.0000000000000000,1.0000000000000000,CENSUS,130,D,Observer,N,,,173892,173892,1.000
669024,117993,,SA,131,,N,U,107254,NEP,FRE,WHL,DeadOrZeroProbSurvival,Lan,,,,U,,,,NotApplicable,,,,,,,,,Box,,,1.0,1.0,1.0000000000000000,1.0000000000000000,CENSUS,131,D,Observer,N,,,131353,131353,1.000
669025,117994,,SA,132,,N,U,107254,NEP,FRE,WHL,DeadOrZeroProbSurvival,Lan,,,,U,,,,NotApplicable,,,,,,,,,Box,,,1.0,1.0,1.0000000000000000,1.0000000000000000,CENSUS,132,D,Observer,N,,,24239,24239,1.000
669026,117995,,SA,133,,N,U,107254,NEP,FRE,WHL,DeadOrZeroProbSurvival,Lan,,,,U,,,,NotApplicable,,,,,,,,,Box,,,1.0,1.0,1.0000000000000000,1.0000000000000000,CENSUS,133,D,Observer,N,,,21975,21975,1.000
669027,117996,,SA,134,,N,U,107254,NEP,FRE,WHL,DeadOrZeroProbSurvival,Lan,,,,U,,,,NotApplicable,,,,,,,,,Box,,,1.0,1.0,1.0000000000000000,1.0000000000000000,CENSUS,134,D,Observer,N,,,138573,138573,1.000
669028,117997,,SA,135,,N,U,107254,NEP,FRE,WHL,DeadOrZeroProbSurvival,Lan,,,,U,,,,NotApplicable,,,,,,,,,Box,,,1.0,1.0,1.0000000000000000,1.0000000000000000,CENSUS,135,D,Observer,N,,,8518,8518,1.000
669029,117998,,SA,136,,N,U,107254,NEP,FRE,WHL,DeadOrZeroProbSurvival,Lan,,,,U,,,,NotApplicable,,,,,,,,,Box,,,1.0,1.0,1.0000000000000000,1.0000000000000000,CENSUS,136,D,Observer,N,,,179736,179736,1.000
669030,117999,,SA,137,,N,U,107254,NEP,FRE,WHL,DeadOrZeroProbSurvival,Lan,,,,U,,,,NotApplicable,,,,,,,,,Box,,,1.0,1.0,1.0000000000000000,1.0000000000000000,CENSUS,137,D,Observer,N,,,32093,32093,1.000
669031,118000,,SA,138,,N,U,107254,NEP,FRE,WHL,DeadOrZeroProbSurvival,Lan,,,,U,,,,NotApplicable,,,,,,,,,Box,,,1.0,1.0,1.0000000000000000,1.0000000000000000,CENSUS,138,D,Observer,N,,,151743,151743,1.000
669032,118001,,SA,139,,N,U,107254,NEP,FRE,WHL,DeadOrZeroProbSurvival,Lan,,,,U,,,,NotApplicable,,,,,,,,,Box,,,1.0,1.0,1.0000000000000000,1.0000000000000000,CENSUS,139,D,Observer,N,,,186297,186297,1.000
669033,118002,,SA,14,,N,U,107254,NEP,FRE,WHL,DeadOrZeroProbSurvival,Lan,,,,U,,,,NotApplicable,,,,,,,,,Box,,,1.0,1.0,1.0000000000000000,1.0000000000000000,CENSUS,14,D,Observer,N,,,302849,302849,1.000
669034,118003,,SA,140,,N,U,107254,NEP,FRE,WHL,DeadOrZeroProbSurvival,Lan,,,,U,,,,NotApplicable,,,,,,,,,Box,,,1.0,1.0,1.0000000000000000,1.0000000000000000,CENSUS,140,D,Observer,N,,,560355,560355,1.000
669035,118004,,SA,141,,N,U,107254,NEP,FRE,WHL,DeadOrZeroProbSurvival,Lan,,,,U,,,,NotApplicable,,,,,,,,,Box,,,1.0,1.0,1.0000000000000000,1.0000000000000000,CENSUS,141,D,Observer,N,,,835337,835337,1.000
669036,118005,,SA,142,,N,U,107254,NEP,FRE,WHL,DeadOrZeroProbSurvival,Lan,,,,U,,,,NotApplicable,,,,,,,,,Box,,,1.0,1.0,1.0000000000000000,1.0000000000000000,CENSUS,142,D,Observer,N,,,82470,82470,1.000
669037,118006,,SA,143,,N,U,107254,NEP,FRE,WHL,DeadOrZeroProbSurvival,Lan,,,,U,,,,NotApplicable,,,,,,,,,Box,,,1.0,1.0,1.0000000000000000,1.0000000000000000,CENSUS,143,D,Observer,N,,,80272,80272,1.000
669038,118007,,SA,144,,N,U,107254,NEP,FRE,WHL,DeadOrZeroProbSurvival,Lan,,,,U,,,,NotApplicable,,,,,,,,,Box,,,1.0,1.0,1.0000000000000000,1.0000000000000000,CENSUS,144,D,Observer,N,,,57789,57789,1.000
669039,118008,,SA,145,,N,U,107254,NEP,FRE,WHL,DeadOrZeroProbSurvival,Lan,,,,U,,,,NotApplicable,,,,,,,,,Box,,,1.0,1.0,1.0000000000000000,1.0000000000000000,CENSUS,145,D,Observer,N,,,350402,350402,1.000
669040,118009,,SA,146,,N,U,107254,NEP,FRE,WHL,DeadOrZeroProbSurvival,Lan,,,,U,,,,NotApplicable,,,,,,,,,Box,,,1.0,1.0,1.0000000000000000,1.0000000000000000,CENSUS,146,D,Observer,N,,,167379,167379,1.000
669041,118010,,SA,147,,N,U,107254,NEP,FRE,WHL,DeadOrZeroProbSurvival,Lan,,,,U,,,,NotApplicable,,,,,,,,,Box,,,1.0,1.0,1.0000000000000000,1.0000000000000000,CENSUS,147,D,Observer,N,,,372901,372901,1.000
669042,118011,,SA,148,,N,U,107254,NEP,FRE,WHL,DeadOrZeroProbSurvival,Lan,,,,U,,,,NotApplicable,,,,,,,,,Box,,,1.0,1.0,1.0000000000000000,1.0000000000000000,CENSUS,148,D,Observer,N,,,168593,168593,1.000
669043,118012,,SA,149,,N,U,107254,NEP,FRE,WHL,DeadOrZeroProbSurvival,Lan,,,,U,,,,NotApplicable,,,,,,,,,Box,,,1.0,1.0,1.0000000000000000,1.0000000000000000,CENSUS,149,D,Observer,N,,,53902,53902,1.000
669044,118013,,SA,15,,N,U,107254,NEP,FRE,WHL,DeadOrZeroProbSurvival,Lan,,,,U,,,,NotApplicable,,,,,,,,,Box,,,1.0,1.0,1.0000000000000000,1.0000000000000000,CENSUS,15,D,Observer,N,,,265245,265245,1.000
669045,118014,,SA,150,,N,U,107254,NEP,FRE,WHL,DeadOrZeroProbSurvival,Lan,,,,U,,,,NotApplicable,,,,,,,,,Box,,,1.0,1.0,1.0000000000000000,1.0000000000000000,CENSUS,150,D,Observer,N,,,265443,265443,1.000
669046,118015,,SA,151,,N,U,107254,NEP,FRE,WHL,DeadOrZeroProbSurvival,Lan,,,,U,,,,NotApplicable,,,,,,,,,Box,,,1.0,1.0,1.0000000000000000,1.0000000000000000,CENSUS,151,D,Observer,N,,,4519,4519,1.000
669047,118016,,SA,152,,N,U,107254,NEP,FRE,WHL,DeadOrZeroProbSurvival,Lan,,,,U,,,,NotApplicable,,,,,,,,,Box,,,1.0,1.0,1.0000000000000000,1.0000000000000000,CENSUS,152,D,Observer,N,,,199714,199714,1.000
669048,118017,,SA,153,,N,U,107254,NEP,FRE,WHL,DeadOrZeroProbSurvival,Lan,,,,U,,,,NotApplicable,,,,,,,,,Box,,,1.0,1.0,1.0000000000000000,1.0000000000000000,CENSUS,153,D,Observer,N,,,15583,15583,1.000
669049,118018,,SA,154,,N,U,107254,NEP,FRE,WHL,DeadOrZeroProbSurvival,Lan,,,,U,,,,NotApplicable,,,,,,,,,Box,,,1.0,1.0,1.0000000000000000,1.0000000000000000,CENSUS,154,D,Observer,N,,,268058,268058,1.000
669050,118019,,SA,155,,N,U,107254,NEP,FRE,WHL,DeadOrZeroProbSurvival,Lan,,,,U,,,,NotApplicable,,,,,,,,,Box,,,1.0,1.0,1.0000000000000000,1.0000000000000000,CENSUS,155,D,Observer,N,,,55097,55097,1.000
669051,118020,,SA,156,,N,U,107254,NEP,FRE,WHL,DeadOrZeroProbSurvival,Lan,,,,U,,,,NotApplicable,,,,,,,,,Box,,,1.0,1.0,1.0000000000000000,1.0000000000000000,CENSUS,156,D,Observer,N,,,68736,68736,1.000
669052,118021,,SA,157,,N,U,107254,NEP,FRE,WHL,DeadOrZeroProbSurvival,Lan,,,,U,,,,NotApplicable,,,,,,,,,Box,,,1.0,1.0,1.0000000000000000,1.0000000000000000,CENSUS,157,D,Observer,N,,,74268,74268,1.000
669053,118022,,SA,158,,N,U,107254,NEP,FRE,WHL,DeadOrZeroProbSurvival,Lan,,,,U,,,,NotApplicable,,,,,,,,,Box,,,1.0,1.0,1.0000000000000000,1.0000000000000000,CENSUS,158,D,Observer,N,,,55310,55310,1.000
669054,118023,,SA,159,,N,U,107254,NEP,FRE,WHL,DeadOrZeroProbSurvival,Lan,,,,U,,,,NotApplicable,,,,,,,,,Box,,,1.0,1.0,1.0000000000000000,1.0000000000000000,CENSUS,159,D,Observer,N,,,662121,662121,1.000
669055,118024,,SA,16,,N,U,107254,NEP,FRE,WHL,DeadOrZeroProbSurvival,Lan,,,,U,,,,NotApplicable,,,,,,,,,Box,,,1.0,1.0,1.0000000000000000,1.0000000000000000,CENSUS,16,D,Observer,N,,,78081,78081,1.000
669056,118025,,SA,160,,N,U,107254,NEP,FRE,WHL,DeadOrZeroProbSurvival,Lan,,,,U,,,,NotApplicable,,,,,,,,,Box,,,1.0,1.0,1.0000000000000000,1.0000000000000000,CENSUS,160,D,Observer,N,,,134555,134555,1.000
669057,118026,,SA,161,,N,U,107254,NEP,FRE,WHL,DeadOrZeroProbSurvival,Lan,,,,U,,,,NotApplicable,,,,,,,,,Box,,,1.0,1.0,1.0000000000000000,1.0000000000000000,CENSUS,161,D,Observer,N,,,196859,196859,1.000
669058,118027,,SA,162,,N,U,107254,NEP,FRE,WHL,DeadOrZeroProbSurvival,Lan,,,,U,,,,NotApplicable,,,,,,,,,Box,,,1.0,1.0,1.0000000000000000,1.0000000000000000,CENSUS,162,D,Observer,N,,,801159,801159,1.000
669059,118028,,SA,163,,N,U,107254,NEP,FRE,WHL,DeadOrZeroProbSurvival,Lan,,,,U,,,,NotApplicable,,,,,,,,,Box,,,1.0,1.0,1.0000000000000000,1.0000000000000000,CENSUS,163,D,Observer,N,,,266067,266067,1.000
669060,118029,,SA,164,,N,U,107254,NEP,FRE,WHL,DeadOrZeroProbSurvival,Lan,,,,U,,,,NotApplicable,,,,,,,,,Box,,,1.0,1.0,1.0000000000000000,1.0000000000000000,CENSUS,164,D,Observer,N,,,134474,134474,1.000
669061,118030,,SA,165,,N,U,107254,NEP,FRE,WHL,DeadOrZeroProbSurvival,Lan,,,,U,,,,NotApplicable,,,,,,,,,Box,,,1.0,1.0,1.0000000000000000,1.0000000000000000,CENSUS,165,D,Observer,N,,,112291,112291,1.000
669062,118031,,SA,166,,N,U,107254,NEP,FRE,WHL,DeadOrZeroProbSurvival,Lan,,,,U,,,,NotApplicable,,,,,,,,,Box,,,1.0,1.0,1.0000000000000000,1.0000000000000000,CENSUS,166,D,Observer,N,,,112831,112831,1.000
669063,118032,,SA,167,,N,U,107254,NEP,FRE,WHL,DeadOrZeroProbSurvival,Lan,,,,U,,,,NotApplicable,,,,,,,,,Box,,,1.0,1.0,1.0000000000000000,1.0000000000000000,CENSUS,167,D,Observer,N,,,64532,64532,1.000
669064,118033,,SA,168,,N,U,107254,NEP,FRE,WHL,DeadOrZeroProbSurvival,Lan,,,,U,,,,NotApplicable,,,,,,,,,Box,,,1.0,1.0,1.0000000000000000,1.0000000000000000,CENSUS,168,D,Observer,N,,,100,100,1.000
669065,118034,,SA,169,,N,U,107254,NEP,FRE,WHL,DeadOrZeroProbSurvival,Lan,,,,U,,,,NotApplicable,,,,,,,,,Box,,,1.0,1.0,1.0000000000000000,1.0000000000000000,CENSUS,169,D,Observer,N,,,463450,463450,1.000
669066,118035,,SA,17,,N,U,107254,NEP,FRE,WHL,DeadOrZeroProbSurvival,Lan,,,,U,,,,NotApplicable,,,,,,,,,Box,,,1.0,1.0,1.0000000000000000,1.0000000000000000,CENSUS,17,D,Observer,N,,,169622,169622,1.000
669067,118036,,SA,170,,N,U,107254,NEP,FRE,WHL,DeadOrZeroProbSurvival,Lan,,,,U,,,,NotApplicable,,,,,,,,,Box,,,1.0,1.0,1.0000000000000000,1.0000000000000000,CENSUS,170,D,Observer,N,,,493227,493227,1.000
669068,118037,,SA,171,,N,U,107254,NEP,FRE,WHL,DeadOrZeroProbSurvival,Lan,,,,U,,,,NotApplicable,,,,,,,,,Box,,,1.0,1.0,1.0000000000000000,1.0000000000000000,CENSUS,171,D,Observer,N,,,38313,38313,1.000
669069,118038,,SA,172,,N,U,107254,NEP,FRE,WHL,DeadOrZeroProbSurvival,Lan,,,,U,,,,NotApplicable,,,,,,,,,Box,,,1.0,1.0,1.0000000000000000,1.0000000000000000,CENSUS,172,D,Observer,N,,,59184,59184,1.000
669070,118039,,SA,173,,N,U,107254,NEP,FRE,WHL,DeadOrZeroProbSurvival,Lan,,,,U,,,,NotApplicable,,,,,,,,,Box,,,1.0,1.0,1.0000000000000000,1.0000000000000000,CENSUS,173,D,Observer,N,,,130167,130167,1.000
669071,118040,,SA,174,,N,U,107254,NEP,FRE,WHL,DeadOrZeroProbSurvival,Lan,,,,U,,,,NotApplicable,,,,,,,,,Box,,,1.0,1.0,1.0000000000000000,1.0000000000000000,CENSUS,174,D,Observer,N,,,31671,31671,1.000
669072,118041,,SA,175,,N,U,107254,NEP,FRE,WHL,DeadOrZeroProbSurvival,Lan,,,,U,,,,NotApplicable,,,,,,,,,Box,,,1.0,1.0,1.0000000000000000,1.0000000000000000,CENSUS,175,D,Observer,N,,,417187,417187,1.000
669073,118042,,SA,176,,N,U,107254,NEP,FRE,WHL,DeadOrZeroProbSurvival,Lan,,,,U,,,,NotApplicable,,,,,,,,,Box,,,1.0,1.0,1.0000000000000000,1.0000000000000000,CENSUS,176,D,Observer,N,,,443027,443027,1.000
669074,118043,,SA,177,,N,U,107254,NEP,FRE,WHL,DeadOrZeroProbSurvival,Lan,,,,U,,,,NotApplicable,,,,,,,,,Box,,,1.0,1.0,1.0000000000000000,1.0000000000000000,CENSUS,177,D,Observer,N,,,62766,62766,1.000
669075,118044,,SA,178,,N,U,107254,NEP,FRE,WHL,DeadOrZeroProbSurvival,Lan,,,,U,,,,NotApplicable,,,,,,,,,Box,,,1.0,1.0,1.0000000000000000,1.0000000000000000,CENSUS,178,D,Observer,N,,,13887,13887,1.000
669076,118045,,SA,179,,N,U,107254,NEP,FRE,WHL,DeadOrZeroProbSurvival,Lan,,,,U,,,,NotApplicable,,,,,,,,,Box,,,1.0,1.0,1.0000000000000000,1.0000000000000000,CENSUS,179,D,Observer,N,,,200455,200455,1.000
669077,118046,,SA,18,,N,U,107254,NEP,FRE,WHL,DeadOrZeroProbSurvival,Lan,,,,U,,,,NotApplicable,,,,,,,,,Box,,,1.0,1.0,1.0000000000000000,1.0000000000000000,CENSUS,18,D,Observer,N,,,85366,85366,1.000
669078,118047,,SA,180,,N,U,107254,NEP,FRE,WHL,DeadOrZeroProbSurvival,Lan,,,,U,,,,NotApplicable,,,,,,,,,Box,,,1.0,1.0,1.0000000000000000,1.0000000000000000,CENSUS,180,D,Observer,N,,,151242,151242,1.000
669079,118048,,SA,181,,N,U,107254,NEP,FRE,WHL,DeadOrZeroProbSurvival,Lan,,,,U,,,,NotApplicable,,,,,,,,,Box,,,1.0,1.0,1.0000000000000000,1.0000000000000000,CENSUS,181,D,Observer,N,,,106206,106206,1.000
669080,118049,,SA,182,,N,U,107254,NEP,FRE,WHL,DeadOrZeroProbSurvival,Lan,,,,U,,,,NotApplicable,,,,,,,,,Box,,,1.0,1.0,1.0000000000000000,1.0000000000000000,CENSUS,182,D,Observer,N,,,436040,436040,1.000
669081,118050,,SA,183,,N,U,107254,NEP,FRE,WHL,DeadOrZeroProbSurvival,Lan,,,,U,,,,NotApplicable,,,,,,,,,Box,,,1.0,1.0,1.0000000000000000,1.0000000000000000,CENSUS,183,D,Observer,N,,,45609,45609,1.000
669082,118051,,SA,184,,N,U,107254,NEP,FRE,WHL,DeadOrZeroProbSurvival,Lan,,,,U,,,,NotApplicable,,,,,,,,,Box,,,1.0,1.0,1.0000000000000000,1.0000000000000000,CENSUS,184,D,Observer,N,,,43314,43314,1.000
669083,118052,,SA,185,,N,U,107254,NEP,FRE,WHL,DeadOrZeroProbSurvival,Lan,,,,U,,,,NotApplicable,,,,,,,,,Box,,,1.0,1.0,1.0000000000000000,1.0000000000000000,CENSUS,185,D,Observer,N,,,1695484,1695484,1.000
669084,118053,,SA,186,,N,U,107254,NEP,FRE,WHL,DeadOrZeroProbSurvival,Lan,,,,U,,,,NotApplicable,,,,,,,,,Box,,,1.0,1.0,1.0000000000000000,1.0000000000000000,CENSUS,186,D,Observer,N,,,144904,144904,1.000
669085,118054,,SA,187,,N,U,107254,NEP,FRE,WHL,DeadOrZeroProbSurvival,Lan,,,,U,,,,NotApplicable,,,,,,,,,Box,,,1.0,1.0,1.0000000000000000,1.0000000000000000,CENSUS,187,D,Observer,N,,,72500,72500,1.000
669086,118055,,SA,188,,N,U,107254,NEP,FRE,WHL,DeadOrZeroProbSurvival,Lan,,,,U,,,,NotApplicable,,,,,,,,,Box,,,1.0,1.0,1.0000000000000000,1.0000000000000000,CENSUS,188,D,Observer,N,,,593819,593819,1.000
669087,118056,,SA,189,,N,U,107254,NEP,FRE,WHL,DeadOrZeroProbSurvival,Lan,,,,U,,,,NotApplicable,,,,,,,,,Box,,,1.0,1.0,1.0000000000000000,1.0000000000000000,CENSUS,189,D,Observer,N,,,137337,137337,1.000
669088,118057,,SA,19,,N,U,107254,NEP,FRE,WHL,DeadOrZeroProbSurvival,Lan,,,,U,,,,NotApplicable,,,,,,,,,Box,,,1.0,1.0,1.0000000000000000,1.0000000000000000,CENSUS,19,D,Observer,N,,,620144,620144,1.000
669089,118058,,SA,190,,N,U,107254,NEP,FRE,WHL,DeadOrZeroProbSurvival,Lan,,,,U,,,,NotApplicable,,,,,,,,,Box,,,1.0,1.0,1.0000000000000000,1.0000000000000000,CENSUS,190,D,Observer,N,,,36074,36074,1.000
669090,118059,,SA,191,,N,U,107254,NEP,FRE,WHL,DeadOrZeroProbSurvival,Lan,,,,U,,,,NotApplicable,,,,,,,,,Box,,,1.0,1.0,1.0000000000000000,1.0000000000000000,CENSUS,191,D,Observer,N,,,132388,132388,1.000
669091,118060,,SA,192,,N,U,107254,NEP,FRE,WHL,DeadOrZeroProbSurvival,Lan,,,,U,,,,NotApplicable,,,,,,,,,Box,,,1.0,1.0,1.0000000000000000,1.0000000000000000,CENSUS,192,D,Observer,N,,,509017,509017,1.000
669092,118061,,SA,193,,N,U,107254,NEP,FRE,WHL,DeadOrZeroProbSurvival,Lan,,,,U,,,,NotApplicable,,,,,,,,,Box,,,1.0,1.0,1.0000000000000000,1.0000000000000000,CENSUS,193,D,Observer,N,,,69961,69961,1.000
669093,118062,,SA,194,,N,U,107254,NEP,FRE,WHL,DeadOrZeroProbSurvival,Lan,,,,U,,,,NotApplicable,,,,,,,,,Box,,,1.0,1.0,1.0000000000000000,1.0000000000000000,CENSUS,194,D,Observer,N,,,493631,493631,1.000
669094,118063,,SA,195,,N,U,107254,NEP,FRE,WHL,DeadOrZeroProbSurvival,Lan,,,,U,,,,NotApplicable,,,,,,,,,Box,,,1.0,1.0,1.0000000000000000,1.0000000000000000,CENSUS,195,D,Observer,N,,,358446,358446,1.000
669095,118064,,SA,196,,N,U,107254,NEP,FRE,WHL,DeadOrZeroProbSurvival,Lan,,,,U,,,,NotApplicable,,,,,,,,,Box,,,1.0,1.0,1.0000000000000000,1.0000000000000000,CENSUS,196,D,Observer,N,,,20589,20589,1.000
669096,118065,,SA,197,,N,U,107254,NEP,FRE,WHL,DeadOrZeroProbSurvival,Lan,,,,U,,,,NotApplicable,,,,,,,,,Box,,,1.0,1.0,1.0000000000000000,1.0000000000000000,CENSUS,197,D,Observer,N,,,107700,107700,1.000
669097,118066,,SA,198,,N,U,107254,NEP,FRE,WHL,DeadOrZeroProbSurvival,Lan,,,,U,,,,NotApplicable,,,,,,,,,Box,,,1.0,1.0,1.0000000000000000,1.0000000000000000,CENSUS,198,D,Observer,N,,,247626,247626,1.000
669098,118067,,SA,199,,N,U,107254,NEP,FRE,WHL,DeadOrZeroProbSurvival,Lan,,,,U,,,,NotApplicable,,,,,,,,,Box,,,1.0,1.0,1.0000000000000000,1.0000000000000000,CENSUS,199,D,Observer,N,,,76673,76673,1.000
669099,118068,,SA,2,,N,U,107254,NEP,FRE,WHL,DeadOrZeroProbSurvival,Lan,,,,U,,,,NotApplicable,,,,,,,,,Box,,,1.0,1.0,1.0000000000000000,1.0000000000000000,CENSUS,2,D,Observer,N,,,124694,124694,1.000
669100,118069,,SA,20,,N,U,107254,NEP,FRE,WHL,DeadOrZeroProbSurvival,Lan,,,,U,,,,NotApplicable,,,,,,,,,Box,,,1.0,1.0,1.0000000000000000,1.0000000000000000,CENSUS,20,D,Observer,N,,,117701,117701,1.000
669101,118070,,SA,200,,N,U,107254,NEP,FRE,WHL,DeadOrZeroProbSurvival,Lan,,,,U,,,,NotApplicable,,,,,,,,,Box,,,1.0,1.0,1.0000000000000000,1.0000000000000000,CENSUS,200,D,Observer,N,,,179051,179051,1.000
669102,118071,,SA,201,,N,U,107254,NEP,FRE,WHL,DeadOrZeroProbSurvival,Lan,,,,U,,,,NotApplicable,,,,,,,,,Box,,,1.0,1.0,1.0000000000000000,1.0000000000000000,CENSUS,201,D,Observer,N,,,328367,328367,1.000
669103,118072,,SA,202,,N,U,107254,NEP,FRE,WHL,DeadOrZeroProbSurvival,Lan,,,,U,,,,NotApplicable,,,,,,,,,Box,,,1.0,1.0,1.0000000000000000,1.0000000000000000,CENSUS,202,D,Observer,N,,,252817,252817,1.000
669104,118073,,SA,203,,N,U,107254,NEP,FRE,WHL,DeadOrZeroProbSurvival,Lan,,,,U,,,,NotApplicable,,,,,,,,,Box,,,1.0,1.0,1.0000000000000000,1.0000000000000000,CENSUS,203,D,Observer,N,,,561521,561521,1.000
669105,118074,,SA,204,,N,U,107254,NEP,FRE,WHL,DeadOrZeroProbSurvival,Lan,,,,U,,,,NotApplicable,,,,,,,,,Box,,,1.0,1.0,1.0000000000000000,1.0000000000000000,CENSUS,204,D,Observer,N,,,67491,67491,1.000
669106,118075,,SA,205,,N,U,107254,NEP,FRE,WHL,DeadOrZeroProbSurvival,Lan,,,,U,,,,NotApplicable,,,,,,,,,Box,,,1.0,1.0,1.0000000000000000,1.0000000000000000,CENSUS,205,D,Observer,N,,,144828,144828,1.000
669107,118076,,SA,206,,N,U,107254,NEP,FRE,WHL,DeadOrZeroProbSurvival,Lan,,,,U,,,,NotApplicable,,,,,,,,,Box,,,1.0,1.0,1.0000000000000000,1.0000000000000000,CENSUS,206,D,Observer,N,,,262093,262093,1.000
669108,118077,,SA,207,,N,U,107254,NEP,FRE,WHL,DeadOrZeroProbSurvival,Lan,,,,U,,,,NotApplicable,,,,,,,,,Box,,,1.0,1.0,1.0000000000000000,1.0000000000000000,CENSUS,207,D,Observer,N,,,96910,96910,1.000
669109,118078,,SA,208,,N,U,107254,NEP,FRE,WHL,DeadOrZeroProbSurvival,Lan,,,,U,,,,NotApplicable,,,,,,,,,Box,,,1.0,1.0,1.0000000000000000,1.0000000000000000,CENSUS,208,D,Observer,N,,,70672,70672,1.000
669110,118079,,SA,209,,N,U,107254,NEP,FRE,WHL,DeadOrZeroProbSurvival,Lan,,,,U,,,,NotApplicable,,,,,,,,,Box,,,1.0,1.0,1.0000000000000000,1.0000000000000000,CENSUS,209,D,Observer,N,,,61145,61145,1.000
669111,118080,,SA,21,,N,U,107254,NEP,FRE,WHL,DeadOrZeroProbSurvival,Lan,,,,U,,,,NotApplicable,,,,,,,,,Box,,,1.0,1.0,1.0000000000000000,1.0000000000000000,CENSUS,21,D,Observer,N,,,184599,184599,1.000
669112,118081,,SA,210,,N,U,107254,NEP,FRE,WHL,DeadOrZeroProbSurvival,Lan,,,,U,,,,NotApplicable,,,,,,,,,Box,,,1.0,1.0,1.0000000000000000,1.0000000000000000,CENSUS,210,D,Observer,N,,,83218,83218,1.000
669113,118082,,SA,211,,N,U,107254,NEP,FRE,WHL,DeadOrZeroProbSurvival,Lan,,,,U,,,,NotApplicable,,,,,,,,,Box,,,1.0,1.0,1.0000000000000000,1.0000000000000000,CENSUS,211,D,Observer,N,,,62854,62854,1.000
669114,118083,,SA,212,,N,U,107254,NEP,FRE,WHL,DeadOrZeroProbSurvival,Lan,,,,U,,,,NotApplicable,,,,,,,,,Box,,,1.0,1.0,1.0000000000000000,1.0000000000000000,CENSUS,212,D,Observer,N,,,113383,113383,1.000
669115,118084,,SA,213,,N,U,107254,NEP,FRE,WHL,DeadOrZeroProbSurvival,Lan,,,,U,,,,NotApplicable,,,,,,,,,Box,,,1.0,1.0,1.0000000000000000,1.0000000000000000,CENSUS,213,D,Observer,N,,,774804,774804,1.000
669116,118085,,SA,214,,N,U,107254,NEP,FRE,WHL,DeadOrZeroProbSurvival,Lan,,,,U,,,,NotApplicable,,,,,,,,,Box,,,1.0,1.0,1.0000000000000000,1.0000000000000000,CENSUS,214,D,Observer,N,,,31161,31161,1.000
669117,118086,,SA,215,,N,U,107254,NEP,FRE,WHL,DeadOrZeroProbSurvival,Lan,,,,U,,,,NotApplicable,,,,,,,,,Box,,,1.0,1.0,1.0000000000000000,1.0000000000000000,CENSUS,215,D,Observer,N,,,47319,47319,1.000
669118,118087,,SA,216,,N,U,107254,NEP,FRE,WHL,DeadOrZeroProbSurvival,Lan,,,,U,,,,NotApplicable,,,,,,,,,Box,,,1.0,1.0,1.0000000000000000,1.0000000000000000,CENSUS,216,D,Observer,N,,,52770,52770,1.000
669119,118088,,SA,217,,N,U,107254,NEP,FRE,WHL,DeadOrZeroProbSurvival,Lan,,,,U,,,,NotApplicable,,,,,,,,,Box,,,1.0,1.0,1.0000000000000000,1.0000000000000000,CENSUS,217,D,Observer,N,,,577693,577693,1.000
669120,118089,,SA,218,,N,U,107254,NEP,FRE,WHL,DeadOrZeroProbSurvival,Lan,,,,U,,,,NotApplicable,,,,,,,,,Box,,,1.0,1.0,1.0000000000000000,1.0000000000000000,CENSUS,218,D,Observer,N,,,37130,37130,1.000
669121,118090,,SA,219,,N,U,107254,NEP,FRE,WHL,DeadOrZeroProbSurvival,Lan,,,,U,,,,NotApplicable,,,,,,,,,Box,,,1.0,1.0,1.0000000000000000,1.0000000000000000,CENSUS,219,D,Observer,N,,,80761,80761,1.000
669122,118091,,SA,22,,N,U,107254,NEP,FRE,WHL,DeadOrZeroProbSurvival,Lan,,,,U,,,,NotApplicable,,,,,,,,,Box,,,1.0,1.0,1.0000000000000000,1.0000000000000000,CENSUS,22,D,Observer,N,,,80958,80958,1.000
669123,118092,,SA,220,,N,U,107254,NEP,FRE,WHL,DeadOrZeroProbSurvival,Lan,,,,U,,,,NotApplicable,,,,,,,,,Box,,,1.0,1.0,1.0000000000000000,1.0000000000000000,CENSUS,220,D,Observer,N,,,105519,105519,1.000
669124,118093,,SA,221,,N,U,107254,NEP,FRE,WHL,DeadOrZeroProbSurvival,Lan,,,,U,,,,NotApplicable,,,,,,,,,Box,,,1.0,1.0,1.0000000000000000,1.0000000000000000,CENSUS,221,D,Observer,N,,,115019,115019,1.000
669125,118094,,SA,222,,N,U,107254,NEP,FRE,WHL,DeadOrZeroProbSurvival,Lan,,,,U,,,,NotApplicable,,,,,,,,,Box,,,1.0,1.0,1.0000000000000000,1.0000000000000000,CENSUS,222,D,Observer,N,,,109652,109652,1.000
669126,118095,,SA,223,,N,U,107254,NEP,FRE,WHL,DeadOrZeroProbSurvival,Lan,,,,U,,,,NotApplicable,,,,,,,,,Box,,,1.0,1.0,1.0000000000000000,1.0000000000000000,CENSUS,223,D,Observer,N,,,225852,225852,1.000
669127,118096,,SA,224,,N,U,107254,NEP,FRE,WHL,DeadOrZeroProbSurvival,Lan,,,,U,,,,NotApplicable,,,,,,,,,Box,,,1.0,1.0,1.0000000000000000,1.0000000000000000,CENSUS,224,D,Observer,N,,,362642,362642,1.000
669128,118097,,SA,225,,N,U,107254,NEP,FRE,WHL,DeadOrZeroProbSurvival,Lan,,,,U,,,,NotApplicable,,,,,,,,,Box,,,1.0,1.0,1.0000000000000000,1.0000000000000000,CENSUS,225,D,Observer,N,,,37434,37434,1.000
669129,118098,,SA,226,,N,U,107254,NEP,FRE,WHL,DeadOrZeroProbSurvival,Lan,,,,U,,,,NotApplicable,,,,,,,,,Box,,,1.0,1.0,1.0000000000000000,1.0000000000000000,CENSUS,226,D,Observer,N,,,148842,148842,1.000
669130,118099,,SA,227,,N,U,107254,NEP,FRE,WHL,DeadOrZeroProbSurvival,Lan,,,,U,,,,NotApplicable,,,,,,,,,Box,,,1.0,1.0,1.0000000000000000,1.0000000000000000,CENSUS,227,D,Observer,N,,,115487,115487,1.000
669131,118100,,SA,228,,N,U,107254,NEP,FRE,WHL,DeadOrZeroProbSurvival,Lan,,,,U,,,,NotApplicable,,,,,,,,,Box,,,1.0,1.0,1.0000000000000000,1.0000000000000000,CENSUS,228,D,Observer,N,,,180400,180400,1.000
669132,118101,,SA,229,,N,U,107254,NEP,FRE,WHL,DeadOrZeroProbSurvival,Lan,,,,U,,,,NotApplicable,,,,,,,,,Box,,,1.0,1.0,1.0000000000000000,1.0000000000000000,CENSUS,229,D,Observer,N,,,282659,282659,1.000
669133,118102,,SA,23,,N,U,107254,NEP,FRE,WHL,DeadOrZeroProbSurvival,Lan,,,,U,,,,NotApplicable,,,,,,,,,Box,,,1.0,1.0,1.0000000000000000,1.0000000000000000,CENSUS,23,D,Observer,N,,,335517,335517,1.000
669134,118103,,SA,230,,N,U,107254,NEP,FRE,WHL,DeadOrZeroProbSurvival,Lan,,,,U,,,,NotApplicable,,,,,,,,,Box,,,1.0,1.0,1.0000000000000000,1.0000000000000000,CENSUS,230,D,Observer,N,,,135850,135850,1.000
669135,118104,,SA,231,,N,U,107254,NEP,FRE,WHL,DeadOrZeroProbSurvival,Lan,,,,U,,,,NotApplicable,,,,,,,,,Box,,,1.0,1.0,1.0000000000000000,1.0000000000000000,CENSUS,231,D,Observer,N,,,98669,98669,1.000
669136,118105,,SA,232,,N,U,107254,NEP,FRE,WHL,DeadOrZeroProbSurvival,Lan,,,,U,,,,NotApplicable,,,,,,,,,Box,,,1.0,1.0,1.0000000000000000,1.0000000000000000,CENSUS,232,D,Observer,N,,,70165,70165,1.000
669137,118106,,SA,233,,N,U,107254,NEP,FRE,WHL,DeadOrZeroProbSurvival,Lan,,,,U,,,,NotApplicable,,,,,,,,,Box,,,1.0,1.0,1.0000000000000000,1.0000000000000000,CENSUS,233,D,Observer,N,,,42712,42712,1.000
669138,118107,,SA,234,,N,U,107254,NEP,FRE,WHL,DeadOrZeroProbSurvival,Lan,,,,U,,,,NotApplicable,,,,,,,,,Box,,,1.0,1.0,1.0000000000000000,1.0000000000000000,CENSUS,234,D,Observer,N,,,178861,178861,1.000
669139,118108,,SA,235,,N,U,107254,NEP,FRE,WHL,DeadOrZeroProbSurvival,Lan,,,,U,,,,NotApplicable,,,,,,,,,Box,,,1.0,1.0,1.0000000000000000,1.0000000000000000,CENSUS,235,D,Observer,N,,,141215,141215,1.000
669140,118109,,SA,236,,N,U,107254,NEP,FRE,WHL,DeadOrZeroProbSurvival,Lan,,,,U,,,,NotApplicable,,,,,,,,,Box,,,1.0,1.0,1.0000000000000000,1.0000000000000000,CENSUS,236,D,Observer,N,,,549167,549167,1.000
669141,118110,,SA,237,,N,U,107254,NEP,FRE,WHL,DeadOrZeroProbSurvival,Lan,,,,U,,,,NotApplicable,,,,,,,,,Box,,,1.0,1.0,1.0000000000000000,1.0000000000000000,CENSUS,237,D,Observer,N,,,38566,38566,1.000
669142,118111,,SA,238,,N,U,107254,NEP,FRE,WHL,DeadOrZeroProbSurvival,Lan,,,,U,,,,NotApplicable,,,,,,,,,Box,,,1.0,1.0,1.0000000000000000,1.0000000000000000,CENSUS,238,D,Observer,N,,,531206,531206,1.000
669143,118112,,SA,239,,N,U,107254,NEP,FRE,WHL,DeadOrZeroProbSurvival,Lan,,,,U,,,,NotApplicable,,,,,,,,,Box,,,1.0,1.0,1.0000000000000000,1.0000000000000000,CENSUS,239,D,Observer,N,,,85086,85086,1.000
669144,118113,,SA,24,,N,U,107254,NEP,FRE,WHL,DeadOrZeroProbSurvival,Lan,,,,U,,,,NotApplicable,,,,,,,,,Box,,,1.0,1.0,1.0000000000000000,1.0000000000000000,CENSUS,24,D,Observer,N,,,241148,241148,1.000
669145,118114,,SA,240,,N,U,107254,NEP,FRE,WHL,DeadOrZeroProbSurvival,Lan,,,,U,,,,NotApplicable,,,,,,,,,Box,,,1.0,1.0,1.0000000000000000,1.0000000000000000,CENSUS,240,D,Observer,N,,,8882,8882,1.000
669146,118115,,SA,241,,N,U,107254,NEP,FRE,WHL,DeadOrZeroProbSurvival,Lan,,,,U,,,,NotApplicable,,,,,,,,,Box,,,1.0,1.0,1.0000000000000000,1.0000000000000000,CENSUS,241,D,Observer,N,,,75409,75409,1.000
669147,118116,,SA,242,,N,U,107254,NEP,FRE,WHL,DeadOrZeroProbSurvival,Lan,,,,U,,,,NotApplicable,,,,,,,,,Box,,,1.0,1.0,1.0000000000000000,1.0000000000000000,CENSUS,242,D,Observer,N,,,8003,8003,1.000
669148,118117,,SA,243,,N,U,107254,NEP,FRE,WHL,DeadOrZeroProbSurvival,Lan,,,,U,,,,NotApplicable,,,,,,,,,Box,,,1.0,1.0,1.0000000000000000,1.0000000000000000,CENSUS,243,D,Observer,N,,,9910,9910,1.000
669149,118118,,SA,244,,N,U,107254,NEP,FRE,WHL,DeadOrZeroProbSurvival,Lan,,,,U,,,,NotApplicable,,,,,,,,,Box,,,1.0,1.0,1.0000000000000000,1.0000000000000000,CENSUS,244,D,Observer,N,,,80396,80396,1.000
669150,118119,,SA,245,,N,U,107254,NEP,FRE,WHL,DeadOrZeroProbSurvival,Lan,,,,U,,,,NotApplicable,,,,,,,,,Box,,,1.0,1.0,1.0000000000000000,1.0000000000000000,CENSUS,245,D,Observer,N,,,186829,186829,1.000
669151,118120,,SA,246,,N,U,107254,NEP,FRE,WHL,DeadOrZeroProbSurvival,Lan,,,,U,,,,NotApplicable,,,,,,,,,Box,,,1.0,1.0,1.0000000000000000,1.0000000000000000,CENSUS,246,D,Observer,N,,,43320,43320,1.000
669152,118121,,SA,247,,N,U,107254,NEP,FRE,WHL,DeadOrZeroProbSurvival,Lan,,,,U,,,,NotApplicable,,,,,,,,,Box,,,1.0,1.0,1.0000000000000000,1.0000000000000000,CENSUS,247,D,Observer,N,,,501692,501692,1.000
669153,118122,,SA,248,,N,U,107254,NEP,FRE,WHL,DeadOrZeroProbSurvival,Lan,,,,U,,,,NotApplicable,,,,,,,,,Box,,,1.0,1.0,1.0000000000000000,1.0000000000000000,CENSUS,248,D,Observer,N,,,219444,219444,1.000
669154,118123,,SA,249,,N,U,107254,NEP,FRE,WHL,DeadOrZeroProbSurvival,Lan,,,,U,,,,NotApplicable,,,,,,,,,Box,,,1.0,1.0,1.0000000000000000,1.0000000000000000,CENSUS,249,D,Observer,N,,,144529,144529,1.000
669155,118124,,SA,25,,N,U,107254,NEP,FRE,WHL,DeadOrZeroProbSurvival,Lan,,,,U,,,,NotApplicable,,,,,,,,,Box,,,1.0,1.0,1.0000000000000000,1.0000000000000000,CENSUS,25,D,Observer,N,,,403375,403375,1.000
669156,118125,,SA,250,,N,U,107254,NEP,FRE,WHL,DeadOrZeroProbSurvival,Lan,,,,U,,,,NotApplicable,,,,,,,,,Box,,,1.0,1.0,1.0000000000000000,1.0000000000000000,CENSUS,250,D,Observer,N,,,52469,52469,1.000
669157,118126,,SA,251,,N,U,107254,NEP,FRE,WHL,DeadOrZeroProbSurvival,Lan,,,,U,,,,NotApplicable,,,,,,,,,Box,,,1.0,1.0,1.0000000000000000,1.0000000000000000,CENSUS,251,D,Observer,N,,,487573,487573,1.000
669158,118127,,SA,252,,N,U,107254,NEP,FRE,WHL,DeadOrZeroProbSurvival,Lan,,,,U,,,,NotApplicable,,,,,,,,,Box,,,1.0,1.0,1.0000000000000000,1.0000000000000000,CENSUS,252,D,Observer,N,,,743638,743638,1.000
669159,118128,,SA,253,,N,U,107254,NEP,FRE,WHL,DeadOrZeroProbSurvival,Lan,,,,U,,,,NotApplicable,,,,,,,,,Box,,,1.0,1.0,1.0000000000000000,1.0000000000000000,CENSUS,253,D,Observer,N,,,356170,356170,1.000
669160,118129,,SA,254,,N,U,107254,NEP,FRE,WHL,DeadOrZeroProbSurvival,Lan,,,,U,,,,NotApplicable,,,,,,,,,Box,,,1.0,1.0,1.0000000000000000,1.0000000000000000,CENSUS,254,D,Observer,N,,,553226,553226,1.000
669161,118130,,SA,255,,N,U,107254,NEP,FRE,WHL,DeadOrZeroProbSurvival,Lan,,,,U,,,,NotApplicable,,,,,,,,,Box,,,1.0,1.0,1.0000000000000000,1.0000000000000000,CENSUS,255,D,Observer,N,,,246184,246184,1.000
669162,118131,,SA,256,,N,U,107254,NEP,FRE,WHL,DeadOrZeroProbSurvival,Lan,,,,U,,,,NotApplicable,,,,,,,,,Box,,,1.0,1.0,1.0000000000000000,1.0000000000000000,CENSUS,256,D,Observer,N,,,295601,295601,1.000
669163,118132,,SA,257,,N,U,107254,NEP,FRE,WHL,DeadOrZeroProbSurvival,Lan,,,,U,,,,NotApplicable,,,,,,,,,Box,,,1.0,1.0,1.0000000000000000,1.0000000000000000,CENSUS,257,D,Observer,N,,,57253,57253,1.000
669164,118133,,SA,258,,N,U,107254,NEP,FRE,WHL,DeadOrZeroProbSurvival,Lan,,,,U,,,,NotApplicable,,,,,,,,,Box,,,1.0,1.0,1.0000000000000000,1.0000000000000000,CENSUS,258,D,Observer,N,,,100468,100468,1.000
669165,118134,,SA,259,,N,U,107254,NEP,FRE,WHL,DeadOrZeroProbSurvival,Lan,,,,U,,,,NotApplicable,,,,,,,,,Box,,,1.0,1.0,1.0000000000000000,1.0000000000000000,CENSUS,259,D,Observer,N,,,193859,193859,1.000
669166,118135,,SA,26,,N,U,107254,NEP,FRE,WHL,DeadOrZeroProbSurvival,Lan,,,,U,,,,NotApplicable,,,,,,,,,Box,,,1.0,1.0,1.0000000000000000,1.0000000000000000,CENSUS,26,D,Observer,N,,,303715,303715,1.000
669167,118136,,SA,260,,N,U,107254,NEP,FRE,WHL,DeadOrZeroProbSurvival,Lan,,,,U,,,,NotApplicable,,,,,,,,,Box,,,1.0,1.0,1.0000000000000000,1.0000000000000000,CENSUS,260,D,Observer,N,,,140701,140701,1.000
669168,118137,,SA,261,,N,U,107254,NEP,FRE,WHL,DeadOrZeroProbSurvival,Lan,,,,U,,,,NotApplicable,,,,,,,,,Box,,,1.0,1.0,1.0000000000000000,1.0000000000000000,CENSUS,261,D,Observer,N,,,1466580,1466580,1.000
669169,118138,,SA,262,,N,U,107254,NEP,FRE,WHL,DeadOrZeroProbSurvival,Lan,,,,U,,,,NotApplicable,,,,,,,,,Box,,,1.0,1.0,1.0000000000000000,1.0000000000000000,CENSUS,262,D,Observer,N,,,1949420,1949420,1.000
669170,118139,,SA,263,,N,U,107254,NEP,FRE,WHL,DeadOrZeroProbSurvival,Lan,,,,U,,,,NotApplicable,,,,,,,,,Box,,,1.0,1.0,1.0000000000000000,1.0000000000000000,CENSUS,263,D,Observer,N,,,355786,355786,1.000
669171,118140,,SA,264,,N,U,107254,NEP,FRE,WHL,DeadOrZeroProbSurvival,Lan,,,,U,,,,NotApplicable,,,,,,,,,Box,,,1.0,1.0,1.0000000000000000,1.0000000000000000,CENSUS,264,D,Observer,N,,,484156,484156,1.000
669172,118141,,SA,265,,N,U,107254,NEP,FRE,WHL,DeadOrZeroProbSurvival,Lan,,,,U,,,,NotApplicable,,,,,,,,,Box,,,1.0,1.0,1.0000000000000000,1.0000000000000000,CENSUS,265,D,Observer,N,,,399011,399011,1.000
669173,118142,,SA,266,,N,U,107254,NEP,FRE,WHL,DeadOrZeroProbSurvival,Lan,,,,U,,,,NotApplicable,,,,,,,,,Box,,,1.0,1.0,1.0000000000000000,1.0000000000000000,CENSUS,266,D,Observer,N,,,1334041,1334041,1.000
669174,118143,,SA,267,,N,U,107254,NEP,FRE,WHL,DeadOrZeroProbSurvival,Lan,,,,U,,,,NotApplicable,,,,,,,,,Box,,,1.0,1.0,1.0000000000000000,1.0000000000000000,CENSUS,267,D,Observer,N,,,487534,487534,1.000
669175,118144,,SA,268,,N,U,107254,NEP,FRE,WHL,DeadOrZeroProbSurvival,Lan,,,,U,,,,NotApplicable,,,,,,,,,Box,,,1.0,1.0,1.0000000000000000,1.0000000000000000,CENSUS,268,D,Observer,N,,,1644001,1644001,1.000
669176,118145,,SA,269,,N,U,107254,NEP,FRE,WHL,DeadOrZeroProbSurvival,Lan,,,,U,,,,NotApplicable,,,,,,,,,Box,,,1.0,1.0,1.0000000000000000,1.0000000000000000,CENSUS,269,D,Observer,N,,,675569,675569,1.000
669177,118146,,SA,27,,N,U,107254,NEP,FRE,WHL,DeadOrZeroProbSurvival,Lan,,,,U,,,,NotApplicable,,,,,,,,,Box,,,1.0,1.0,1.0000000000000000,1.0000000000000000,CENSUS,27,D,Observer,N,,,236950,236950,1.000
669178,118147,,SA,270,,N,U,107254,NEP,FRE,WHL,DeadOrZeroProbSurvival,Lan,,,,U,,,,NotApplicable,,,,,,,,,Box,,,1.0,1.0,1.0000000000000000,1.0000000000000000,CENSUS,270,D,Observer,N,,,71839,71839,1.000
669179,118148,,SA,271,,N,U,107254,NEP,FRE,WHL,DeadOrZeroProbSurvival,Lan,,,,U,,,,NotApplicable,,,,,,,,,Box,,,1.0,1.0,1.0000000000000000,1.0000000000000000,CENSUS,271,D,Observer,N,,,1138681,1138681,1.000
669180,118149,,SA,272,,N,U,107254,NEP,FRE,WHL,DeadOrZeroProbSurvival,Lan,,,,U,,,,NotApplicable,,,,,,,,,Box,,,1.0,1.0,1.0000000000000000,1.0000000000000000,CENSUS,272,D,Observer,N,,,111510,111510,1.000
669181,118150,,SA,273,,N,U,107254,NEP,FRE,WHL,DeadOrZeroProbSurvival,Lan,,,,U,,,,NotApplicable,,,,,,,,,Box,,,1.0,1.0,1.0000000000000000,1.0000000000000000,CENSUS,273,D,Observer,N,,,689639,689639,1.000
669182,118151,,SA,274,,N,U,107254,NEP,FRE,WHL,DeadOrZeroProbSurvival,Lan,,,,U,,,,NotApplicable,,,,,,,,,Box,,,1.0,1.0,1.0000000000000000,1.0000000000000000,CENSUS,274,D,Observer,N,,,926607,926607,1.000
669183,118152,,SA,275,,N,U,107254,NEP,FRE,WHL,DeadOrZeroProbSurvival,Lan,,,,U,,,,NotApplicable,,,,,,,,,Box,,,1.0,1.0,1.0000000000000000,1.0000000000000000,CENSUS,275,D,Observer,N,,,1542262,1542262,1.000
669184,118153,,SA,276,,N,U,107254,NEP,FRE,WHL,DeadOrZeroProbSurvival,Lan,,,,U,,,,NotApplicable,,,,,,,,,Box,,,1.0,1.0,1.0000000000000000,1.0000000000000000,CENSUS,276,D,Observer,N,,,1063086,1063086,1.000
669185,118154,,SA,277,,N,U,107254,NEP,FRE,WHL,DeadOrZeroProbSurvival,Lan,,,,U,,,,NotApplicable,,,,,,,,,Box,,,1.0,1.0,1.0000000000000000,1.0000000000000000,CENSUS,277,D,Observer,N,,,137834,137834,1.000
669186,118155,,SA,278,,N,U,107254,NEP,FRE,WHL,DeadOrZeroProbSurvival,Lan,,,,U,,,,NotApplicable,,,,,,,,,Box,,,1.0,1.0,1.0000000000000000,1.0000000000000000,CENSUS,278,D,Observer,N,,,299142,299142,1.000
669187,118156,,SA,279,,N,U,107254,NEP,FRE,WHL,DeadOrZeroProbSurvival,Lan,,,,U,,,,NotApplicable,,,,,,,,,Box,,,1.0,1.0,1.0000000000000000,1.0000000000000000,CENSUS,279,D,Observer,N,,,450315,450315,1.000
669188,118157,,SA,28,,N,U,107254,NEP,FRE,WHL,DeadOrZeroProbSurvival,Lan,,,,U,,,,NotApplicable,,,,,,,,,Box,,,1.0,1.0,1.0000000000000000,1.0000000000000000,CENSUS,28,D,Observer,N,,,229818,229818,1.000
669189,118158,,SA,280,,N,U,107254,NEP,FRE,WHL,DeadOrZeroProbSurvival,Lan,,,,U,,,,NotApplicable,,,,,,,,,Box,,,1.0,1.0,1.0000000000000000,1.0000000000000000,CENSUS,280,D,Observer,N,,,167880,167880,1.000
669190,118159,,SA,281,,N,U,107254,NEP,FRE,WHL,DeadOrZeroProbSurvival,Lan,,,,U,,,,NotApplicable,,,,,,,,,Box,,,1.0,1.0,1.0000000000000000,1.0000000000000000,CENSUS,281,D,Observer,N,,,269435,269435,1.000
669191,118160,,SA,282,,N,U,107254,NEP,FRE,WHL,DeadOrZeroProbSurvival,Lan,,,,U,,,,NotApplicable,,,,,,,,,Box,,,1.0,1.0,1.0000000000000000,1.0000000000000000,CENSUS,282,D,Observer,N,,,2286947,2286947,1.000
669192,118161,,SA,283,,N,U,107254,NEP,FRE,WHL,DeadOrZeroProbSurvival,Lan,,,,U,,,,NotApplicable,,,,,,,,,Box,,,1.0,1.0,1.0000000000000000,1.0000000000000000,CENSUS,283,D,Observer,N,,,1271160,1271160,1.000
669193,118162,,SA,284,,N,U,107254,NEP,FRE,WHL,DeadOrZeroProbSurvival,Lan,,,,U,,,,NotApplicable,,,,,,,,,Box,,,1.0,1.0,1.0000000000000000,1.0000000000000000,CENSUS,284,D,Observer,N,,,213004,213004,1.000
669194,118163,,SA,285,,N,U,107254,NEP,FRE,WHL,DeadOrZeroProbSurvival,Lan,,,,U,,,,NotApplicable,,,,,,,,,Box,,,1.0,1.0,1.0000000000000000,1.0000000000000000,CENSUS,285,D,Observer,N,,,134788,134788,1.000
669195,118164,,SA,286,,N,U,107254,NEP,FRE,WHL,DeadOrZeroProbSurvival,Lan,,,,U,,,,NotApplicable,,,,,,,,,Box,,,1.0,1.0,1.0000000000000000,1.0000000000000000,CENSUS,286,D,Observer,N,,,1414415,1414415,1.000
669196,118165,,SA,287,,N,U,107254,NEP,FRE,WHL,DeadOrZeroProbSurvival,Lan,,,,U,,,,NotApplicable,,,,,,,,,Box,,,1.0,1.0,1.0000000000000000,1.0000000000000000,CENSUS,287,D,Observer,N,,,598694,598694,1.000
669197,118166,,SA,288,,N,U,107254,NEP,FRE,WHL,DeadOrZeroProbSurvival,Lan,,,,U,,,,NotApplicable,,,,,,,,,Box,,,1.0,1.0,1.0000000000000000,1.0000000000000000,CENSUS,288,D,Observer,N,,,10302,10302,1.000
669198,118167,,SA,289,,N,U,107254,NEP,FRE,WHL,DeadOrZeroProbSurvival,Lan,,,,U,,,,NotApplicable,,,,,,,,,Box,,,1.0,1.0,1.0000000000000000,1.0000000000000000,CENSUS,289,D,Observer,N,,,9021,9021,1.000
669199,118168,,SA,29,,N,U,107254,NEP,FRE,WHL,DeadOrZeroProbSurvival,Lan,,,,U,,,,NotApplicable,,,,,,,,,Box,,,1.0,1.0,1.0000000000000000,1.0000000000000000,CENSUS,29,D,Observer,N,,,223638,223638,1.000
669200,118169,,SA,290,,N,U,107254,NEP,FRE,WHL,DeadOrZeroProbSurvival,Lan,,,,U,,,,NotApplicable,,,,,,,,,Box,,,1.0,1.0,1.0000000000000000,1.0000000000000000,CENSUS,290,D,Observer,N,,,597766,597766,1.000
669201,118170,,SA,291,,N,U,107254,NEP,FRE,WHL,DeadOrZeroProbSurvival,Lan,,,,U,,,,NotApplicable,,,,,,,,,Box,,,1.0,1.0,1.0000000000000000,1.0000000000000000,CENSUS,291,D,Observer,N,,,373582,373582,1.000
669202,118171,,SA,292,,N,U,107254,NEP,FRE,WHL,DeadOrZeroProbSurvival,Lan,,,,U,,,,NotApplicable,,,,,,,,,Box,,,1.0,1.0,1.0000000000000000,1.0000000000000000,CENSUS,292,D,Observer,N,,,546303,546303,1.000
669203,118172,,SA,293,,N,U,107254,NEP,FRE,WHL,DeadOrZeroProbSurvival,Lan,,,,U,,,,NotApplicable,,,,,,,,,Box,,,1.0,1.0,1.0000000000000000,1.0000000000000000,CENSUS,293,D,Observer,N,,,82967,82967,1.000
669204,118173,,SA,294,,N,U,107254,NEP,FRE,WHL,DeadOrZeroProbSurvival,Lan,,,,U,,,,NotApplicable,,,,,,,,,Box,,,1.0,1.0,1.0000000000000000,1.0000000000000000,CENSUS,294,D,Observer,N,,,12611,12611,1.000
669205,118174,,SA,295,,N,U,107254,NEP,FRE,WHL,DeadOrZeroProbSurvival,Lan,,,,U,,,,NotApplicable,,,,,,,,,Box,,,1.0,1.0,1.0000000000000000,1.0000000000000000,CENSUS,295,D,Observer,N,,,670149,670149,1.000
669206,118175,,SA,296,,N,U,107254,NEP,FRE,WHL,DeadOrZeroProbSurvival,Lan,,,,U,,,,NotApplicable,,,,,,,,,Box,,,1.0,1.0,1.0000000000000000,1.0000000000000000,CENSUS,296,D,Observer,N,,,2149450,2149450,1.000
669207,118176,,SA,297,,N,U,107254,NEP,FRE,WHL,DeadOrZeroProbSurvival,Lan,,,,U,,,,NotApplicable,,,,,,,,,Box,,,1.0,1.0,1.0000000000000000,1.0000000000000000,CENSUS,297,D,Observer,N,,,59890,59890,1.000
669208,118177,,SA,298,,N,U,107254,NEP,FRE,WHL,DeadOrZeroProbSurvival,Lan,,,,U,,,,NotApplicable,,,,,,,,,Box,,,1.0,1.0,1.0000000000000000,1.0000000000000000,CENSUS,298,D,Observer,N,,,5361,5361,1.000
669209,118178,,SA,299,,N,U,107254,NEP,FRE,WHL,DeadOrZeroProbSurvival,Lan,,,,U,,,,NotApplicable,,,,,,,,,Box,,,1.0,1.0,1.0000000000000000,1.0000000000000000,CENSUS,299,D,Observer,N,,,325338,325338,1.000
669210,118179,,SA,3,,N,U,107254,NEP,FRE,WHL,DeadOrZeroProbSurvival,Lan,,,,U,,,,NotApplicable,,,,,,,,,Box,,,1.0,1.0,1.0000000000000000,1.0000000000000000,CENSUS,3,D,Observer,N,,,246938,246938,1.000
669211,118180,,SA,30,,N,U,107254,NEP,FRE,WHL,DeadOrZeroProbSurvival,Lan,,,,U,,,,NotApplicable,,,,,,,,,Box,,,1.0,1.0,1.0000000000000000,1.0000000000000000,CENSUS,30,D,Observer,N,,,584231,584231,1.000
669212,118181,,SA,300,,N,U,107254,NEP,FRE,WHL,DeadOrZeroProbSurvival,Lan,,,,U,,,,NotApplicable,,,,,,,,,Box,,,1.0,1.0,1.0000000000000000,1.0000000000000000,CENSUS,300,D,Observer,N,,,587339,587339,1.000
669213,118182,,SA,31,,N,U,107254,NEP,FRE,WHL,DeadOrZeroProbSurvival,Lan,,,,U,,,,NotApplicable,,,,,,,,,Box,,,1.0,1.0,1.0000000000000000,1.0000000000000000,CENSUS,31,D,Observer,N,,,471658,471658,1.000
669214,118183,,SA,32,,N,U,107254,NEP,FRE,WHL,DeadOrZeroProbSurvival,Lan,,,,U,,,,NotApplicable,,,,,,,,,Box,,,1.0,1.0,1.0000000000000000,1.0000000000000000,CENSUS,32,D,Observer,N,,,321728,321728,1.000
669215,118184,,SA,33,,N,U,107254,NEP,FRE,WHL,DeadOrZeroProbSurvival,Lan,,,,U,,,,NotApplicable,,,,,,,,,Box,,,1.0,1.0,1.0000000000000000,1.0000000000000000,CENSUS,33,D,Observer,N,,,702549,702549,1.000
669216,118185,,SA,34,,N,U,107254,NEP,FRE,WHL,DeadOrZeroProbSurvival,Lan,,,,U,,,,NotApplicable,,,,,,,,,Box,,,1.0,1.0,1.0000000000000000,1.0000000000000000,CENSUS,34,D,Observer,N,,,438142,438142,1.000
669217,118186,,SA,35,,N,U,107254,NEP,FRE,WHL,DeadOrZeroProbSurvival,Lan,,,,U,,,,NotApplicable,,,,,,,,,Box,,,1.0,1.0,1.0000000000000000,1.0000000000000000,CENSUS,35,D,Observer,N,,,188843,188843,1.000
669218,118187,,SA,36,,N,U,107254,NEP,FRE,WHL,DeadOrZeroProbSurvival,Lan,,,,U,,,,NotApplicable,,,,,,,,,Box,,,1.0,1.0,1.0000000000000000,1.0000000000000000,CENSUS,36,D,Observer,N,,,336254,336254,1.000
669219,118188,,SA,37,,N,U,107254,NEP,FRE,WHL,DeadOrZeroProbSurvival,Lan,,,,U,,,,NotApplicable,,,,,,,,,Box,,,1.0,1.0,1.0000000000000000,1.0000000000000000,CENSUS,37,D,Observer,N,,,688468,688468,1.000
669220,118189,,SA,38,,N,U,107254,NEP,FRE,WHL,DeadOrZeroProbSurvival,Lan,,,,U,,,,NotApplicable,,,,,,,,,Box,,,1.0,1.0,1.0000000000000000,1.0000000000000000,CENSUS,38,D,Observer,N,,,164025,164025,1.000
669221,118190,,SA,39,,N,U,107254,NEP,FRE,WHL,DeadOrZeroProbSurvival,Lan,,,,U,,,,NotApplicable,,,,,,,,,Box,,,1.0,1.0,1.0000000000000000,1.0000000000000000,CENSUS,39,D,Observer,N,,,219042,219042,1.000
669222,118191,,SA,4,,N,U,107254,NEP,FRE,WHL,DeadOrZeroProbSurvival,Lan,,,,U,,,,NotApplicable,,,,,,,,,Box,,,1.0,1.0,1.0000000000000000,1.0000000000000000,CENSUS,4,D,Observer,N,,,206781,206781,1.000
669223,118192,,SA,40,,N,U,107254,NEP,FRE,WHL,DeadOrZeroProbSurvival,Lan,,,,U,,,,NotApplicable,,,,,,,,,Box,,,1.0,1.0,1.0000000000000000,1.0000000000000000,CENSUS,40,D,Observer,N,,,229120,229120,1.000
669224,118193,,SA,41,,N,U,107254,NEP,FRE,WHL,DeadOrZeroProbSurvival,Lan,,,,U,,,,NotApplicable,,,,,,,,,Box,,,1.0,1.0,1.0000000000000000,1.0000000000000000,CENSUS,41,D,Observer,N,,,312858,312858,1.000
669225,118194,,SA,42,,N,U,107254,NEP,FRE,WHL,DeadOrZeroProbSurvival,Lan,,,,U,,,,NotApplicable,,,,,,,,,Box,,,1.0,1.0,1.0000000000000000,1.0000000000000000,CENSUS,42,D,Observer,N,,,181020,181020,1.000
669226,118195,,SA,43,,N,U,107254,NEP,FRE,WHL,DeadOrZeroProbSurvival,Lan,,,,U,,,,NotApplicable,,,,,,,,,Box,,,1.0,1.0,1.0000000000000000,1.0000000000000000,CENSUS,43,D,Observer,N,,,392835,392835,1.000
669227,118196,,SA,44,,N,U,107254,NEP,FRE,WHL,DeadOrZeroProbSurvival,Lan,,,,U,,,,NotApplicable,,,,,,,,,Box,,,1.0,1.0,1.0000000000000000,1.0000000000000000,CENSUS,44,D,Observer,N,,,290454,290454,1.000
669228,118197,,SA,45,,N,U,107254,NEP,FRE,WHL,DeadOrZeroProbSurvival,Lan,,,,U,,,,NotApplicable,,,,,,,,,Box,,,1.0,1.0,1.0000000000000000,1.0000000000000000,CENSUS,45,D,Observer,N,,,510319,510319,1.000
669229,118198,,SA,46,,N,U,107254,NEP,FRE,WHL,DeadOrZeroProbSurvival,Lan,,,,U,,,,NotApplicable,,,,,,,,,Box,,,1.0,1.0,1.0000000000000000,1.0000000000000000,CENSUS,46,D,Observer,N,,,174314,174314,1.000
669230,118199,,SA,47,,N,U,107254,NEP,FRE,WHL,DeadOrZeroProbSurvival,Lan,,,,U,,,,NotApplicable,,,,,,,,,Box,,,1.0,1.0,1.0000000000000000,1.0000000000000000,CENSUS,47,D,Observer,N,,,195077,195077,1.000
669231,118200,,SA,48,,N,U,107254,NEP,FRE,WHL,DeadOrZeroProbSurvival,Lan,,,,U,,,,NotApplicable,,,,,,,,,Box,,,1.0,1.0,1.0000000000000000,1.0000000000000000,CENSUS,48,D,Observer,N,,,612112,612112,1.000
669232,118201,,SA,49,,N,U,107254,NEP,FRE,WHL,DeadOrZeroProbSurvival,Lan,,,,U,,,,NotApplicable,,,,,,,,,Box,,,1.0,1.0,1.0000000000000000,1.0000000000000000,CENSUS,49,D,Observer,N,,,528731,528731,1.000
669233,118202,,SA,5,,N,U,107254,NEP,FRE,WHL,DeadOrZeroProbSurvival,Lan,,,,U,,,,NotApplicable,,,,,,,,,Box,,,1.0,1.0,1.0000000000000000,1.0000000000000000,CENSUS,5,D,Observer,N,,,78772,78772,1.000
669234,118203,,SA,50,,N,U,107254,NEP,FRE,WHL,DeadOrZeroProbSurvival,Lan,,,,U,,,,NotApplicable,,,,,,,,,Box,,,1.0,1.0,1.0000000000000000,1.0000000000000000,CENSUS,50,D,Observer,N,,,98838,98838,1.000
669235,118204,,SA,51,,N,U,107254,NEP,FRE,WHL,DeadOrZeroProbSurvival,Lan,,,,U,,,,NotApplicable,,,,,,,,,Box,,,1.0,1.0,1.0000000000000000,1.0000000000000000,CENSUS,51,D,Observer,N,,,69354,69354,1.000
669236,118205,,SA,52,,N,U,107254,NEP,FRE,WHL,DeadOrZeroProbSurvival,Lan,,,,U,,,,NotApplicable,,,,,,,,,Box,,,1.0,1.0,1.0000000000000000,1.0000000000000000,CENSUS,52,D,Observer,N,,,280089,280089,1.000
669237,118206,,SA,53,,N,U,107254,NEP,FRE,WHL,DeadOrZeroProbSurvival,Lan,,,,U,,,,NotApplicable,,,,,,,,,Box,,,1.0,1.0,1.0000000000000000,1.0000000000000000,CENSUS,53,D,Observer,N,,,444407,444407,1.000
669238,118207,,SA,54,,N,U,107254,NEP,FRE,WHL,DeadOrZeroProbSurvival,Lan,,,,U,,,,NotApplicable,,,,,,,,,Box,,,1.0,1.0,1.0000000000000000,1.0000000000000000,CENSUS,54,D,Observer,N,,,224030,224030,1.000
669239,118208,,SA,55,,N,U,107254,NEP,FRE,WHL,DeadOrZeroProbSurvival,Lan,,,,U,,,,NotApplicable,,,,,,,,,Box,,,1.0,1.0,1.0000000000000000,1.0000000000000000,CENSUS,55,D,Observer,N,,,448834,448834,1.000
669240,118209,,SA,56,,N,U,107254,NEP,FRE,WHL,DeadOrZeroProbSurvival,Lan,,,,U,,,,NotApplicable,,,,,,,,,Box,,,1.0,1.0,1.0000000000000000,1.0000000000000000,CENSUS,56,D,Observer,N,,,16099,16099,1.000
669241,118210,,SA,57,,N,U,107254,NEP,FRE,WHL,DeadOrZeroProbSurvival,Lan,,,,U,,,,NotApplicable,,,,,,,,,Box,,,1.0,1.0,1.0000000000000000,1.0000000000000000,CENSUS,57,D,Observer,N,,,130051,130051,1.000
669242,118211,,SA,58,,N,U,107254,NEP,FRE,WHL,DeadOrZeroProbSurvival,Lan,,,,U,,,,NotApplicable,,,,,,,,,Box,,,1.0,1.0,1.0000000000000000,1.0000000000000000,CENSUS,58,D,Observer,N,,,302487,302487,1.000
669243,118212,,SA,59,,N,U,107254,NEP,FRE,WHL,DeadOrZeroProbSurvival,Lan,,,,U,,,,NotApplicable,,,,,,,,,Box,,,1.0,1.0,1.0000000000000000,1.0000000000000000,CENSUS,59,D,Observer,N,,,612694,612694,1.000
669244,118213,,SA,6,,N,U,107254,NEP,FRE,WHL,DeadOrZeroProbSurvival,Lan,,,,U,,,,NotApplicable,,,,,,,,,Box,,,1.0,1.0,1.0000000000000000,1.0000000000000000,CENSUS,6,D,Observer,N,,,210897,210897,1.000
669245,118214,,SA,60,,N,U,107254,NEP,FRE,WHL,DeadOrZeroProbSurvival,Lan,,,,U,,,,NotApplicable,,,,,,,,,Box,,,1.0,1.0,1.0000000000000000,1.0000000000000000,CENSUS,60,D,Observer,N,,,165371,165371,1.000
669246,118215,,SA,61,,N,U,107254,NEP,FRE,WHL,DeadOrZeroProbSurvival,Lan,,,,U,,,,NotApplicable,,,,,,,,,Box,,,1.0,1.0,1.0000000000000000,1.0000000000000000,CENSUS,61,D,Observer,N,,,259498,259498,1.000
669247,118216,,SA,62,,N,U,107254,NEP,FRE,WHL,DeadOrZeroProbSurvival,Lan,,,,U,,,,NotApplicable,,,,,,,,,Box,,,1.0,1.0,1.0000000000000000,1.0000000000000000,CENSUS,62,D,Observer,N,,,232591,232591,1.000
669248,118217,,SA,63,,N,U,107254,NEP,FRE,WHL,DeadOrZeroProbSurvival,Lan,,,,U,,,,NotApplicable,,,,,,,,,Box,,,1.0,1.0,1.0000000000000000,1.0000000000000000,CENSUS,63,D,Observer,N,,,425288,425288,1.000
669249,118218,,SA,64,,N,U,107254,NEP,FRE,WHL,DeadOrZeroProbSurvival,Lan,,,,U,,,,NotApplicable,,,,,,,,,Box,,,1.0,1.0,1.0000000000000000,1.0000000000000000,CENSUS,64,D,Observer,N,,,221357,221357,1.000
669250,118219,,SA,65,,N,U,107254,NEP,FRE,WHL,DeadOrZeroProbSurvival,Lan,,,,U,,,,NotApplicable,,,,,,,,,Box,,,1.0,1.0,1.0000000000000000,1.0000000000000000,CENSUS,65,D,Observer,N,,,241778,241778,1.000
669251,118220,,SA,66,,N,U,107254,NEP,FRE,WHL,DeadOrZeroProbSurvival,Lan,,,,U,,,,NotApplicable,,,,,,,,,Box,,,1.0,1.0,1.0000000000000000,1.0000000000000000,CENSUS,66,D,Observer,N,,,226336,226336,1.000
669252,118221,,SA,67,,N,U,107254,NEP,FRE,WHL,DeadOrZeroProbSurvival,Lan,,,,U,,,,NotApplicable,,,,,,,,,Box,,,1.0,1.0,1.0000000000000000,1.0000000000000000,CENSUS,67,D,Observer,N,,,191291,191291,1.000
669253,118222,,SA,68,,N,U,107254,NEP,FRE,WHL,DeadOrZeroProbSurvival,Lan,,,,U,,,,NotApplicable,,,,,,,,,Box,,,1.0,1.0,1.0000000000000000,1.0000000000000000,CENSUS,68,D,Observer,N,,,517623,517623,1.000
669254,118223,,SA,69,,N,U,107254,NEP,FRE,WHL,DeadOrZeroProbSurvival,Lan,,,,U,,,,NotApplicable,,,,,,,,,Box,,,1.0,1.0,1.0000000000000000,1.0000000000000000,CENSUS,69,D,Observer,N,,,316551,316551,1.000
669255,118224,,SA,7,,N,U,107254,NEP,FRE,WHL,DeadOrZeroProbSurvival,Lan,,,,U,,,,NotApplicable,,,,,,,,,Box,,,1.0,1.0,1.0000000000000000,1.0000000000000000,CENSUS,7,D,Observer,N,,,507101,507101,1.000
669256,118225,,SA,70,,N,U,107254,NEP,FRE,WHL,DeadOrZeroProbSurvival,Lan,,,,U,,,,NotApplicable,,,,,,,,,Box,,,1.0,1.0,1.0000000000000000,1.0000000000000000,CENSUS,70,D,Observer,N,,,137747,137747,1.000
669257,118226,,SA,71,,N,U,107254,NEP,FRE,WHL,DeadOrZeroProbSurvival,Lan,,,,U,,,,NotApplicable,,,,,,,,,Box,,,1.0,1.0,1.0000000000000000,1.0000000000000000,CENSUS,71,D,Observer,N,,,197530,197530,1.000
669258,118227,,SA,72,,N,U,107254,NEP,FRE,WHL,DeadOrZeroProbSurvival,Lan,,,,U,,,,NotApplicable,,,,,,,,,Box,,,1.0,1.0,1.0000000000000000,1.0000000000000000,CENSUS,72,D,Observer,N,,,402212,402212,1.000
669259,118228,,SA,73,,N,U,107254,NEP,FRE,WHL,DeadOrZeroProbSurvival,Lan,,,,U,,,,NotApplicable,,,,,,,,,Box,,,1.0,1.0,1.0000000000000000,1.0000000000000000,CENSUS,73,D,Observer,N,,,197736,197736,1.000
669260,118229,,SA,74,,N,U,107254,NEP,FRE,WHL,DeadOrZeroProbSurvival,Lan,,,,U,,,,NotApplicable,,,,,,,,,Box,,,1.0,1.0,1.0000000000000000,1.0000000000000000,CENSUS,74,D,Observer,N,,,298854,298854,1.000
669261,118230,,SA,75,,N,U,107254,NEP,FRE,WHL,DeadOrZeroProbSurvival,Lan,,,,U,,,,NotApplicable,,,,,,,,,Box,,,1.0,1.0,1.0000000000000000,1.0000000000000000,CENSUS,75,D,Observer,N,,,1006831,1006831,1.000
669262,118231,,SA,76,,N,U,107254,NEP,FRE,WHL,DeadOrZeroProbSurvival,Lan,,,,U,,,,NotApplicable,,,,,,,,,Box,,,1.0,1.0,1.0000000000000000,1.0000000000000000,CENSUS,76,D,Observer,N,,,189467,189467,1.000
669263,118232,,SA,77,,N,U,107254,NEP,FRE,WHL,DeadOrZeroProbSurvival,Lan,,,,U,,,,NotApplicable,,,,,,,,,Box,,,1.0,1.0,1.0000000000000000,1.0000000000000000,CENSUS,77,D,Observer,N,,,257761,257761,1.000
669264,118233,,SA,78,,N,U,107254,NEP,FRE,WHL,DeadOrZeroProbSurvival,Lan,,,,U,,,,NotApplicable,,,,,,,,,Box,,,1.0,1.0,1.0000000000000000,1.0000000000000000,CENSUS,78,D,Observer,N,,,304032,304032,1.000
669265,118234,,SA,79,,N,U,107254,NEP,FRE,WHL,DeadOrZeroProbSurvival,Lan,,,,U,,,,NotApplicable,,,,,,,,,Box,,,1.0,1.0,1.0000000000000000,1.0000000000000000,CENSUS,79,D,Observer,N,,,237239,237239,1.000
669266,118235,,SA,8,,N,U,107254,NEP,FRE,WHL,DeadOrZeroProbSurvival,Lan,,,,U,,,,NotApplicable,,,,,,,,,Box,,,1.0,1.0,1.0000000000000000,1.0000000000000000,CENSUS,8,D,Observer,N,,,332358,332358,1.000
669267,118236,,SA,80,,N,U,107254,NEP,FRE,WHL,DeadOrZeroProbSurvival,Lan,,,,U,,,,NotApplicable,,,,,,,,,Box,,,1.0,1.0,1.0000000000000000,1.0000000000000000,CENSUS,80,D,Observer,N,,,244927,244927,1.000
669268,118237,,SA,81,,N,U,107254,NEP,FRE,WHL,DeadOrZeroProbSurvival,Lan,,,,U,,,,NotApplicable,,,,,,,,,Box,,,1.0,1.0,1.0000000000000000,1.0000000000000000,CENSUS,81,D,Observer,N,,,392935,392935,1.000
669269,118238,,SA,82,,N,U,107254,NEP,FRE,WHL,DeadOrZeroProbSurvival,Lan,,,,U,,,,NotApplicable,,,,,,,,,Box,,,1.0,1.0,1.0000000000000000,1.0000000000000000,CENSUS,82,D,Observer,N,,,249731,249731,1.000
669270,118239,,SA,83,,N,U,107254,NEP,FRE,WHL,DeadOrZeroProbSurvival,Lan,,,,U,,,,NotApplicable,,,,,,,,,Box,,,1.0,1.0,1.0000000000000000,1.0000000000000000,CENSUS,83,D,Observer,N,,,192311,192311,1.000
669271,118240,,SA,84,,N,U,107254,NEP,FRE,WHL,DeadOrZeroProbSurvival,Lan,,,,U,,,,NotApplicable,,,,,,,,,Box,,,1.0,1.0,1.0000000000000000,1.0000000000000000,CENSUS,84,D,Observer,N,,,343115,343115,1.000
669272,118241,,SA,85,,N,U,107254,NEP,FRE,WHL,DeadOrZeroProbSurvival,Lan,,,,U,,,,NotApplicable,,,,,,,,,Box,,,1.0,1.0,1.0000000000000000,1.0000000000000000,CENSUS,85,D,Observer,N,,,226042,226042,1.000
669273,118242,,SA,86,,N,U,107254,NEP,FRE,WHL,DeadOrZeroProbSurvival,Lan,,,,U,,,,NotApplicable,,,,,,,,,Box,,,1.0,1.0,1.0000000000000000,1.0000000000000000,CENSUS,86,D,Observer,N,,,349252,349252,1.000
669274,118243,,SA,87,,N,U,107254,NEP,FRE,WHL,DeadOrZeroProbSurvival,Lan,,,,U,,,,NotApplicable,,,,,,,,,Box,,,1.0,1.0,1.0000000000000000,1.0000000000000000,CENSUS,87,D,Observer,N,,,347598,347598,1.000
669275,118244,,SA,88,,N,U,107254,NEP,FRE,WHL,DeadOrZeroProbSurvival,Lan,,,,U,,,,NotApplicable,,,,,,,,,Box,,,1.0,1.0,1.0000000000000000,1.0000000000000000,CENSUS,88,D,Observer,N,,,312079,312079,1.000
669276,118245,,SA,89,,N,U,107254,NEP,FRE,WHL,DeadOrZeroProbSurvival,Lan,,,,U,,,,NotApplicable,,,,,,,,,Box,,,1.0,1.0,1.0000000000000000,1.0000000000000000,CENSUS,89,D,Observer,N,,,193556,193556,1.000
669277,118246,,SA,9,,N,U,107254,NEP,FRE,WHL,DeadOrZeroProbSurvival,Lan,,,,U,,,,NotApplicable,,,,,,,,,Box,,,1.0,1.0,1.0000000000000000,1.0000000000000000,CENSUS,9,D,Observer,N,,,402202,402202,1.000
669278,118247,,SA,90,,N,U,107254,NEP,FRE,WHL,DeadOrZeroProbSurvival,Lan,,,,U,,,,NotApplicable,,,,,,,,,Box,,,1.0,1.0,1.0000000000000000,1.0000000000000000,CENSUS,90,D,Observer,N,,,203974,203974,1.000
669279,118248,,SA,91,,N,U,107254,NEP,FRE,WHL,DeadOrZeroProbSurvival,Lan,,,,U,,,,NotApplicable,,,,,,,,,Box,,,1.0,1.0,1.0000000000000000,1.0000000000000000,CENSUS,91,D,Observer,N,,,86236,86236,1.000
669280,118249,,SA,92,,N,U,107254,NEP,FRE,WHL,DeadOrZeroProbSurvival,Lan,,,,U,,,,NotApplicable,,,,,,,,,Box,,,1.0,1.0,1.0000000000000000,1.0000000000000000,CENSUS,92,D,Observer,N,,,834293,834293,1.000
669281,118250,,SA,93,,N,U,107254,NEP,FRE,WHL,DeadOrZeroProbSurvival,Lan,,,,U,,,,NotApplicable,,,,,,,,,Box,,,1.0,1.0,1.0000000000000000,1.0000000000000000,CENSUS,93,D,Observer,N,,,443290,443290,1.000
669282,118251,,SA,94,,N,U,107254,NEP,FRE,WHL,DeadOrZeroProbSurvival,Lan,,,,U,,,,NotApplicable,,,,,,,,,Box,,,1.0,1.0,1.0000000000000000,1.0000000000000000,CENSUS,94,D,Observer,N,,,131563,131563,1.000
669283,118252,,SA,95,,N,U,107254,NEP,FRE,WHL,DeadOrZeroProbSurvival,Lan,,,,U,,,,NotApplicable,,,,,,,,,Box,,,1.0,1.0,1.0000000000000000,1.0000000000000000,CENSUS,95,D,Observer,N,,,129416,129416,1.000
669284,118253,,SA,96,,N,U,107254,NEP,FRE,WHL,DeadOrZeroProbSurvival,Lan,,,,U,,,,NotApplicable,,,,,,,,,Box,,,1.0,1.0,1.0000000000000000,1.0000000000000000,CENSUS,96,D,Observer,N,,,134028,134028,1.000
669285,118254,,SA,97,,N,U,107254,NEP,FRE,WHL,DeadOrZeroProbSurvival,Lan,,,,U,,,,NotApplicable,,,,,,,,,Box,,,1.0,1.0,1.0000000000000000,1.0000000000000000,CENSUS,97,D,Observer,N,,,451362,451362,1.000
669286,118255,,SA,98,,N,U,107254,NEP,FRE,WHL,DeadOrZeroProbSurvival,Lan,,,,U,,,,NotApplicable,,,,,,,,,Box,,,1.0,1.0,1.0000000000000000,1.0000000000000000,CENSUS,98,D,Observer,N,,,41666,41666,1.000
669287,118256,,SA,99,,N,U,107254,NEP,FRE,WHL,DeadOrZeroProbSurvival,Lan,,,,U,,,,NotApplicable,,,,,,,,,Box,,,1.0,1.0,1.0000000000000000,1.0000000000000000,CENSUS,99,D,Observer,N,,,347420,347420,1.000
