VSid,SDid,VDid,TEid,VSrecordType,VSsequenceNumber,VSencryptedVesselCode,VSstratification,VSstratumName,VSclustering,VSclusterName,VSsampler,VSnumberTotal,VSnumberSampled,VSselectionProb,VSinclusionProb,VSselectionMethod,VSunitName,VSselectionMethodCluster,VSnumberTotalClusters,VSnumberSampledClusters,VSselectionProbCluster,VSinclusionProbCluster,VSsampled,VSreasonNotSampled
66872,4186,414227,,VS,1,26820,Y,NC,N,U,Observer,1054,103,,,SRSWOR,PIERCE C NE NC 1,,,,,,Y,
66873,4186,414236,,VS,10,32376,Y,NC,N,U,Observer,1054,103,,,SRSWOR,SHERIDAN KS NC 10,,,,,,Y,
66874,4186,414326,,VS,100,29208,Y,NC,N,U,Observer,1054,103,,,SRSWOR,BOND COU IL NC 100,,,,,,Y,
66875,4186,414327,,VS,101,38570,Y,NC,N,U,Observer,1054,103,,,SRSWOR,CHEYENNE KS NC 101,,,,,,Y,
66876,4186,414328,,VS,102,51540,Y,NC,N,U,Observer,1054,103,,,SRSWOR,BOYD COU NE NC 102,,,,,,Y,
66877,4186,414329,,VS,103,42928,Y,NC,N,U,Observer,1054,103,,,SRSWOR,CASS COU NE NC 103,,,,,,Y,
66878,4186,414330,,VS,104,31828,Y,NE,N,U,Observer,220,21,,,SRSWOR,CHESTER PA NE 104,,,,,,Y,
66879,4186,414331,,VS,105,39066,Y,NE,N,U,Observer,220,21,,,SRSWOR,OSWEGO C NY NE 105,,,,,,Y,
66880,4186,414332,,VS,106,41574,Y,NE,N,U,Observer,220,21,,,SRSWOR,MONTOUR PA NE 106,,,,,,Y,
66881,4186,414333,,VS,107,28864,Y,NE,N,U,Observer,220,21,,,SRSWOR,NEW LOND CT NE 107,,,,,,Y,
66882,4186,414334,,VS,108,29556,Y,NE,N,U,Observer,220,21,,,SRSWOR,CUMBERLA ME NE 108,,,,,,Y,
66883,4186,414335,,VS,109,46450,Y,NE,N,U,Observer,220,21,,,SRSWOR,FULTON C PA NE 109,,,,,,Y,
66884,4186,414237,,VS,11,31356,Y,NC,N,U,Observer,1054,103,,,SRSWOR,MACOUPIN IL NC 11,,,,,,Y,
66885,4186,414336,,VS,110,44060,Y,NE,N,U,Observer,220,21,,,SRSWOR,ESSEX CO VT NE 110,,,,,,Y,
66886,4186,414337,,VS,111,26654,Y,NE,N,U,Observer,220,21,,,SRSWOR,PLYMOUTH MA NE 111,,,,,,Y,
66887,4186,414338,,VS,112,45832,Y,NE,N,U,Observer,220,21,,,SRSWOR,MONROE C PA NE 112,,,,,,Y,
66888,4186,414339,,VS,113,18810,Y,NE,N,U,Observer,220,21,,,SRSWOR,CLINTON NY NE 113,,,,,,Y,
66889,4186,414340,,VS,114,29566,Y,NE,N,U,Observer,220,21,,,SRSWOR,ST LAWRE NY NE 114,,,,,,Y,
66890,4186,414341,,VS,115,40948,Y,NE,N,U,Observer,220,21,,,SRSWOR,MORRIS C NJ NE 115,,,,,,Y,
66891,4186,414342,,VS,116,42184,Y,NE,N,U,Observer,220,21,,,SRSWOR,CUMBERLA PA NE 116,,,,,,Y,
66892,4186,414343,,VS,117,50134,Y,NE,N,U,Observer,220,21,,,SRSWOR,YATES CO NY NE 117,,,,,,Y,
66893,4186,414344,,VS,118,51890,Y,NE,N,U,Observer,220,21,,,SRSWOR,DELAWARE NY NE 118,,,,,,Y,
66894,4186,414345,,VS,119,43208,Y,NE,N,U,Observer,220,21,,,SRSWOR,NEW YORK NY NE 119,,,,,,Y,
66895,4186,414238,,VS,12,17418,Y,NC,N,U,Observer,1054,103,,,SRSWOR,CARROLL IL NC 12,,,,,,Y,
66896,4186,414346,,VS,120,47182,Y,NE,N,U,Observer,220,21,,,SRSWOR,ULSTER C NY NE 120,,,,,,Y,
66897,4186,414347,,VS,121,51476,Y,NE,N,U,Observer,220,21,,,SRSWOR,UNION CO PA NE 121,,,,,,Y,
66898,4186,414348,,VS,122,51036,Y,NE,N,U,Observer,220,21,,,SRSWOR,SULLIVAN PA NE 122,,,,,,Y,
66899,4186,414349,,VS,123,47290,Y,NE,N,U,Observer,220,21,,,SRSWOR,MONTGOME NY NE 123,,,,,,Y,
66900,4186,414350,,VS,124,43882,Y,NE,N,U,Observer,220,21,,,SRSWOR,LEHIGH C PA NE 124,,,,,,Y,
66901,4186,414351,,VS,125,28846,Y,S,N,U,Observer,1382,135,,,SRSWOR,LAMPASAS TX S 125,,,,,,Y,
66902,4186,414352,,VS,126,50164,Y,S,N,U,Observer,1382,135,,,SRSWOR,MONROE C GA S 126,,,,,,Y,
66903,4186,414353,,VS,127,20166,Y,S,N,U,Observer,1382,135,,,SRSWOR,LOVING C TX S 127,,,,,,Y,
66904,4186,414354,,VS,128,47484,Y,S,N,U,Observer,1382,135,,,SRSWOR,FISHER C TX S 128,,,,,,Y,
66905,4186,414355,,VS,129,43946,Y,S,N,U,Observer,1382,135,,,SRSWOR,SEMINOLE OK S 129,,,,,,Y,
66906,4186,414239,,VS,13,50358,Y,NC,N,U,Observer,1054,103,,,SRSWOR,HOUSTON MN NC 13,,,,,,Y,
66907,4186,414356,,VS,130,39562,Y,S,N,U,Observer,1382,135,,,SRSWOR,LINCOLN KY S 130,,,,,,Y,
66908,4186,414357,,VS,131,46988,Y,S,N,U,Observer,1382,135,,,SRSWOR,SEVIER C AR S 131,,,,,,Y,
66909,4186,414358,,VS,132,23406,Y,S,N,U,Observer,1382,135,,,SRSWOR,GWINNETT GA S 132,,,,,,Y,
66910,4186,414359,,VS,133,30682,Y,S,N,U,Observer,1382,135,,,SRSWOR,FULTON C GA S 133,,,,,,Y,
66911,4186,414360,,VS,134,50668,Y,S,N,U,Observer,1382,135,,,SRSWOR,SUMTER C SC S 134,,,,,,Y,
66912,4186,414361,,VS,135,26254,Y,S,N,U,Observer,1382,135,,,SRSWOR,CHATHAM GA S 135,,,,,,Y,
66913,4186,414362,,VS,136,39802,Y,S,N,U,Observer,1382,135,,,SRSWOR,GREENBRI WV S 136,,,,,,Y,
66914,4186,414363,,VS,137,51768,Y,S,N,U,Observer,1382,135,,,SRSWOR,TUCKER C WV S 137,,,,,,Y,
66915,4186,414364,,VS,138,39828,Y,S,N,U,Observer,1382,135,,,SRSWOR,CARROLL MS S 138,,,,,,Y,
66916,4186,414365,,VS,139,50812,Y,S,N,U,Observer,1382,135,,,SRSWOR,QUITMAN MS S 139,,,,,,Y,
66917,4186,414240,,VS,14,51358,Y,NC,N,U,Observer,1054,103,,,SRSWOR,CRAWFORD KS NC 14,,,,,,Y,
66918,4186,414366,,VS,140,42704,Y,S,N,U,Observer,1382,135,,,SRSWOR,HALE COU TX S 140,,,,,,Y,
66919,4186,414367,,VS,141,40820,Y,S,N,U,Observer,1382,135,,,SRSWOR,STERLING TX S 141,,,,,,Y,
66920,4186,414368,,VS,142,47446,Y,S,N,U,Observer,1382,135,,,SRSWOR,MONTGOME MD S 142,,,,,,Y,
66921,4186,414369,,VS,143,40476,Y,S,N,U,Observer,1382,135,,,SRSWOR,MONTGOME MS S 143,,,,,,Y,
66922,4186,414370,,VS,144,17258,Y,S,N,U,Observer,1382,135,,,SRSWOR,SABINE P LA S 144,,,,,,Y,
66923,4186,414371,,VS,145,33832,Y,S,N,U,Observer,1382,135,,,SRSWOR,CRAIGHEA AR S 145,,,,,,Y,
66924,4186,414372,,VS,146,45572,Y,S,N,U,Observer,1382,135,,,SRSWOR,UNION CO NC S 146,,,,,,Y,
66925,4186,414373,,VS,147,46852,Y,S,N,U,Observer,1382,135,,,SRSWOR,CARTER C OK S 147,,,,,,Y,
66926,4186,414374,,VS,148,50776,Y,S,N,U,Observer,1382,135,,,SRSWOR,DECATUR GA S 148,,,,,,Y,
66927,4186,414375,,VS,149,39486,Y,S,N,U,Observer,1382,135,,,SRSWOR,CHOWAN C NC S 149,,,,,,Y,
66928,4186,414241,,VS,15,51168,Y,NC,N,U,Observer,1054,103,,,SRSWOR,MISSISSI MO NC 15,,,,,,Y,
66929,4186,414376,,VS,150,46204,Y,S,N,U,Observer,1382,135,,,SRSWOR,HILLSBOR FL S 150,,,,,,Y,
66930,4186,414377,,VS,151,28752,Y,S,N,U,Observer,1382,135,,,SRSWOR,CLAYTON GA S 151,,,,,,Y,
66931,4186,414378,,VS,152,45524,Y,S,N,U,Observer,1382,135,,,SRSWOR,LOWNDES AL S 152,,,,,,Y,
66932,4186,414379,,VS,153,51486,Y,S,N,U,Observer,1382,135,,,SRSWOR,LIBERTY GA S 153,,,,,,Y,
66933,4186,414380,,VS,154,38764,Y,S,N,U,Observer,1382,135,,,SRSWOR,RUSK COU TX S 154,,,,,,Y,
66934,4186,414381,,VS,155,24374,Y,S,N,U,Observer,1382,135,,,SRSWOR,TROUSDAL TN S 155,,,,,,Y,
66935,4186,414382,,VS,156,47848,Y,S,N,U,Observer,1382,135,,,SRSWOR,PERQUIMA NC S 156,,,,,,Y,
66936,4186,414383,,VS,157,51174,Y,S,N,U,Observer,1382,135,,,SRSWOR,JEFFERSO WV S 157,,,,,,Y,
66937,4186,414384,,VS,158,23000,Y,S,N,U,Observer,1382,135,,,SRSWOR,OGLETHOR GA S 158,,,,,,Y,
66938,4186,414385,,VS,159,46252,Y,S,N,U,Observer,1382,135,,,SRSWOR,GA RFIEL OK S 159,,,,,,Y,
66939,4186,414242,,VS,16,52004,Y,NC,N,U,Observer,1054,103,,,SRSWOR,PUTNAM C IL NC 16,,,,,,Y,
66940,4186,414386,,VS,160,38374,Y,S,N,U,Observer,1382,135,,,SRSWOR,DALE COU AL S 160,,,,,,Y,
66941,4186,414387,,VS,161,46288,Y,S,N,U,Observer,1382,135,,,SRSWOR,CULLMAN AL S 161,,,,,,Y,
66942,4186,414388,,VS,162,50502,Y,S,N,U,Observer,1382,135,,,SRSWOR,DUVAL CO TX S 162,,,,,,Y,
66943,4186,414389,,VS,163,32408,Y,S,N,U,Observer,1382,135,,,SRSWOR,SAMPSON NC S 163,,,,,,Y,
66944,4186,414390,,VS,164,21974,Y,S,N,U,Observer,1382,135,,,SRSWOR,CAMPBELL VA S 164,,,,,,Y,
66945,4186,414391,,VS,165,46440,Y,S,N,U,Observer,1382,135,,,SRSWOR,GREENE C NC S 165,,,,,,Y,
66946,4186,414392,,VS,166,39878,Y,S,N,U,Observer,1382,135,,,SRSWOR,CARTER C KY S 166,,,,,,Y,
66947,4186,414393,,VS,167,34250,Y,S,N,U,Observer,1382,135,,,SRSWOR,GA TES C NC S 167,,,,,,Y,
66948,4186,414394,,VS,168,24244,Y,S,N,U,Observer,1382,135,,,SRSWOR,ORLEANS LA S 168,,,,,,Y,
66949,4186,414395,,VS,169,32766,Y,S,N,U,Observer,1382,135,,,SRSWOR,HAYS COU TX S 169,,,,,,Y,
66950,4186,414243,,VS,17,38728,Y,NC,N,U,Observer,1054,103,,,SRSWOR,STARK CO IL NC 17,,,,,,Y,
66951,4186,414396,,VS,170,40382,Y,S,N,U,Observer,1382,135,,,SRSWOR,EASTLAND TX S 170,,,,,,Y,
66952,4186,414397,,VS,171,46960,Y,S,N,U,Observer,1382,135,,,SRSWOR,TALBOT C GA S 171,,,,,,Y,
66953,4186,414398,,VS,172,20156,Y,S,N,U,Observer,1382,135,,,SRSWOR,DODDRIDG WV S 172,,,,,,Y,
66954,4186,414399,,VS,173,24346,Y,S,N,U,Observer,1382,135,,,SRSWOR,HICKMAN TN S 173,,,,,,Y,
66955,4186,414400,,VS,174,47938,Y,S,N,U,Observer,1382,135,,,SRSWOR,BURKE CO NC S 174,,,,,,Y,
66956,4186,414401,,VS,175,43126,Y,S,N,U,Observer,1382,135,,,SRSWOR,HOUSTON TX S 175,,,,,,Y,
66957,4186,414402,,VS,176,51988,Y,S,N,U,Observer,1382,135,,,SRSWOR,HALL COU TX S 176,,,,,,Y,
66958,4186,414403,,VS,177,46504,Y,S,N,U,Observer,1382,135,,,SRSWOR,MCCRACKE KY S 177,,,,,,Y,
66959,4186,414404,,VS,178,41312,Y,S,N,U,Observer,1382,135,,,SRSWOR,MCCREARY KY S 178,,,,,,Y,
66960,4186,414405,,VS,179,41652,Y,S,N,U,Observer,1382,135,,,SRSWOR,HART COU KY S 179,,,,,,Y,
66961,4186,414244,,VS,18,34008,Y,NC,N,U,Observer,1054,103,,,SRSWOR,PIKE COU IN NC 18,,,,,,Y,
66962,4186,414406,,VS,180,27156,Y,S,N,U,Observer,1382,135,,,SRSWOR,SARASOTA FL S 180,,,,,,Y,
66963,4186,414407,,VS,181,46942,Y,S,N,U,Observer,1382,135,,,SRSWOR,PICKENS AL S 181,,,,,,Y,
66964,4186,414408,,VS,182,51510,Y,S,N,U,Observer,1382,135,,,SRSWOR,KING COU TX S 182,,,,,,Y,
66965,4186,414409,,VS,183,25556,Y,S,N,U,Observer,1382,135,,,SRSWOR,SALINE C AR S 183,,,,,,Y,
66966,4186,414410,,VS,184,22838,Y,S,N,U,Observer,1382,135,,,SRSWOR,CALHOUN FL S 184,,,,,,Y,
66967,4186,414411,,VS,185,44776,Y,S,N,U,Observer,1382,135,,,SRSWOR,PRESIDIO TX S 185,,,,,,Y,
66968,4186,414412,,VS,186,52134,Y,S,N,U,Observer,1382,135,,,SRSWOR,CLARK CO KY S 186,,,,,,Y,
66969,4186,414413,,VS,187,23462,Y,S,N,U,Observer,1382,135,,,SRSWOR,JASPER C SC S 187,,,,,,Y,
66970,4186,414414,,VS,188,51148,Y,S,N,U,Observer,1382,135,,,SRSWOR,OCHILTRE TX S 188,,,,,,Y,
66971,4186,414415,,VS,189,42482,Y,S,N,U,Observer,1382,135,,,SRSWOR,CALLOWAY KY S 189,,,,,,Y,
66972,4186,414245,,VS,19,23088,Y,NC,N,U,Observer,1054,103,,,SRSWOR,SHERMAN KS NC 19,,,,,,Y,
66973,4186,414416,,VS,190,47268,Y,S,N,U,Observer,1382,135,,,SRSWOR,HABERSHA GA S 190,,,,,,Y,
66974,4186,414417,,VS,191,24764,Y,S,N,U,Observer,1382,135,,,SRSWOR,COFFEE C TN S 191,,,,,,Y,
66975,4186,414418,,VS,192,52352,Y,S,N,U,Observer,1382,135,,,SRSWOR,TAYLOR C TX S 192,,,,,,Y,
66976,4186,414419,,VS,193,51744,Y,S,N,U,Observer,1382,135,,,SRSWOR,HAYWOOD NC S 193,,,,,,Y,
66977,4186,414420,,VS,194,41458,Y,S,N,U,Observer,1382,135,,,SRSWOR,BECKHAM OK S 194,,,,,,Y,
66978,4186,414421,,VS,195,47872,Y,S,N,U,Observer,1382,135,,,SRSWOR,COTTON C OK S 195,,,,,,Y,
66979,4186,414422,,VS,196,34936,Y,S,N,U,Observer,1382,135,,,SRSWOR,DALLAS C AR S 196,,,,,,Y,
66980,4186,414423,,VS,197,44616,Y,S,N,U,Observer,1382,135,,,SRSWOR,ORANGE C VA S 197,,,,,,Y,
66981,4186,414424,,VS,198,24330,Y,S,N,U,Observer,1382,135,,,SRSWOR,SMITH CO TX S 198,,,,,,Y,
66982,4186,414425,,VS,199,34102,Y,S,N,U,Observer,1382,135,,,SRSWOR,ITAWAMBA MS S 199,,,,,,Y,
66983,4186,414228,,VS,2,43412,Y,NC,N,U,Observer,1054,103,,,SRSWOR,JENNINGS IN NC 2,,,,,,Y,
66984,4186,414246,,VS,20,50348,Y,NC,N,U,Observer,1054,103,,,SRSWOR,SHERBURN MN NC 20,,,,,,Y,
66985,4186,414426,,VS,200,44534,Y,S,N,U,Observer,1382,135,,,SRSWOR,NASH COU NC S 200,,,,,,Y,
66986,4186,414427,,VS,201,50980,Y,S,N,U,Observer,1382,135,,,SRSWOR,WASHINGT TX S 201,,,,,,Y,
66987,4186,414428,,VS,202,50564,Y,S,N,U,Observer,1382,135,,,SRSWOR,WARREN C KY S 202,,,,,,Y,
66988,4186,414429,,VS,203,51932,Y,S,N,U,Observer,1382,135,,,SRSWOR,DICKENS TX S 203,,,,,,Y,
66989,4186,414430,,VS,204,51380,Y,S,N,U,Observer,1382,135,,,SRSWOR,ORANGE C NC S 204,,,,,,Y,
66990,4186,414431,,VS,205,44486,Y,S,N,U,Observer,1382,135,,,SRSWOR,HOPKINS KY S 205,,,,,,Y,
66991,4186,414432,,VS,206,42080,Y,S,N,U,Observer,1382,135,,,SRSWOR,ORANGEBU SC S 206,,,,,,Y,
66992,4186,414433,,VS,207,50698,Y,S,N,U,Observer,1382,135,,,SRSWOR,HIGHLAND VA S 207,,,,,,Y,
66993,4186,414434,,VS,208,51200,Y,S,N,U,Observer,1382,135,,,SRSWOR,CITRUS C FL S 208,,,,,,Y,
66994,4186,414435,,VS,209,33718,Y,S,N,U,Observer,1382,135,,,SRSWOR,WOLFE CO KY S 209,,,,,,Y,
66995,4186,414247,,VS,21,41920,Y,NC,N,U,Observer,1054,103,,,SRSWOR,MOULTRIE IL NC 21,,,,,,Y,
66996,4186,414436,,VS,210,33798,Y,S,N,U,Observer,1382,135,,,SRSWOR,PASQUOTA NC S 210,,,,,,Y,
66997,4186,414437,,VS,211,47206,Y,S,N,U,Observer,1382,135,,,SRSWOR,CATAWBA NC S 211,,,,,,Y,
66998,4186,414438,,VS,212,52338,Y,S,N,U,Observer,1382,135,,,SRSWOR,MONTGOME KY S 212,,,,,,Y,
66999,4186,414439,,VS,213,18958,Y,S,N,U,Observer,1382,135,,,SRSWOR,KIMBLE C TX S 213,,,,,,Y,
67000,4186,414440,,VS,214,23558,Y,S,N,U,Observer,1382,135,,,SRSWOR,TWIGGS C GA S 214,,,,,,Y,
67001,4186,414441,,VS,215,41100,Y,S,N,U,Observer,1382,135,,,SRSWOR,DAVIDSON TN S 215,,,,,,Y,
67002,4186,414442,,VS,216,24392,Y,S,N,U,Observer,1382,135,,,SRSWOR,SURRY CO VA S 216,,,,,,Y,
67003,4186,414443,,VS,217,41974,Y,S,N,U,Observer,1382,135,,,SRSWOR,WASHITA OK S 217,,,,,,Y,
67004,4186,414444,,VS,218,50308,Y,S,N,U,Observer,1382,135,,,SRSWOR,WETZEL C WV S 218,,,,,,Y,
67005,4186,414445,,VS,219,34410,Y,S,N,U,Observer,1382,135,,,SRSWOR,OKTIBBEH MS S 219,,,,,,Y,
67006,4186,414248,,VS,22,33640,Y,NC,N,U,Observer,1054,103,,,SRSWOR,VANDERBU IN NC 22,,,,,,Y,
67007,4186,414446,,VS,220,43358,Y,S,N,U,Observer,1382,135,,,SRSWOR,OVERTON TN S 220,,,,,,Y,
67008,4186,414447,,VS,221,50600,Y,S,N,U,Observer,1382,135,,,SRSWOR,SEBASTIA AR S 221,,,,,,Y,
67009,4186,414448,,VS,222,51818,Y,S,N,U,Observer,1382,135,,,SRSWOR,CHESTERF SC S 222,,,,,,Y,
67010,4186,414449,,VS,223,43706,Y,S,N,U,Observer,1382,135,,,SRSWOR,HOOD COU TX S 223,,,,,,Y,
67011,4186,414450,,VS,224,33396,Y,S,N,U,Observer,1382,135,,,SRSWOR,REAL COU TX S 224,,,,,,Y,
67012,4186,414451,,VS,225,39648,Y,S,N,U,Observer,1382,135,,,SRSWOR,LEE COUN NC S 225,,,,,,Y,
67013,4186,414452,,VS,226,50790,Y,S,N,U,Observer,1382,135,,,SRSWOR,MONROE C WV S 226,,,,,,Y,
67014,4186,414453,,VS,227,50184,Y,S,N,U,Observer,1382,135,,,SRSWOR,POCAHONT WV S 227,,,,,,Y,
67015,4186,414454,,VS,228,27816,Y,S,N,U,Observer,1382,135,,,SRSWOR,EDGECOMB NC S 228,,,,,,Y,
67016,4186,414455,,VS,229,29868,Y,S,N,U,Observer,1382,135,,,SRSWOR,NOWATA C OK S 229,,,,,,Y,
67017,4186,414249,,VS,23,45906,Y,NC,N,U,Observer,1054,103,,,SRSWOR,SAUK COU WI NC 23,,,,,,Y,
67018,4186,414456,,VS,230,51150,Y,S,N,U,Observer,1382,135,,,SRSWOR,WAYNE CO KY S 230,,,,,,Y,
67019,4186,414457,,VS,231,26476,Y,S,N,U,Observer,1382,135,,,SRSWOR,JEFFERSO TN S 231,,,,,,Y,
67020,4186,414458,,VS,232,41022,Y,S,N,U,Observer,1382,135,,,SRSWOR,JASPER C TX S 232,,,,,,Y,
67021,4186,414459,,VS,233,30570,Y,S,N,U,Observer,1382,135,,,SRSWOR,CHOCTAW MS S 233,,,,,,Y,
67022,4186,414460,,VS,234,31124,Y,S,N,U,Observer,1382,135,,,SRSWOR,COFFEE C GA S 234,,,,,,Y,
67023,4186,414461,,VS,235,51312,Y,S,N,U,Observer,1382,135,,,SRSWOR,POLK COU TX S 235,,,,,,Y,
67024,4186,414462,,VS,236,43640,Y,S,N,U,Observer,1382,135,,,SRSWOR,COLORADO TX S 236,,,,,,Y,
67025,4186,414463,,VS,237,45482,Y,S,N,U,Observer,1382,135,,,SRSWOR,WEST BAT LA S 237,,,,,,Y,
67026,4186,414464,,VS,238,29644,Y,S,N,U,Observer,1382,135,,,SRSWOR,KERR COU TX S 238,,,,,,Y,
67027,4186,414465,,VS,239,46772,Y,S,N,U,Observer,1382,135,,,SRSWOR,WASHINGT AL S 239,,,,,,Y,
67028,4186,414250,,VS,24,47050,Y,NC,N,U,Observer,1054,103,,,SRSWOR,DODGE CO MN NC 24,,,,,,Y,
67029,4186,414466,,VS,240,50940,Y,S,N,U,Observer,1382,135,,,SRSWOR,GRAHAM C NC S 240,,,,,,Y,
67030,4186,414467,,VS,241,34374,Y,S,N,U,Observer,1382,135,,,SRSWOR,CLINTON KY S 241,,,,,,Y,
67031,4186,414468,,VS,242,43702,Y,S,N,U,Observer,1382,135,,,SRSWOR,MCINTOSH GA S 242,,,,,,Y,
67032,4186,414469,,VS,243,50718,Y,S,N,U,Observer,1382,135,,,SRSWOR,TOWNS CO GA S 243,,,,,,Y,
67033,4186,414470,,VS,244,32760,Y,S,N,U,Observer,1382,135,,,SRSWOR,PULASKI GA S 244,,,,,,Y,
67034,4186,414471,,VS,245,21992,Y,S,N,U,Observer,1382,135,,,SRSWOR,LOGAN CO AR S 245,,,,,,Y,
67035,4186,414472,,VS,246,28568,Y,S,N,U,Observer,1382,135,,,SRSWOR,ANNE ARU MD S 246,,,,,,Y,
67036,4186,414473,,VS,247,44638,Y,S,N,U,Observer,1382,135,,,SRSWOR,WHEELER TX S 247,,,,,,Y,
67037,4186,414474,,VS,248,51960,Y,S,N,U,Observer,1382,135,,,SRSWOR,MONROE C AR S 248,,,,,,Y,
67038,4186,414475,,VS,249,32994,Y,S,N,U,Observer,1382,135,,,SRSWOR,BEAUFORT NC S 249,,,,,,Y,
67039,4186,414251,,VS,25,19344,Y,NC,N,U,Observer,1054,103,,,SRSWOR,EDWARDS KS NC 25,,,,,,Y,
67040,4186,414476,,VS,250,24968,Y,S,N,U,Observer,1382,135,,,SRSWOR,NORTHAMP VA S 250,,,,,,Y,
67041,4186,414477,,VS,251,18300,Y,S,N,U,Observer,1382,135,,,SRSWOR,MENARD C TX S 251,,,,,,Y,
67042,4186,414478,,VS,252,26542,Y,S,N,U,Observer,1382,135,,,SRSWOR,SAN SABA TX S 252,,,,,,Y,
67043,4186,414479,,VS,253,44440,Y,S,N,U,Observer,1382,135,,,SRSWOR,HENDERSO TX S 253,,,,,,Y,
67044,4186,414480,,VS,254,46318,Y,S,N,U,Observer,1382,135,,,SRSWOR,KENEDY C TX S 254,,,,,,Y,
67045,4186,414481,,VS,255,23782,Y,S,N,U,Observer,1382,135,,,SRSWOR,CARROLL AR S 255,,,,,,Y,
67046,4186,414482,,VS,256,52200,Y,S,N,U,Observer,1382,135,,,SRSWOR,BRAZOS C TX S 256,,,,,,Y,
67047,4186,414483,,VS,257,19514,Y,S,N,U,Observer,1382,135,,,SRSWOR,COLUMBIA AR S 257,,,,,,Y,
67048,4186,414484,,VS,258,46798,Y,S,N,U,Observer,1382,135,,,SRSWOR,GREENUP KY S 258,,,,,,Y,
67049,4186,414485,,VS,259,51062,Y,S,N,U,Observer,1382,135,,,SRSWOR,FLEMING KY S 259,,,,,,Y,
67050,4186,414252,,VS,26,50248,Y,NC,N,U,Observer,1054,103,,,SRSWOR,GREENE C IL NC 26,,,,,,Y,
67051,4186,414486,,VS,260,40846,Y,W,N,U,Observer,422,41,,,SRSWOR,CUSTER C ID W 260,,,,,,Y,
67052,4186,414487,,VS,261,51160,Y,W,N,U,Observer,422,41,,,SRSWOR,UMATILLA OR W 261,,,,,,Y,
67053,4186,414488,,VS,262,34112,Y,W,N,U,Observer,422,41,,,SRSWOR,ESMERALD NV W 262,,,,,,Y,
67054,4186,414489,,VS,263,27244,Y,W,N,U,Observer,422,41,,,SRSWOR,MAUI COU HI W 263,,,,,,Y,
67055,4186,414490,,VS,264,52284,Y,W,N,U,Observer,422,41,,,SRSWOR,MILLARD UT W 264,,,,,,Y,
67056,4186,414491,,VS,265,43800,Y,W,N,U,Observer,422,41,,,SRSWOR,DUCHESNE UT W 265,,,,,,Y,
67057,4186,414492,,VS,266,46118,Y,W,N,U,Observer,422,41,,,SRSWOR,DAWSON C MT W 266,,,,,,Y,
67058,4186,414493,,VS,267,52128,Y,W,N,U,Observer,422,41,,,SRSWOR,SHERMAN OR W 267,,,,,,Y,
67059,4186,414494,,VS,268,50938,Y,W,N,U,Observer,422,41,,,SRSWOR,HILL COU MT W 268,,,,,,Y,
67060,4186,414495,,VS,269,27530,Y,W,N,U,Observer,422,41,,,SRSWOR,POWELL C MT W 269,,,,,,Y,
67061,4186,414253,,VS,27,52332,Y,NC,N,U,Observer,1054,103,,,SRSWOR,NANCE CO NE NC 27,,,,,,Y,
67062,4186,414496,,VS,270,22546,Y,W,N,U,Observer,422,41,,,SRSWOR,COLUMBIA OR W 270,,,,,,Y,
67063,4186,414497,,VS,271,33678,Y,W,N,U,Observer,422,41,,,SRSWOR,EDDY COU NM W 271,,,,,,Y,
67064,4186,414498,,VS,272,43298,Y,W,N,U,Observer,422,41,,,SRSWOR,BENEWAH ID W 272,,,,,,Y,
67065,4186,414499,,VS,273,51316,Y,W,N,U,Observer,422,41,,,SRSWOR,KLICKITA WA W 273,,,,,,Y,
67066,4186,414500,,VS,274,43490,Y,W,N,U,Observer,422,41,,,SRSWOR,HAWAII C HI W 274,,,,,,Y,
67067,4186,414501,,VS,275,50466,Y,W,N,U,Observer,422,41,,,SRSWOR,CROOK CO WY W 275,,,,,,Y,
67068,4186,414502,,VS,276,44952,Y,W,N,U,Observer,422,41,,,SRSWOR,TOOLE CO MT W 276,,,,,,Y,
67069,4186,414503,,VS,277,32998,Y,W,N,U,Observer,422,41,,,SRSWOR,GREENLEE AZ W 277,,,,,,Y,
67070,4186,414504,,VS,278,34388,Y,W,N,U,Observer,422,41,,,SRSWOR,GRAND CO CO W 278,,,,,,Y,
67071,4186,414505,,VS,279,27742,Y,W,N,U,Observer,422,41,,,SRSWOR,UTAH COU UT W 279,,,,,,Y,
67072,4186,414254,,VS,28,51882,Y,NC,N,U,Observer,1054,103,,,SRSWOR,POLK COU IA NC 28,,,,,,Y,
67073,4186,414506,,VS,280,45804,Y,W,N,U,Observer,422,41,,,SRSWOR,POLK COU OR W 280,,,,,,Y,
67074,4186,414507,,VS,281,22456,Y,W,N,U,Observer,422,41,,,SRSWOR,BEAR LAK ID W 281,,,,,,Y,
67075,4186,414508,,VS,282,19696,Y,W,N,U,Observer,422,41,,,SRSWOR,LAS ANIM CO W 282,,,,,,Y,
67076,4186,414509,,VS,283,52350,Y,W,N,U,Observer,422,41,,,SRSWOR,MADISON MT W 283,,,,,,Y,
67077,4186,414510,,VS,284,20760,Y,W,N,U,Observer,422,41,,,SRSWOR,EAGLE CO CO W 284,,,,,,Y,
67078,4186,414511,,VS,285,52260,Y,W,N,U,Observer,422,41,,,SRSWOR,TETON CO ID W 285,,,,,,Y,
67079,4186,414512,,VS,286,50696,Y,W,N,U,Observer,422,41,,,SRSWOR,ROOSEVEL MT W 286,,,,,,Y,
67080,4186,414513,,VS,287,33944,Y,W,N,U,Observer,422,41,,,SRSWOR,CARBON C MT W 287,,,,,,Y,
67081,4186,414514,,VS,288,52274,Y,W,N,U,Observer,422,41,,,SRSWOR,KITSAP C WA W 288,,,,,,Y,
67082,4186,414515,,VS,289,51934,Y,W,N,U,Observer,422,41,,,SRSWOR,HINSDALE CO W 289,,,,,,Y,
67083,4186,414255,,VS,29,50268,Y,NC,N,U,Observer,1054,103,,,SRSWOR,MONROE C IA NC 29,,,,,,Y,
67084,4186,414516,,VS,290,47144,Y,W,N,U,Observer,422,41,,,SRSWOR,HUMBOLDT CA W 290,,,,,,Y,
67085,4186,414517,,VS,291,51732,Y,W,N,U,Observer,422,41,,,SRSWOR,SUMMIT C UT W 291,,,,,,Y,
67086,4186,414518,,VS,292,51366,Y,W,N,U,Observer,422,41,,,SRSWOR,STEVENS WA W 292,,,,,,Y,
67087,4186,414519,,VS,293,43162,Y,W,N,U,Observer,422,41,,,SRSWOR,CLARK CO WA W 293,,,,,,Y,
67088,4186,414520,,VS,294,32256,Y,W,N,U,Observer,422,41,,,SRSWOR,WAHKIAKU WA W 294,,,,,,Y,
67089,4186,414521,,VS,295,43576,Y,W,N,U,Observer,422,41,,,SRSWOR,FRANKLIN WA W 295,,,,,,Y,
67090,4186,414522,,VS,296,51840,Y,W,N,U,Observer,422,41,,,SRSWOR,LEA COUN NM W 296,,,,,,Y,
67091,4186,414523,,VS,297,25538,Y,W,N,U,Observer,422,41,,,SRSWOR,THURSTON WA W 297,,,,,,Y,
67092,4186,414524,,VS,298,43138,Y,W,N,U,Observer,422,41,,,SRSWOR,CARSON C NV W 298,,,,,,Y,
67093,4186,414525,,VS,299,51318,Y,W,N,U,Observer,422,41,,,SRSWOR,BANNOCK ID W 299,,,,,,Y,
67094,4186,414229,,VS,3,42060,Y,NC,N,U,Observer,1054,103,,,SRSWOR,WAYNE CO OH NC 3,,,,,,Y,
67095,4186,414256,,VS,30,20204,Y,NC,N,U,Observer,1054,103,,,SRSWOR,JONES CO SD NC 30,,,,,,Y,
67096,4186,414526,,VS,300,42092,Y,W,N,U,Observer,422,41,,,SRSWOR,LA PLATA CO W 300,,,,,,Y,
67097,4186,414257,,VS,31,51364,Y,NC,N,U,Observer,1054,103,,,SRSWOR,WALLACE KS NC 31,,,,,,Y,
67098,4186,414258,,VS,32,47862,Y,NC,N,U,Observer,1054,103,,,SRSWOR,ALLAMAKE IA NC 32,,,,,,Y,
67099,4186,414259,,VS,33,34554,Y,NC,N,U,Observer,1054,103,,,SRSWOR,THOMAS C KS NC 33,,,,,,Y,
67100,4186,414260,,VS,34,51626,Y,NC,N,U,Observer,1054,103,,,SRSWOR,STODDARD MO NC 34,,,,,,Y,
67101,4186,414261,,VS,35,41428,Y,NC,N,U,Observer,1054,103,,,SRSWOR,MIAMI CO IN NC 35,,,,,,Y,
67102,4186,414262,,VS,36,31426,Y,NC,N,U,Observer,1054,103,,,SRSWOR,CHEROKEE IA NC 36,,,,,,Y,
67103,4186,414263,,VS,37,46230,Y,NC,N,U,Observer,1054,103,,,SRSWOR,HETTINGE ND NC 37,,,,,,Y,
67104,4186,414264,,VS,38,50870,Y,NC,N,U,Observer,1054,103,,,SRSWOR,RIPLEY C IN NC 38,,,,,,Y,
67105,4186,414265,,VS,39,50278,Y,NC,N,U,Observer,1054,103,,,SRSWOR,SCOTT CO MO NC 39,,,,,,Y,
67106,4186,414230,,VS,4,46770,Y,NC,N,U,Observer,1054,103,,,SRSWOR,VAN BURE MI NC 4,,,,,,Y,
67107,4186,414266,,VS,40,38250,Y,NC,N,U,Observer,1054,103,,,SRSWOR,CLINTON IL NC 40,,,,,,Y,
67108,4186,414267,,VS,41,15212,Y,NC,N,U,Observer,1054,103,,,SRSWOR,MARSHALL IA NC 41,,,,,,Y,
67109,4186,414268,,VS,42,42620,Y,NC,N,U,Observer,1054,103,,,SRSWOR,SULLIVAN IN NC 42,,,,,,Y,
67110,4186,414269,,VS,43,20902,Y,NC,N,U,Observer,1054,103,,,SRSWOR,MONONA C IA NC 43,,,,,,Y,
67111,4186,414270,,VS,44,51342,Y,NC,N,U,Observer,1054,103,,,SRSWOR,JO DAVIE IL NC 44,,,,,,Y,
67112,4186,414271,,VS,45,50214,Y,NC,N,U,Observer,1054,103,,,SRSWOR,SEDGWICK KS NC 45,,,,,,Y,
67113,4186,414272,,VS,46,31238,Y,NC,N,U,Observer,1054,103,,,SRSWOR,HICKORY MO NC 46,,,,,,Y,
67114,4186,414273,,VS,47,33216,Y,NC,N,U,Observer,1054,103,,,SRSWOR,LAWRENCE SD NC 47,,,,,,Y,
67115,4186,414274,,VS,48,52644,Y,NC,N,U,Observer,1054,103,,,SRSWOR,LA SALLE IL NC 48,,,,,,Y,
67116,4186,414275,,VS,49,40420,Y,NC,N,U,Observer,1054,103,,,SRSWOR,DUNDY CO NE NC 49,,,,,,Y,
67117,4186,414231,,VS,5,50796,Y,NC,N,U,Observer,1054,103,,,SRSWOR,OZAUKEE WI NC 5,,,,,,Y,
67118,4186,414276,,VS,50,46286,Y,NC,N,U,Observer,1054,103,,,SRSWOR,MASSAC C IL NC 50,,,,,,Y,
67119,4186,414277,,VS,51,51920,Y,NC,N,U,Observer,1054,103,,,SRSWOR,ALEXANDE IL NC 51,,,,,,Y,
67120,4186,414278,,VS,52,41124,Y,NC,N,U,Observer,1054,103,,,SRSWOR,PENNINGT MN NC 52,,,,,,Y,
67121,4186,414279,,VS,53,33962,Y,NC,N,U,Observer,1054,103,,,SRSWOR,SANILAC MI NC 53,,,,,,Y,
67122,4186,414280,,VS,54,51144,Y,NC,N,U,Observer,1054,103,,,SRSWOR,MONTCALM MI NC 54,,,,,,Y,
67123,4186,414281,,VS,55,51402,Y,NC,N,U,Observer,1054,103,,,SRSWOR,WALWORTH SD NC 55,,,,,,Y,
67124,4186,414282,,VS,56,20646,Y,NC,N,U,Observer,1054,103,,,SRSWOR,ALGER CO MI NC 56,,,,,,Y,
67125,4186,414283,,VS,57,50702,Y,NC,N,U,Observer,1054,103,,,SRSWOR,DOOR COU WI NC 57,,,,,,Y,
67126,4186,414284,,VS,58,51872,Y,NC,N,U,Observer,1054,103,,,SRSWOR,WARREN C IA NC 58,,,,,,Y,
67127,4186,414285,,VS,59,46664,Y,NC,N,U,Observer,1054,103,,,SRSWOR,KNOX COU NE NC 59,,,,,,Y,
67128,4186,414232,,VS,6,43048,Y,NC,N,U,Observer,1054,103,,,SRSWOR,CLEARWAT MN NC 6,,,,,,Y,
67129,4186,414286,,VS,60,20076,Y,NC,N,U,Observer,1054,103,,,SRSWOR,BARRY CO MI NC 60,,,,,,Y,
67130,4186,414287,,VS,61,52360,Y,NC,N,U,Observer,1054,103,,,SRSWOR,DOUGLAS IL NC 61,,,,,,Y,
67131,4186,414288,,VS,62,46362,Y,NC,N,U,Observer,1054,103,,,SRSWOR,JEFFERSO WI NC 62,,,,,,Y,
67132,4186,414289,,VS,63,50552,Y,NC,N,U,Observer,1054,103,,,SRSWOR,MINNEHAH SD NC 63,,,,,,Y,
67133,4186,414290,,VS,64,52098,Y,NC,N,U,Observer,1054,103,,,SRSWOR,WOOD COU WI NC 64,,,,,,Y,
67134,4186,414291,,VS,65,40470,Y,NC,N,U,Observer,1054,103,,,SRSWOR,WAUPACA WI NC 65,,,,,,Y,
67135,4186,414292,,VS,66,22260,Y,NC,N,U,Observer,1054,103,,,SRSWOR,GRUNDY C MO NC 66,,,,,,Y,
67136,4186,414293,,VS,67,52368,Y,NC,N,U,Observer,1054,103,,,SRSWOR,LOUISA C IA NC 67,,,,,,Y,
67137,4186,414294,,VS,68,44578,Y,NC,N,U,Observer,1054,103,,,SRSWOR,GRAY COU KS NC 68,,,,,,Y,
67138,4186,414295,,VS,69,42616,Y,NC,N,U,Observer,1054,103,,,SRSWOR,HALL COU NE NC 69,,,,,,Y,
67139,4186,414233,,VS,7,50708,Y,NC,N,U,Observer,1054,103,,,SRSWOR,POTTER C SD NC 7,,,,,,Y,
67140,4186,414296,,VS,70,43656,Y,NC,N,U,Observer,1054,103,,,SRSWOR,STONE CO MO NC 70,,,,,,Y,
67141,4186,414297,,VS,71,51276,Y,NC,N,U,Observer,1054,103,,,SRSWOR,BOLLINGE MO NC 71,,,,,,Y,
67142,4186,414298,,VS,72,20580,Y,NC,N,U,Observer,1054,103,,,SRSWOR,SHELBY C IL NC 72,,,,,,Y,
67143,4186,414299,,VS,73,46066,Y,NC,N,U,Observer,1054,103,,,SRSWOR,FAIRFIEL OH NC 73,,,,,,Y,
67144,4186,414300,,VS,74,43830,Y,NC,N,U,Observer,1054,103,,,SRSWOR,DODGE CO NE NC 74,,,,,,Y,
67145,4186,414301,,VS,75,44600,Y,NC,N,U,Observer,1054,103,,,SRSWOR,TRIPP CO SD NC 75,,,,,,Y,
67146,4186,414302,,VS,76,38744,Y,NC,N,U,Observer,1054,103,,,SRSWOR,WAYNE CO IN NC 76,,,,,,Y,
67147,4186,414303,,VS,77,24994,Y,NC,N,U,Observer,1054,103,,,SRSWOR,EFFINGHA IL NC 77,,,,,,Y,
67148,4186,414304,,VS,78,52316,Y,NC,N,U,Observer,1054,103,,,SRSWOR,ATCHISON MO NC 78,,,,,,Y,
67149,4186,414305,,VS,79,46930,Y,NC,N,U,Observer,1054,103,,,SRSWOR,WASECA C MN NC 79,,,,,,Y,
67150,4186,414234,,VS,8,50654,Y,NC,N,U,Observer,1054,103,,,SRSWOR,HARDIN C IA NC 8,,,,,,Y,
67151,4186,414306,,VS,80,50648,Y,NC,N,U,Observer,1054,103,,,SRSWOR,CALHOUN MI NC 80,,,,,,Y,
67152,4186,414307,,VS,81,29824,Y,NC,N,U,Observer,1054,103,,,SRSWOR,CODINGTO SD NC 81,,,,,,Y,
67153,4186,414308,,VS,82,40866,Y,NC,N,U,Observer,1054,103,,,SRSWOR,WATONWAN MN NC 82,,,,,,Y,
67154,4186,414309,,VS,83,52002,Y,NC,N,U,Observer,1054,103,,,SRSWOR,ELKHART IN NC 83,,,,,,Y,
67155,4186,414310,,VS,84,15672,Y,NC,N,U,Observer,1054,103,,,SRSWOR,ROCK COU WI NC 84,,,,,,Y,
67156,4186,414311,,VS,85,51740,Y,NC,N,U,Observer,1054,103,,,SRSWOR,NEMAHA C NE NC 85,,,,,,Y,
67157,4186,414312,,VS,86,41966,Y,NC,N,U,Observer,1054,103,,,SRSWOR,LINN COU IA NC 86,,,,,,Y,
67158,4186,414313,,VS,87,34544,Y,NC,N,U,Observer,1054,103,,,SRSWOR,THAYER C NE NC 87,,,,,,Y,
67159,4186,414314,,VS,88,43536,Y,NC,N,U,Observer,1054,103,,,SRSWOR,SALINE C NE NC 88,,,,,,Y,
67160,4186,414315,,VS,89,31036,Y,NC,N,U,Observer,1054,103,,,SRSWOR,THURSTON NE NC 89,,,,,,Y,
67161,4186,414235,,VS,9,51104,Y,NC,N,U,Observer,1054,103,,,SRSWOR,VERNON C MO NC 9,,,,,,Y,
67162,4186,414316,,VS,90,50714,Y,NC,N,U,Observer,1054,103,,,SRSWOR,HENDERSO IL NC 90,,,,,,Y,
67163,4186,414317,,VS,91,27462,Y,NC,N,U,Observer,1054,103,,,SRSWOR,DEARBORN IN NC 91,,,,,,Y,
67164,4186,414318,,VS,92,19462,Y,NC,N,U,Observer,1054,103,,,SRSWOR,EMMONS C ND NC 92,,,,,,Y,
67165,4186,414319,,VS,93,39520,Y,NC,N,U,Observer,1054,103,,,SRSWOR,REPUBLIC KS NC 93,,,,,,Y,
67166,4186,414320,,VS,94,25202,Y,NC,N,U,Observer,1054,103,,,SRSWOR,ISANTI C MN NC 94,,,,,,Y,
67167,4186,414321,,VS,95,52130,Y,NC,N,U,Observer,1054,103,,,SRSWOR,WARREN C OH NC 95,,,,,,Y,
67168,4186,414322,,VS,96,52318,Y,NC,N,U,Observer,1054,103,,,SRSWOR,WORTH CO MO NC 96,,,,,,Y,
67169,4186,414323,,VS,97,44524,Y,NC,N,U,Observer,1054,103,,,SRSWOR,POTTAWAT KS NC 97,,,,,,Y,
67170,4186,414324,,VS,98,45260,Y,NC,N,U,Observer,1054,103,,,SRSWOR,VINTON C OH NC 98,,,,,,Y,
67171,4186,414325,,VS,99,32464,Y,NC,N,U,Observer,1054,103,,,SRSWOR,BROWN CO MN NC 99,,,,,,Y,
